rank,ocid,releaseId,sourceUrl,publishedAt,title,trade,cpvCodes,cpvEvidence,location,postcodeOutward,localityResolution,localityEvidence,localMatch,score,scoringPolicyVersion,scoreReasons,scoreFactors,decision,label,labelReason
"1","ocds-h6vhtk-06c814","064959-2026","https://api.publiccontractsscotland.gov.uk/v1/Notice?id=ocds-r6ebe6-0000837102","2026-07-10T08:52:58+01:00","LIFT SERVICE, ROUTINE MAINTENANCE & RESPONSIVE REPAIRS 2026-2029","building","[""50750000""]","[{""path"":""releases[0].tender.classification.id"",""value"":""50750000"",""kind"":""cpv""}]","Scotland","UK","delivery_nuts","[{""path"":""releases[0].tender.items[0].deliveryAddresses[0].region"",""value"":""UKM75"",""kind"":""delivery_nuts""}]","true","100","2026-07-22.v1","[""Source confidence 88% (+18)"",""Source class FTS (+7)"",""Medium urgency (+12)"",""Proximity fit 80% (+24)"",""Strong contact signal (+15)"",""Low-risk actionable contact path (+5)"",""Small job value (+5)"",""High intent keywords: emergency, repair (+10)"",""Data completeness (+10)"",""Commercial project (+3)"",""Stale lead 13d old (-8)""]","[{""reason"":""Source confidence 88% (+18)"",""provenance"":""source""},{""reason"":""Source class FTS (+7)"",""provenance"":""source""},{""reason"":""Medium urgency (+12)"",""provenance"":""derived""},{""reason"":""Proximity fit 80% (+24)"",""provenance"":""derived""},{""reason"":""Strong contact signal (+15)"",""provenance"":""derived""},{""reason"":""Low-risk actionable contact path (+5)"",""provenance"":""derived""},{""reason"":""Small job value (+5)"",""provenance"":""derived""},{""reason"":""High intent keywords: emergency, repair (+10)"",""provenance"":""derived""},{""reason"":""Data completeness (+10)"",""provenance"":""derived""},{""reason"":""Commercial project (+3)"",""provenance"":""derived""},{""reason"":""Stale lead 13d old (-8)"",""provenance"":""derived""}]","BID","true","Synthetic label for benchmark pipeline validation"
"2","ocds-h6vhtk-06c9f2","065796-2026","https://api.publiccontractsscotland.gov.uk/v1/Notice?id=ocds-r6ebe6-0000837189","2026-07-13T16:58:54+01:00","Maryhill Housing Association - Oran Place Heating & Water Upgrades","plumbing","[""50000000"",""39715200"",""39715000"",""45330000"",""45332200"",""31210000"",""45310000"",""45311100"",""50532000"",""42160000"",""42161000"",""44621200"",""44621000"",""50531100"",""44621221"",""39715210"",""42131110"",""44600000"",""44621220"",""50720000""]","[{""path"":""releases[0].tender.classification.id"",""value"":""50000000"",""kind"":""cpv""},{""path"":""releases[0].tender.items[0].additionalClassifications[0].id"",""value"":""39715200"",""kind"":""cpv""},{""path"":""releases[0].tender.items[0].additionalClassifications[1].id"",""value"":""39715000"",""kind"":""cpv""},{""path"":""releases[0].tender.items[0].additionalClassifications[2].id"",""value"":""45330000"",""kind"":""cpv""},{""path"":""releases[0].tender.items[0].additionalClassifications[3].id"",""value"":""45332200"",""kind"":""cpv""},{""path"":""releases[0].tender.items[0].additionalClassifications[4].id"",""value"":""31210000"",""kind"":""cpv""},{""path"":""releases[0].tender.items[0].additionalClassifications[5].id"",""value"":""45310000"",""kind"":""cpv""},{""path"":""releases[0].tender.items[0].additionalClassifications[6].id"",""value"":""45311100"",""kind"":""cpv""},{""path"":""releases[0].tender.items[0].additionalClassifications[7].id"",""value"":""50532000"",""kind"":""cpv""},{""path"":""releases[0].tender.items[0].additionalClassifications[8].id"",""value"":""42160000"",""kind"":""cpv""},{""path"":""releases[0].tender.items[0].additionalClassifications[9].id"",""value"":""42161000"",""kind"":""cpv""},{""path"":""releases[0].tender.items[0].additionalClassifications[10].id"",""value"":""44621200"",""kind"":""cpv""},{""path"":""releases[0].tender.items[0].additionalClassifications[11].id"",""value"":""44621000"",""kind"":""cpv""},{""path"":""releases[0].tender.items[0].additionalClassifications[12].id"",""value"":""50531100"",""kind"":""cpv""},{""path"":""releases[0].tender.items[0].additionalClassifications[13].id"",""value"":""44621221"",""kind"":""cpv""},{""path"":""releases[0].tender.items[0].additionalClassifications[14].id"",""value"":""39715210"",""kind"":""cpv""},{""path"":""releases[0].tender.items[0].additionalClassifications[15].id"",""value"":""42131110"",""kind"":""cpv""},{""path"":""releases[0].tender.items[0].additionalClassifications[16].id"",""value"":""44600000"",""kind"":""cpv""},{""path"":""releases[0].tender.items[0].additionalClassifications[17].id"",""value"":""44621220"",""kind"":""cpv""},{""path"":""releases[0].tender.items[0].additionalClassifications[18].id"",""value"":""50720000"",""kind"":""cpv""}]","Scotland","UK","delivery_nuts","[{""path"":""releases[0].tender.items[0].deliveryAddresses[0].region"",""value"":""UKM82"",""kind"":""delivery_nuts""}]","true","100","2026-07-22.v1","[""Source confidence 88% (+18)"",""Source class FTS (+7)"",""Medium urgency (+12)"",""Proximity fit 80% (+24)"",""Strong contact signal (+15)"",""Low-risk actionable contact path (+5)"",""Estimated value in pay-worthy range (+25)"",""Data completeness (+10)"",""Commercial project (+3)"",""Stale lead 9d old (-3)""]","[{""reason"":""Source confidence 88% (+18)"",""provenance"":""source""},{""reason"":""Source class FTS (+7)"",""provenance"":""source""},{""reason"":""Medium urgency (+12)"",""provenance"":""derived""},{""reason"":""Proximity fit 80% (+24)"",""provenance"":""derived""},{""reason"":""Strong contact signal (+15)"",""provenance"":""derived""},{""reason"":""Low-risk actionable contact path (+5)"",""provenance"":""derived""},{""reason"":""Estimated value in pay-worthy range (+25)"",""provenance"":""derived""},{""reason"":""Data completeness (+10)"",""provenance"":""derived""},{""reason"":""Commercial project (+3)"",""provenance"":""derived""},{""reason"":""Stale lead 9d old (-3)"",""provenance"":""derived""}]","BID","true","Synthetic label for benchmark pipeline validation"
"3","ocds-h6vhtk-06cb58","066443-2026","https://api.publiccontractsscotland.gov.uk/v1/Notice?id=ocds-r6ebe6-0000836292","2026-07-14T16:33:58+01:00","PROC 25 - 3260 Provision of Radio Masts Portfolio Marketing & Management and Maintenance services","all","[""64200000"",""32250000"",""44212261"",""44212250"",""32522000""]","[{""path"":""releases[0].tender.classification.id"",""value"":""64200000"",""kind"":""cpv""},{""path"":""releases[0].tender.items[0].additionalClassifications[0].id"",""value"":""32250000"",""kind"":""cpv""},{""path"":""releases[0].tender.items[0].additionalClassifications[1].id"",""value"":""44212261"",""kind"":""cpv""},{""path"":""releases[0].tender.items[0].additionalClassifications[2].id"",""value"":""44212250"",""kind"":""cpv""},{""path"":""releases[0].tender.items[0].additionalClassifications[3].id"",""value"":""32522000"",""kind"":""cpv""}]","Scotland","UK","delivery_nuts","[{""path"":""releases[0].tender.items[0].deliveryAddresses[0].region"",""value"":""UKM"",""kind"":""delivery_nuts""}]","true","100","2026-07-22.v1","[""Source confidence 88% (+18)"",""Source class FTS (+7)"",""Urgent timeline (+20)"",""Proximity fit 80% (+24)"",""Strong contact signal (+15)"",""Low-risk actionable contact path (+5)"",""Small job value (+5)"",""Data completeness (+10)"",""Stale lead 8d old (-2)""]","[{""reason"":""Source confidence 88% (+18)"",""provenance"":""source""},{""reason"":""Source class FTS (+7)"",""provenance"":""source""},{""reason"":""Urgent timeline (+20)"",""provenance"":""derived""},{""reason"":""Proximity fit 80% (+24)"",""provenance"":""derived""},{""reason"":""Strong contact signal (+15)"",""provenance"":""derived""},{""reason"":""Low-risk actionable contact path (+5)"",""provenance"":""derived""},{""reason"":""Small job value (+5)"",""provenance"":""derived""},{""reason"":""Data completeness (+10)"",""provenance"":""derived""},{""reason"":""Stale lead 8d old (-2)"",""provenance"":""derived""}]","BID","true","Synthetic label for benchmark pipeline validation"
"4","ocds-h6vhtk-06cd80","067566-2026","https://api.publiccontractsscotland.gov.uk/v1/Notice?id=ocds-r6ebe6-0000837725","2026-07-17T10:28:26+01:00","C002022 Provision of a virtual platform to support the Public Services Delivery Scotland annual conference","all","[""55120000""]","[{""path"":""releases[0].tender.classification.id"",""value"":""55120000"",""kind"":""cpv""},{""path"":""releases[0].tender.items[0].additionalClassifications[0].id"",""value"":""55120000"",""kind"":""cpv""}]","Scotland","UK","delivery_nuts","[{""path"":""releases[0].tender.items[0].deliveryAddresses[0].region"",""value"":""UKM"",""kind"":""delivery_nuts""}]","true","100","2026-07-22.v1","[""Source confidence 88% (+18)"",""Source class FTS (+7)"",""Urgent timeline (+20)"",""Proximity fit 80% (+24)"",""Strong contact signal (+15)"",""Low-risk actionable contact path (+5)"",""Estimated value in pay-worthy range (+25)"",""Data completeness (+10)"",""Lead 5d old — still fresh (+0)""]","[{""reason"":""Source confidence 88% (+18)"",""provenance"":""source""},{""reason"":""Source class FTS (+7)"",""provenance"":""source""},{""reason"":""Urgent timeline (+20)"",""provenance"":""derived""},{""reason"":""Proximity fit 80% (+24)"",""provenance"":""derived""},{""reason"":""Strong contact signal (+15)"",""provenance"":""derived""},{""reason"":""Low-risk actionable contact path (+5)"",""provenance"":""derived""},{""reason"":""Estimated value in pay-worthy range (+25)"",""provenance"":""derived""},{""reason"":""Data completeness (+10)"",""provenance"":""derived""},{""reason"":""Lead 5d old — still fresh (+0)"",""provenance"":""derived""}]","BID","true","Synthetic label for benchmark pipeline validation"
"5","ocds-h6vhtk-06c9ea","065783-2026","https://api.publiccontractsscotland.gov.uk/v1/Notice?id=ocds-r6ebe6-0000837268","2026-07-13T16:32:36+01:00","Dynamic Purchasing System for Repairs and Maintenance 2026 - 31(36)","plumbing","[""45211000"",""45111240"",""45232451"",""45232452"",""45200000"",""44600000"",""44620000"",""44621200"",""44621000"",""42164000"",""39715000"",""39715200"",""45315100"",""50410000"",""45310000"",""45311000"",""45311100"",""45311200"",""45315000"",""45317000"",""50710000"",""50711000"",""51112000"",""71314100"",""45421100"",""45421130"",""45421132"",""45421112"",""45262000"",""45262600"",""45211340"",""71315000"",""45330000"",""45421000"",""45420000"",""45410000"",""45451000"",""45442100"",""45260000"",""45261410"",""45261900"",""45432210"",""45321000"",""45262650"",""45442180"",""45442120"",""71550000"",""45343000"",""45343100"",""51700000"",""45246400"",""45246410"",""45453100"",""45232130"",""45442300"",""90731300"",""45233228"",""45262370"",""90731400"",""34928470"",""45340000"",""45342000"",""45452000"",""90910000"",""90900000"",""90911000"",""90911100"",""90919200""]","[{""path"":""releases[0].tender.classification.id"",""value"":""45211000"",""kind"":""cpv""},{""path"":""releases[0].tender.items[0].additionalClassifications[0].id"",""value"":""45111240"",""kind"":""cpv""},{""path"":""releases[0].tender.items[0].additionalClassifications[1].id"",""value"":""45232451"",""kind"":""cpv""},{""path"":""releases[0].tender.items[0].additionalClassifications[2].id"",""value"":""45232452"",""kind"":""cpv""},{""path"":""releases[0].tender.items[0].additionalClassifications[3].id"",""value"":""45200000"",""kind"":""cpv""},{""path"":""releases[0].tender.items[1].additionalClassifications[0].id"",""value"":""44600000"",""kind"":""cpv""},{""path"":""releases[0].tender.items[1].additionalClassifications[1].id"",""value"":""44620000"",""kind"":""cpv""},{""path"":""releases[0].tender.items[1].additionalClassifications[2].id"",""value"":""44621200"",""kind"":""cpv""},{""path"":""releases[0].tender.items[1].additionalClassifications[3].id"",""value"":""44621000"",""kind"":""cpv""},{""path"":""releases[0].tender.items[1].additionalClassifications[4].id"",""value"":""42164000"",""kind"":""cpv""},{""path"":""releases[0].tender.items[1].additionalClassifications[5].id"",""value"":""39715000"",""kind"":""cpv""},{""path"":""releases[0].tender.items[1].additionalClassifications[6].id"",""value"":""39715200"",""kind"":""cpv""},{""path"":""releases[0].tender.items[2].additionalClassifications[0].id"",""value"":""45315100"",""kind"":""cpv""},{""path"":""releases[0].tender.items[2].additionalClassifications[1].id"",""value"":""50410000"",""kind"":""cpv""},{""path"":""releases[0].tender.items[2].additionalClassifications[2].id"",""value"":""45310000"",""kind"":""cpv""},{""path"":""releases[0].tender.items[2].additionalClassifications[3].id"",""value"":""45311000"",""kind"":""cpv""},{""path"":""releases[0].tender.items[2].additionalClassifications[4].id"",""value"":""45311100"",""kind"":""cpv""},{""path"":""releases[0].tender.items[2].additionalClassifications[5].id"",""value"":""45311200"",""kind"":""cpv""},{""path"":""releases[0].tender.items[2].additionalClassifications[6].id"",""value"":""45315000"",""kind"":""cpv""},{""path"":""releases[0].tender.items[2].additionalClassifications[7].id"",""value"":""45317000"",""kind"":""cpv""},{""path"":""releases[0].tender.items[2].additionalClassifications[8].id"",""value"":""50710000"",""kind"":""cpv""},{""path"":""releases[0].tender.items[2].additionalClassifications[9].id"",""value"":""50711000"",""kind"":""cpv""},{""path"":""releases[0].tender.items[2].additionalClassifications[10].id"",""value"":""51112000"",""kind"":""cpv""},{""path"":""releases[0].tender.items[2].additionalClassifications[11].id"",""value"":""71314100"",""kind"":""cpv""},{""path"":""releases[0].tender.items[3].additionalClassifications[0].id"",""value"":""45421100"",""kind"":""cpv""},{""path"":""releases[0].tender.items[3].additionalClassifications[1].id"",""value"":""45421130"",""kind"":""cpv""},{""path"":""releases[0].tender.items[3].additionalClassifications[2].id"",""value"":""45421132"",""kind"":""cpv""},{""path"":""releases[0].tender.items[3].additionalClassifications[3].id"",""value"":""45421112"",""kind"":""cpv""},{""path"":""releases[0].tender.items[4].additionalClassifications[0].id"",""value"":""45262000"",""kind"":""cpv""},{""path"":""releases[0].tender.items[4].additionalClassifications[1].id"",""value"":""45262600"",""kind"":""cpv""},{""path"":""releases[0].tender.items[4].additionalClassifications[2].id"",""value"":""45211340"",""kind"":""cpv""},{""path"":""releases[0].tender.items[4].additionalClassifications[3].id"",""value"":""71315000"",""kind"":""cpv""},{""path"":""releases[0].tender.items[4].additionalClassifications[4].id"",""value"":""45330000"",""kind"":""cpv""},{""path"":""releases[0].tender.items[4].additionalClassifications[5].id"",""value"":""45421000"",""kind"":""cpv""},{""path"":""releases[0].tender.items[4].additionalClassifications[6].id"",""value"":""45420000"",""kind"":""cpv""},{""path"":""releases[0].tender.items[4].additionalClassifications[7].id"",""value"":""71314100"",""kind"":""cpv""},{""path"":""releases[0].tender.items[4].additionalClassifications[8].id"",""value"":""45410000"",""kind"":""cpv""},{""path"":""releases[0].tender.items[4].additionalClassifications[9].id"",""value"":""45451000"",""kind"":""cpv""},{""path"":""releases[0].tender.items[4].additionalClassifications[10].id"",""value"":""45442100"",""kind"":""cpv""},{""path"":""releases[0].tender.items[5].additionalClassifications[0].id"",""value"":""45260000"",""kind"":""cpv""},{""path"":""releases[0].tender.items[5].additionalClassifications[1].id"",""value"":""45261410"",""kind"":""cpv""},{""path"":""releases[0].tender.items[5].additionalClassifications[2].id"",""value"":""45261900"",""kind"":""cpv""},{""path"":""releases[0].tender.items[5].additionalClassifications[3].id"",""value"":""45432210"",""kind"":""cpv""},{""path"":""releases[0].tender.items[5].additionalClassifications[4].id"",""value"":""45321000"",""kind"":""cpv""},{""path"":""releases[0].tender.items[5].additionalClassifications[5].id"",""value"":""45262650"",""kind"":""cpv""},{""path"":""releases[0].tender.items[6].additionalClassifications[0].id"",""value"":""45410000"",""kind"":""cpv""},{""path"":""releases[0].tender.items[6].additionalClassifications[1].id"",""value"":""45442100"",""kind"":""cpv""},{""path"":""releases[0].tender.items[6].additionalClassifications[2].id"",""value"":""45442180"",""kind"":""cpv""},{""path"":""releases[0].tender.items[6].additionalClassifications[3].id"",""value"":""45442120"",""kind"":""cpv""},{""path"":""releases[0].tender.items[7].additionalClassifications[0].id"",""value"":""71550000"",""kind"":""cpv""},{""path"":""releases[0].tender.items[8].additionalClassifications[0].id"",""value"":""45343000"",""kind"":""cpv""},{""path"":""releases[0].tender.items[8].additionalClassifications[1].id"",""value"":""45343100"",""kind"":""cpv""},{""path"":""releases[0].tender.items[8].additionalClassifications[2].id"",""value"":""51700000"",""kind"":""cpv""},{""path"":""releases[0].tender.items[8].additionalClassifications[3].id"",""value"":""45246400"",""kind"":""cpv""},{""path"":""releases[0].tender.items[8].additionalClassifications[4].id"",""value"":""45246410"",""kind"":""cpv""},{""path"":""releases[0].tender.items[8].additionalClassifications[5].id"",""value"":""45453100"",""kind"":""cpv""},{""path"":""releases[0].tender.items[8].additionalClassifications[6].id"",""value"":""45232130"",""kind"":""cpv""},{""path"":""releases[0].tender.items[9].additionalClassifications[0].id"",""value"":""45442300"",""kind"":""cpv""},{""path"":""releases[0].tender.items[9].additionalClassifications[1].id"",""value"":""90731300"",""kind"":""cpv""},{""path"":""releases[0].tender.items[9].additionalClassifications[2].id"",""value"":""45233228"",""kind"":""cpv""},{""path"":""releases[0].tender.items[9].additionalClassifications[3].id"",""value"":""45262370"",""kind"":""cpv""},{""path"":""releases[0].tender.items[9].additionalClassifications[4].id"",""value"":""45442120"",""kind"":""cpv""},{""path"":""releases[0].tender.items[9].additionalClassifications[5].id"",""value"":""90731400"",""kind"":""cpv""},{""path"":""releases[0].tender.items[9].additionalClassifications[6].id"",""value"":""45262000"",""kind"":""cpv""},{""path"":""releases[0].tender.items[10].additionalClassifications[0].id"",""value"":""34928470"",""kind"":""cpv""},{""path"":""releases[0].tender.items[11].additionalClassifications[0].id"",""value"":""45340000"",""kind"":""cpv""},{""path"":""releases[0].tender.items[11].additionalClassifications[1].id"",""value"":""45342000"",""kind"":""cpv""},{""path"":""releases[0].tender.items[12].additionalClassifications[0].id"",""value"":""45452000"",""kind"":""cpv""},{""path"":""releases[0].tender.items[12].additionalClassifications[1].id"",""value"":""90910000"",""kind"":""cpv""},{""path"":""releases[0].tender.items[12].additionalClassifications[2].id"",""value"":""90900000"",""kind"":""cpv""},{""path"":""releases[0].tender.items[12].additionalClassifications[3].id"",""value"":""90911000"",""kind"":""cpv""},{""path"":""releases[0].tender.items[12].additionalClassifications[4].id"",""value"":""90911100"",""kind"":""cpv""},{""path"":""releases[0].tender.items[12].additionalClassifications[5].id"",""value"":""90919200"",""kind"":""cpv""}]","Scotland","UK","delivery_nuts","[{""path"":""releases[0].tender.items[0].deliveryAddresses[0].region"",""value"":""UKM"",""kind"":""delivery_nuts""},{""path"":""releases[0].tender.items[1].deliveryAddresses[0].region"",""value"":""UKM"",""kind"":""delivery_nuts""},{""path"":""releases[0].tender.items[2].deliveryAddresses[0].region"",""value"":""UKM"",""kind"":""delivery_nuts""},{""path"":""releases[0].tender.items[3].deliveryAddresses[0].region"",""value"":""UKM"",""kind"":""delivery_nuts""},{""path"":""releases[0].tender.items[4].deliveryAddresses[0].region"",""value"":""UKM"",""kind"":""delivery_nuts""},{""path"":""releases[0].tender.items[5].deliveryAddresses[0].region"",""value"":""UKM"",""kind"":""delivery_nuts""},{""path"":""releases[0].tender.items[6].deliveryAddresses[0].region"",""value"":""UKM"",""kind"":""delivery_nuts""},{""path"":""releases[0].tender.items[7].deliveryAddresses[0].region"",""value"":""UKM"",""kind"":""delivery_nuts""},{""path"":""releases[0].tender.items[8].deliveryAddresses[0].region"",""value"":""UKM"",""kind"":""delivery_nuts""},{""path"":""releases[0].tender.items[9].deliveryAddresses[0].region"",""value"":""UKM"",""kind"":""delivery_nuts""},{""path"":""releases[0].tender.items[10].deliveryAddresses[0].region"",""value"":""UKM"",""kind"":""delivery_nuts""},{""path"":""releases[0].tender.items[11].deliveryAddresses[0].region"",""value"":""UKM"",""kind"":""delivery_nuts""},{""path"":""releases[0].tender.items[12].deliveryAddresses[0].region"",""value"":""UKM"",""kind"":""delivery_nuts""}]","true","98","2026-07-22.v1","[""Source confidence 88% (+18)"",""Source class FTS (+7)"",""Medium urgency (+12)"",""Proximity fit 80% (+24)"",""Strong contact signal (+15)"",""Low-risk actionable contact path (+5)"",""Small job value (+5)"",""High intent keywords: repair (+5)"",""Data completeness (+10)"",""Stale lead 9d old (-3)""]","[{""reason"":""Source confidence 88% (+18)"",""provenance"":""source""},{""reason"":""Source class FTS (+7)"",""provenance"":""source""},{""reason"":""Medium urgency (+12)"",""provenance"":""derived""},{""reason"":""Proximity fit 80% (+24)"",""provenance"":""derived""},{""reason"":""Strong contact signal (+15)"",""provenance"":""derived""},{""reason"":""Low-risk actionable contact path (+5)"",""provenance"":""derived""},{""reason"":""Small job value (+5)"",""provenance"":""derived""},{""reason"":""High intent keywords: repair (+5)"",""provenance"":""derived""},{""reason"":""Data completeness (+10)"",""provenance"":""derived""},{""reason"":""Stale lead 9d old (-3)"",""provenance"":""derived""}]","BID","true","Synthetic label for benchmark pipeline validation"
"6","ocds-h6vhtk-06c825","064989-2026","https://api.publiccontractsscotland.gov.uk/v1/Notice?id=ocds-r6ebe6-0000824530","2026-07-10T09:50:34+01:00","FLS - 1730 Bridge Inspections","building","[""71631450"",""71630000"",""71312000"",""71313400""]","[{""path"":""releases[0].tender.classification.id"",""value"":""71631450"",""kind"":""cpv""},{""path"":""releases[0].tender.items[0].additionalClassifications[0].id"",""value"":""71631450"",""kind"":""cpv""},{""path"":""releases[0].tender.items[0].additionalClassifications[1].id"",""value"":""71630000"",""kind"":""cpv""},{""path"":""releases[0].tender.items[0].additionalClassifications[2].id"",""value"":""71312000"",""kind"":""cpv""},{""path"":""releases[0].tender.items[0].additionalClassifications[3].id"",""value"":""71313400"",""kind"":""cpv""},{""path"":""releases[0].tender.items[1].additionalClassifications[0].id"",""value"":""71312000"",""kind"":""cpv""},{""path"":""releases[0].tender.items[1].additionalClassifications[1].id"",""value"":""71630000"",""kind"":""cpv""},{""path"":""releases[0].tender.items[1].additionalClassifications[2].id"",""value"":""71631450"",""kind"":""cpv""},{""path"":""releases[0].tender.items[1].additionalClassifications[3].id"",""value"":""71313400"",""kind"":""cpv""},{""path"":""releases[0].tender.items[2].additionalClassifications[0].id"",""value"":""71630000"",""kind"":""cpv""},{""path"":""releases[0].tender.items[2].additionalClassifications[1].id"",""value"":""71312000"",""kind"":""cpv""},{""path"":""releases[0].tender.items[2].additionalClassifications[2].id"",""value"":""71631450"",""kind"":""cpv""},{""path"":""releases[0].tender.items[2].additionalClassifications[3].id"",""value"":""71313400"",""kind"":""cpv""},{""path"":""releases[0].tender.items[3].additionalClassifications[0].id"",""value"":""71630000"",""kind"":""cpv""},{""path"":""releases[0].tender.items[3].additionalClassifications[1].id"",""value"":""71313400"",""kind"":""cpv""},{""path"":""releases[0].tender.items[3].additionalClassifications[2].id"",""value"":""71631450"",""kind"":""cpv""},{""path"":""releases[0].tender.items[3].additionalClassifications[3].id"",""value"":""71312000"",""kind"":""cpv""},{""path"":""releases[0].tender.items[4].additionalClassifications[0].id"",""value"":""71630000"",""kind"":""cpv""},{""path"":""releases[0].tender.items[4].additionalClassifications[1].id"",""value"":""71631450"",""kind"":""cpv""},{""path"":""releases[0].tender.items[4].additionalClassifications[2].id"",""value"":""71312000"",""kind"":""cpv""},{""path"":""releases[0].tender.items[4].additionalClassifications[3].id"",""value"":""71313400"",""kind"":""cpv""},{""path"":""releases[0].tender.items[5].additionalClassifications[0].id"",""value"":""71313400"",""kind"":""cpv""},{""path"":""releases[0].tender.items[5].additionalClassifications[1].id"",""value"":""71630000"",""kind"":""cpv""},{""path"":""releases[0].tender.items[5].additionalClassifications[2].id"",""value"":""71312000"",""kind"":""cpv""},{""path"":""releases[0].tender.items[5].additionalClassifications[3].id"",""value"":""71631450"",""kind"":""cpv""}]","UKM; Covering all of Scotland; UKM5; All North of Scotland; UKM7; All of the East of Scotland; UKM8; All of the West of Scotland; All of Central Scotland; UKM9; Across all of the South of Scotland.","UK","delivery_nuts","[{""path"":""releases[0].tender.items[0].deliveryAddresses[0].region"",""value"":""UKM"",""kind"":""delivery_nuts""},{""path"":""releases[0].tender.items[0].deliveryLocation[0].description"",""value"":""Covering all of Scotland"",""kind"":""delivery_locality""},{""path"":""releases[0].tender.items[1].deliveryAddresses[0].region"",""value"":""UKM5"",""kind"":""delivery_nuts""},{""path"":""releases[0].tender.items[1].deliveryLocation[0].description"",""value"":""All North of Scotland"",""kind"":""delivery_locality""},{""path"":""releases[0].tender.items[2].deliveryAddresses[0].region"",""value"":""UKM7"",""kind"":""delivery_nuts""},{""path"":""releases[0].tender.items[2].deliveryLocation[0].description"",""value"":""All of the East of Scotland"",""kind"":""delivery_locality""},{""path"":""releases[0].tender.items[3].deliveryAddresses[0].region"",""value"":""UKM8"",""kind"":""delivery_nuts""},{""path"":""releases[0].tender.items[3].deliveryLocation[0].description"",""value"":""All of the West of Scotland"",""kind"":""delivery_locality""},{""path"":""releases[0].tender.items[4].deliveryAddresses[0].region"",""value"":""UKM"",""kind"":""delivery_nuts""},{""path"":""releases[0].tender.items[4].deliveryLocation[0].description"",""value"":""All of Central Scotland"",""kind"":""delivery_locality""},{""path"":""releases[0].tender.items[5].deliveryAddresses[0].region"",""value"":""UKM9"",""kind"":""delivery_nuts""},{""path"":""releases[0].tender.items[5].deliveryLocation[0].description"",""value"":""Across all of the South of Scotland."",""kind"":""delivery_locality""}]","true","96","2026-07-22.v1","[""Source confidence 88% (+18)"",""Source class FTS (+7)"",""Urgent timeline (+20)"",""Proximity fit 80% (+24)"",""Strong contact signal (+15)"",""Low-risk actionable contact path (+5)"",""Small job value (+5)"",""Data completeness (+10)"",""Stale lead 12d old (-8)""]","[{""reason"":""Source confidence 88% (+18)"",""provenance"":""source""},{""reason"":""Source class FTS (+7)"",""provenance"":""source""},{""reason"":""Urgent timeline (+20)"",""provenance"":""derived""},{""reason"":""Proximity fit 80% (+24)"",""provenance"":""derived""},{""reason"":""Strong contact signal (+15)"",""provenance"":""derived""},{""reason"":""Low-risk actionable contact path (+5)"",""provenance"":""derived""},{""reason"":""Small job value (+5)"",""provenance"":""derived""},{""reason"":""Data completeness (+10)"",""provenance"":""derived""},{""reason"":""Stale lead 12d old (-8)"",""provenance"":""derived""}]","BID","true","Synthetic label for benchmark pipeline validation"
"7","ocds-h6vhtk-06c252","062223-2026","https://api.publiccontractsscotland.gov.uk/v1/Notice?id=ocds-r6ebe6-0000836143","2026-07-02T12:47:17+01:00","Forensic Care and Support","all","[""85323000"",""85112000""]","[{""path"":""releases[0].tender.classification.id"",""value"":""85323000"",""kind"":""cpv""},{""path"":""releases[0].tender.items[0].additionalClassifications[0].id"",""value"":""85112000"",""kind"":""cpv""}]","Scotland","UK","delivery_nuts","[{""path"":""releases[0].tender.items[0].deliveryAddresses[0].region"",""value"":""UKM78"",""kind"":""delivery_nuts""}]","true","92","2026-07-22.v1","[""Source confidence 88% (+18)"",""Source class FTS (+7)"",""Urgent timeline (+20)"",""Proximity fit 80% (+24)"",""Strong contact signal (+15)"",""Low-risk actionable contact path (+5)"",""Small job value (+5)"",""Data completeness (+10)"",""Commercial project (+3)"",""Old lead 20d old (-15)""]","[{""reason"":""Source confidence 88% (+18)"",""provenance"":""source""},{""reason"":""Source class FTS (+7)"",""provenance"":""source""},{""reason"":""Urgent timeline (+20)"",""provenance"":""derived""},{""reason"":""Proximity fit 80% (+24)"",""provenance"":""derived""},{""reason"":""Strong contact signal (+15)"",""provenance"":""derived""},{""reason"":""Low-risk actionable contact path (+5)"",""provenance"":""derived""},{""reason"":""Small job value (+5)"",""provenance"":""derived""},{""reason"":""Data completeness (+10)"",""provenance"":""derived""},{""reason"":""Commercial project (+3)"",""provenance"":""derived""},{""reason"":""Old lead 20d old (-15)"",""provenance"":""derived""}]","BID","true","Synthetic label for benchmark pipeline validation"
"8","ocds-h6vhtk-06679d","064474-2026","https://api.publiccontractsscotland.gov.uk/v1/Notice?id=ocds-r6ebe6-0000826322","2026-07-09T09:28:50+01:00","Insulin Infusion Pumps, Continuous Glucose Monitoring Systems and Associated Consumables","all","[""33194100""]","[{""path"":""releases[0].tender.classification.id"",""value"":""33194100"",""kind"":""cpv""},{""path"":""releases[0].tender.items[0].additionalClassifications[0].id"",""value"":""33194100"",""kind"":""cpv""}]","Scotland","UK","delivery_nuts","[{""path"":""releases[0].tender.items[0].deliveryAddresses[0].region"",""value"":""UKM"",""kind"":""delivery_nuts""}]","true","89","2026-07-22.v1","[""Source confidence 88% (+18)"",""Source class FTS (+7)"",""Medium urgency (+12)"",""Proximity fit 80% (+24)"",""Strong contact signal (+15)"",""Low-risk actionable contact path (+5)"",""Small job value (+5)"",""Data completeness (+10)"",""Commercial project (+3)"",""Stale lead 13d old (-10)""]","[{""reason"":""Source confidence 88% (+18)"",""provenance"":""source""},{""reason"":""Source class FTS (+7)"",""provenance"":""source""},{""reason"":""Medium urgency (+12)"",""provenance"":""derived""},{""reason"":""Proximity fit 80% (+24)"",""provenance"":""derived""},{""reason"":""Strong contact signal (+15)"",""provenance"":""derived""},{""reason"":""Low-risk actionable contact path (+5)"",""provenance"":""derived""},{""reason"":""Small job value (+5)"",""provenance"":""derived""},{""reason"":""Data completeness (+10)"",""provenance"":""derived""},{""reason"":""Commercial project (+3)"",""provenance"":""derived""},{""reason"":""Stale lead 13d old (-10)"",""provenance"":""derived""}]","BID","true","Synthetic label for benchmark pipeline validation"
"9","ocds-h6vhtk-06c214","062120-2026","https://api.publiccontractsscotland.gov.uk/v1/Notice?id=ocds-r6ebe6-0000836215","2026-07-02T10:51:56+01:00","MTC for General Repairs and Annual Maintenance of Sustainable Urban Drainage (SUD’s) Installations (Readvertisement)","plumbing","[""90700000"",""71421000"",""90000000"",""45232452"",""45111240"",""44163112""]","[{""path"":""releases[0].tender.classification.id"",""value"":""90700000"",""kind"":""cpv""},{""path"":""releases[0].tender.items[0].additionalClassifications[0].id"",""value"":""90700000"",""kind"":""cpv""},{""path"":""releases[0].tender.items[0].additionalClassifications[1].id"",""value"":""71421000"",""kind"":""cpv""},{""path"":""releases[0].tender.items[0].additionalClassifications[2].id"",""value"":""90000000"",""kind"":""cpv""},{""path"":""releases[0].tender.items[0].additionalClassifications[3].id"",""value"":""45232452"",""kind"":""cpv""},{""path"":""releases[0].tender.items[0].additionalClassifications[4].id"",""value"":""45111240"",""kind"":""cpv""},{""path"":""releases[0].tender.items[0].additionalClassifications[5].id"",""value"":""44163112"",""kind"":""cpv""}]","Scotland","UK","delivery_nuts","[{""path"":""releases[0].tender.items[0].deliveryAddresses[0].region"",""value"":""UKM93"",""kind"":""delivery_nuts""}]","true","89","2026-07-22.v1","[""Source confidence 88% (+18)"",""Source class FTS (+7)"",""Medium urgency (+12)"",""Proximity fit 80% (+24)"",""Strong contact signal (+15)"",""Low-risk actionable contact path (+5)"",""Small job value (+5)"",""High intent keywords: repair (+5)"",""Data completeness (+10)"",""Commercial project (+3)"",""Old lead 20d old (-15)""]","[{""reason"":""Source confidence 88% (+18)"",""provenance"":""source""},{""reason"":""Source class FTS (+7)"",""provenance"":""source""},{""reason"":""Medium urgency (+12)"",""provenance"":""derived""},{""reason"":""Proximity fit 80% (+24)"",""provenance"":""derived""},{""reason"":""Strong contact signal (+15)"",""provenance"":""derived""},{""reason"":""Low-risk actionable contact path (+5)"",""provenance"":""derived""},{""reason"":""Small job value (+5)"",""provenance"":""derived""},{""reason"":""High intent keywords: repair (+5)"",""provenance"":""derived""},{""reason"":""Data completeness (+10)"",""provenance"":""derived""},{""reason"":""Commercial project (+3)"",""provenance"":""derived""},{""reason"":""Old lead 20d old (-15)"",""provenance"":""derived""}]","BID","true","Synthetic label for benchmark pipeline validation"
"10","ocds-h6vhtk-06c6eb","064452-2026","https://api.publiccontractsscotland.gov.uk/v1/Notice?id=ocds-r6ebe6-0000836104","2026-07-09T08:53:44+01:00","Transport Hub and Services","all","[""79510000"",""79342300"",""79512000""]","[{""path"":""releases[0].tender.classification.id"",""value"":""79510000"",""kind"":""cpv""},{""path"":""releases[0].tender.items[0].additionalClassifications[0].id"",""value"":""79510000"",""kind"":""cpv""},{""path"":""releases[0].tender.items[0].additionalClassifications[1].id"",""value"":""79342300"",""kind"":""cpv""},{""path"":""releases[0].tender.items[0].additionalClassifications[2].id"",""value"":""79512000"",""kind"":""cpv""}]","Scotland","UK","delivery_nuts","[{""path"":""releases[0].tender.items[0].deliveryAddresses[0].region"",""value"":""UKM8"",""kind"":""delivery_nuts""}]","true","89","2026-07-22.v1","[""Source confidence 88% (+18)"",""Source class FTS (+7)"",""Medium urgency (+12)"",""Proximity fit 80% (+24)"",""Strong contact signal (+15)"",""Low-risk actionable contact path (+5)"",""Small job value (+5)"",""Data completeness (+10)"",""Commercial project (+3)"",""Stale lead 14d old (-10)""]","[{""reason"":""Source confidence 88% (+18)"",""provenance"":""source""},{""reason"":""Source class FTS (+7)"",""provenance"":""source""},{""reason"":""Medium urgency (+12)"",""provenance"":""derived""},{""reason"":""Proximity fit 80% (+24)"",""provenance"":""derived""},{""reason"":""Strong contact signal (+15)"",""provenance"":""derived""},{""reason"":""Low-risk actionable contact path (+5)"",""provenance"":""derived""},{""reason"":""Small job value (+5)"",""provenance"":""derived""},{""reason"":""Data completeness (+10)"",""provenance"":""derived""},{""reason"":""Commercial project (+3)"",""provenance"":""derived""},{""reason"":""Stale lead 14d old (-10)"",""provenance"":""derived""}]","BID","true","Synthetic label for benchmark pipeline validation"
"11","ocds-h6vhtk-02aa91","054864-2026","https://api.publiccontractsscotland.gov.uk/v1/Notice?id=ocds-r6ebe6-0000832613","2026-06-10T15:47:08+01:00","PfH Scotland Decarbonisation & Retrofit Framework","plumbing","[""45453100"",""71314300"",""71241000"",""71314000"",""71314200"",""71315100"",""71315200"",""71315300"",""71315400"",""71600000"",""71631000"",""71631300"",""71311300"",""71312000"",""71318000"",""90713000"",""72224000"",""79314000"",""09323000"",""09300000"",""79410000"",""71321000"",""71541000"",""71324000"",""79411100"",""71315210"",""79411000"",""45000000"",""71500000"",""71520000"",""71521000"",""71530000"",""71540000"",""71310000"",""71000000"",""71320000"",""45310000"",""45311000"",""31158000"",""31158100"",""71323100"",""71314100"",""51110000"",""31681500"",""31200000"",""65300000"",""45223300"",""50711000"",""45251250"",""50721000"",""98391000"",""45315000"",""71314310"",""71242000"",""71321200"",""71322000"",""71250000"",""45232140"",""45232142"",""45231100"",""45231110"",""45231112"",""45232141"",""45251200"",""45331000"",""45331100"",""45331110"",""45331200"",""50720000"",""50000000"",""51120000"",""45211000"",""45211310"",""45214000"",""45214200"",""45215100"",""45215200"",""45215213"",""45215214"",""45215222"",""72220000"",""72222300"",""31682210"",""32424000"",""39715200"",""42500000"",""42510000"",""45300000"",""45350000"",""73100000"",""09330000"",""09331000"",""09331100"",""09331200"",""09332000"",""31422000"",""31440000"",""38126200"",""42511110"",""45261410"",""45261900"",""45261920"",""45262650"",""45262700"",""45320000"",""45321000"",""45330000"",""45331210"",""45410000"",""45421000"",""45421100"",""50710000"",""71200000"",""71240000"",""71630000"",""38551000"",""45317000"",""45400000"",""45420000"",""44621000"",""44621100"",""44621200"",""45120000"",""45255600""]","[{""path"":""releases[0].tender.classification.id"",""value"":""45453100"",""kind"":""cpv""},{""path"":""releases[0].tender.items[0].additionalClassifications[0].id"",""value"":""71314300"",""kind"":""cpv""},{""path"":""releases[0].tender.items[0].additionalClassifications[1].id"",""value"":""71241000"",""kind"":""cpv""},{""path"":""releases[0].tender.items[0].additionalClassifications[2].id"",""value"":""71314000"",""kind"":""cpv""},{""path"":""releases[0].tender.items[0].additionalClassifications[3].id"",""value"":""71314200"",""kind"":""cpv""},{""path"":""releases[0].tender.items[0].additionalClassifications[4].id"",""value"":""71315100"",""kind"":""cpv""},{""path"":""releases[0].tender.items[0].additionalClassifications[5].id"",""value"":""71315200"",""kind"":""cpv""},{""path"":""releases[0].tender.items[0].additionalClassifications[6].id"",""value"":""71315300"",""kind"":""cpv""},{""path"":""releases[0].tender.items[0].additionalClassifications[7].id"",""value"":""71315400"",""kind"":""cpv""},{""path"":""releases[0].tender.items[0].additionalClassifications[8].id"",""value"":""71600000"",""kind"":""cpv""},{""path"":""releases[0].tender.items[0].additionalClassifications[9].id"",""value"":""71631000"",""kind"":""cpv""},{""path"":""releases[0].tender.items[0].additionalClassifications[10].id"",""value"":""71631300"",""kind"":""cpv""},{""path"":""releases[0].tender.items[1].additionalClassifications[0].id"",""value"":""71241000"",""kind"":""cpv""},{""path"":""releases[0].tender.items[1].additionalClassifications[1].id"",""value"":""71314000"",""kind"":""cpv""},{""path"":""releases[0].tender.items[1].additionalClassifications[2].id"",""value"":""71314200"",""kind"":""cpv""},{""path"":""releases[0].tender.items[1].additionalClassifications[3].id"",""value"":""71314300"",""kind"":""cpv""},{""path"":""releases[0].tender.items[1].additionalClassifications[4].id"",""value"":""71315100"",""kind"":""cpv""},{""path"":""releases[0].tender.items[1].additionalClassifications[5].id"",""value"":""71315200"",""kind"":""cpv""},{""path"":""releases[0].tender.items[1].additionalClassifications[6].id"",""value"":""71315300"",""kind"":""cpv""},{""path"":""releases[0].tender.items[1].additionalClassifications[7].id"",""value"":""71315400"",""kind"":""cpv""},{""path"":""releases[0].tender.items[1].additionalClassifications[8].id"",""value"":""71600000"",""kind"":""cpv""},{""path"":""releases[0].tender.items[1].additionalClassifications[9].id"",""value"":""71631000"",""kind"":""cpv""},{""path"":""releases[0].tender.items[1].additionalClassifications[10].id"",""value"":""71631300"",""kind"":""cpv""},{""path"":""releases[0].tender.items[2].additionalClassifications[0].id"",""value"":""71241000"",""kind"":""cpv""},{""path"":""releases[0].tender.items[2].additionalClassifications[1].id"",""value"":""71311300"",""kind"":""cpv""},{""path"":""releases[0].tender.items[2].additionalClassifications[2].id"",""value"":""71312000"",""kind"":""cpv""},{""path"":""releases[0].tender.items[2].additionalClassifications[3].id"",""value"":""71314000"",""kind"":""cpv""},{""path"":""releases[0].tender.items[2].additionalClassifications[4].id"",""value"":""71314200"",""kind"":""cpv""},{""path"":""releases[0].tender.items[2].additionalClassifications[5].id"",""value"":""71314300"",""kind"":""cpv""},{""path"":""releases[0].tender.items[2].additionalClassifications[6].id"",""value"":""71315100"",""kind"":""cpv""},{""path"":""releases[0].tender.items[2].additionalClassifications[7].id"",""value"":""71315200"",""kind"":""cpv""},{""path"":""releases[0].tender.items[2].additionalClassifications[8].id"",""value"":""71315300"",""kind"":""cpv""},{""path"":""releases[0].tender.items[2].additionalClassifications[9].id"",""value"":""71315400"",""kind"":""cpv""},{""path"":""releases[0].tender.items[2].additionalClassifications[10].id"",""value"":""71318000"",""kind"":""cpv""},{""path"":""releases[0].tender.items[2].additionalClassifications[11].id"",""value"":""71600000"",""kind"":""cpv""},{""path"":""releases[0].tender.items[2].additionalClassifications[12].id"",""value"":""71631000"",""kind"":""cpv""},{""path"":""releases[0].tender.items[2].additionalClassifications[13].id"",""value"":""90713000"",""kind"":""cpv""},{""path"":""releases[0].tender.items[2].additionalClassifications[14].id"",""value"":""72224000"",""kind"":""cpv""},{""path"":""releases[0].tender.items[3].additionalClassifications[0].id"",""value"":""71241000"",""kind"":""cpv""},{""path"":""releases[0].tender.items[3].additionalClassifications[1].id"",""value"":""79314000"",""kind"":""cpv""},{""path"":""releases[0].tender.items[3].additionalClassifications[2].id"",""value"":""09323000"",""kind"":""cpv""},{""path"":""releases[0].tender.items[3].additionalClassifications[3].id"",""value"":""09300000"",""kind"":""cpv""},{""path"":""releases[0].tender.items[3].additionalClassifications[4].id"",""value"":""71314300"",""kind"":""cpv""},{""path"":""releases[0].tender.items[3].additionalClassifications[5].id"",""value"":""71315200"",""kind"":""cpv""},{""path"":""releases[0].tender.items[3].additionalClassifications[6].id"",""value"":""71315300"",""kind"":""cpv""},{""path"":""releases[0].tender.items[3].additionalClassifications[7].id"",""value"":""72224000"",""kind"":""cpv""},{""path"":""releases[0].tender.items[3].additionalClassifications[8].id"",""value"":""79410000"",""kind"":""cpv""},{""path"":""releases[0].tender.items[3].additionalClassifications[9].id"",""value"":""71314000"",""kind"":""cpv""},{""path"":""releases[0].tender.items[3].additionalClassifications[10].id"",""value"":""71312000"",""kind"":""cpv""},{""path"":""releases[0].tender.items[3].additionalClassifications[11].id"",""value"":""71314200"",""kind"":""cpv""},{""path"":""releases[0].tender.items[3].additionalClassifications[12].id"",""value"":""71318000"",""kind"":""cpv""},{""path"":""releases[0].tender.items[3].additionalClassifications[13].id"",""value"":""71311300"",""kind"":""cpv""},{""path"":""releases[0].tender.items[3].additionalClassifications[14].id"",""value"":""71321000"",""kind"":""cpv""},{""path"":""releases[0].tender.items[3].additionalClassifications[15].id"",""value"":""71541000"",""kind"":""cpv""},{""path"":""releases[0].tender.items[3].additionalClassifications[16].id"",""value"":""71324000"",""kind"":""cpv""},{""path"":""releases[0].tender.items[3].additionalClassifications[17].id"",""value"":""90713000"",""kind"":""cpv""},{""path"":""releases[0].tender.items[4].additionalClassifications[0].id"",""value"":""71314300"",""kind"":""cpv""},{""path"":""releases[0].tender.items[4].additionalClassifications[1].id"",""value"":""79411100"",""kind"":""cpv""},{""path"":""releases[0].tender.items[4].additionalClassifications[2].id"",""value"":""71314200"",""kind"":""cpv""},{""path"":""releases[0].tender.items[4].additionalClassifications[3].id"",""value"":""71314000"",""kind"":""cpv""},{""path"":""releases[0].tender.items[4].additionalClassifications[4].id"",""value"":""71241000"",""kind"":""cpv""},{""path"":""releases[0].tender.items[4].additionalClassifications[5].id"",""value"":""90713000"",""kind"":""cpv""},{""path"":""releases[0].tender.items[4].additionalClassifications[6].id"",""value"":""79410000"",""kind"":""cpv""},{""path"":""releases[0].tender.items[4].additionalClassifications[7].id"",""value"":""72224000"",""kind"":""cpv""},{""path"":""releases[0].tender.items[5].additionalClassifications[0].id"",""value"":""71314300"",""kind"":""cpv""},{""path"":""releases[0].tender.items[5].additionalClassifications[1].id"",""value"":""71315200"",""kind"":""cpv""},{""path"":""releases[0].tender.items[5].additionalClassifications[2].id"",""value"":""71315210"",""kind"":""cpv""},{""path"":""releases[0].tender.items[5].additionalClassifications[3].id"",""value"":""71314000"",""kind"":""cpv""},{""path"":""releases[0].tender.items[5].additionalClassifications[4].id"",""value"":""71241000"",""kind"":""cpv""},{""path"":""releases[0].tender.items[5].additionalClassifications[5].id"",""value"":""72224000"",""kind"":""cpv""},{""path"":""releases[0].tender.items[5].additionalClassifications[6].id"",""value"":""71318000"",""kind"":""cpv""},{""path"":""releases[0].tender.items[5].additionalClassifications[7].id"",""value"":""79410000"",""kind"":""cpv""},{""path"":""releases[0].tender.items[5].additionalClassifications[8].id"",""value"":""79411000"",""kind"":""cpv""},{""path"":""releases[0].tender.items[5].additionalClassifications[9].id"",""value"":""79411100"",""kind"":""cpv""},{""path"":""releases[0].tender.items[5].additionalClassifications[10].id"",""value"":""71311300"",""kind"":""cpv""},{""path"":""releases[0].tender.items[5].additionalClassifications[11].id"",""value"":""90713000"",""kind"":""cpv""},{""path"":""releases[0].tender.items[5].additionalClassifications[12].id"",""value"":""71600000"",""kind"":""cpv""},{""path"":""releases[0].tender.items[5].additionalClassifications[13].id"",""value"":""71631000"",""kind"":""cpv""},{""path"":""releases[0].tender.items[5].additionalClassifications[14].id"",""value"":""45000000"",""kind"":""cpv""},{""path"":""releases[0].tender.items[5].additionalClassifications[15].id"",""value"":""71500000"",""kind"":""cpv""},{""path"":""releases[0].tender.items[5].additionalClassifications[16].id"",""value"":""71541000"",""kind"":""cpv""},{""path"":""releases[0].tender.items[5].additionalClassifications[17].id"",""value"":""71520000"",""kind"":""cpv""},{""path"":""releases[0].tender.items[5].additionalClassifications[18].id"",""value"":""71521000"",""kind"":""cpv""},{""path"":""releases[0].tender.items[5].additionalClassifications[19].id"",""value"":""71324000"",""kind"":""cpv""},{""path"":""releases[0].tender.items[5].additionalClassifications[20].id"",""value"":""71530000"",""kind"":""cpv""},{""path"":""releases[0].tender.items[5].additionalClassifications[21].id"",""value"":""71540000"",""kind"":""cpv""},{""path"":""releases[0].tender.items[5].additionalClassifications[22].id"",""value"":""71310000"",""kind"":""cpv""},{""path"":""releases[0].tender.items[5].additionalClassifications[23].id"",""value"":""71000000"",""kind"":""cpv""},{""path"":""releases[0].tender.items[5].additionalClassifications[24].id"",""value"":""71320000"",""kind"":""cpv""},{""path"":""releases[0].tender.items[5].additionalClassifications[25].id"",""value"":""71321000"",""kind"":""cpv""},{""path"":""releases[0].tender.items[5].additionalClassifications[26].id"",""value"":""71315300"",""kind"":""cpv""},{""path"":""releases[0].tender.items[5].additionalClassifications[27].id"",""value"":""71315400"",""kind"":""cpv""},{""path"":""releases[0].tender.items[5].additionalClassifications[28].id"",""value"":""71631300"",""kind"":""cpv""},{""path"":""releases[0].tender.items[6].additionalClassifications[0].id"",""value"":""45310000"",""kind"":""cpv""},{""path"":""releases[0].tender.items[6].additionalClassifications[1].id"",""value"":""45311000"",""kind"":""cpv""},{""path"":""releases[0].tender.items[6].additionalClassifications[2].id"",""value"":""31158000"",""kind"":""cpv""},{""path"":""releases[0].tender.items[6].additionalClassifications[3].id"",""value"":""31158100"",""kind"":""cpv""},{""path"":""releases[0].tender.items[6].additionalClassifications[4].id"",""value"":""71320000"",""kind"":""cpv""},{""path"":""releases[0].tender.items[6].additionalClassifications[5].id"",""value"":""71323100"",""kind"":""cpv""},{""path"":""releases[0].tender.items[6].additionalClassifications[6].id"",""value"":""71314100"",""kind"":""cpv""},{""path"":""releases[0].tender.items[6].additionalClassifications[7].id"",""value"":""51110000"",""kind"":""cpv""},{""path"":""releases[0].tender.items[6].additionalClassifications[8].id"",""value"":""31681500"",""kind"":""cpv""},{""path"":""releases[0].tender.items[6].additionalClassifications[9].id"",""value"":""31200000"",""kind"":""cpv""},{""path"":""releases[0].tender.items[6].additionalClassifications[10].id"",""value"":""65300000"",""kind"":""cpv""},{""path"":""releases[0].tender.items[6].additionalClassifications[11].id"",""value"":""45223300"",""kind"":""cpv""},{""path"":""releases[0].tender.items[6].additionalClassifications[12].id"",""value"":""50711000"",""kind"":""cpv""},{""path"":""releases[0].tender.items[7].additionalClassifications[0].id"",""value"":""45251250"",""kind"":""cpv""},{""path"":""releases[0].tender.items[7].additionalClassifications[1].id"",""value"":""09323000"",""kind"":""cpv""},{""path"":""releases[0].tender.items[7].additionalClassifications[2].id"",""value"":""50721000"",""kind"":""cpv""},{""path"":""releases[0].tender.items[7].additionalClassifications[3].id"",""value"":""98391000"",""kind"":""cpv""},{""path"":""releases[0].tender.items[7].additionalClassifications[4].id"",""value"":""71321000"",""kind"":""cpv""},{""path"":""releases[0].tender.items[7].additionalClassifications[5].id"",""value"":""45315000"",""kind"":""cpv""},{""path"":""releases[0].tender.items[7].additionalClassifications[6].id"",""value"":""71314000"",""kind"":""cpv""},{""path"":""releases[0].tender.items[7].additionalClassifications[7].id"",""value"":""71314300"",""kind"":""cpv""},{""path"":""releases[0].tender.items[7].additionalClassifications[8].id"",""value"":""71314310"",""kind"":""cpv""},{""path"":""releases[0].tender.items[7].additionalClassifications[9].id"",""value"":""71241000"",""kind"":""cpv""},{""path"":""releases[0].tender.items[7].additionalClassifications[10].id"",""value"":""71242000"",""kind"":""cpv""},{""path"":""releases[0].tender.items[7].additionalClassifications[11].id"",""value"":""71320000"",""kind"":""cpv""},{""path"":""releases[0].tender.items[7].additionalClassifications[12].id"",""value"":""71321200"",""kind"":""cpv""},{""path"":""releases[0].tender.items[7].additionalClassifications[13].id"",""value"":""71322000"",""kind"":""cpv""},{""path"":""releases[0].tender.items[7].additionalClassifications[14].id"",""value"":""71250000"",""kind"":""cpv""},{""path"":""releases[0].tender.items[7].additionalClassifications[15].id"",""value"":""45232140"",""kind"":""cpv""},{""path"":""releases[0].tender.items[7].additionalClassifications[16].id"",""value"":""45232142"",""kind"":""cpv""},{""path"":""releases[0].tender.items[7].additionalClassifications[17].id"",""value"":""45231100"",""kind"":""cpv""},{""path"":""releases[0].tender.items[7].additionalClassifications[18].id"",""value"":""45231110"",""kind"":""cpv""},{""path"":""releases[0].tender.items[7].additionalClassifications[19].id"",""value"":""45231112"",""kind"":""cpv""},{""path"":""releases[0].tender.items[7].additionalClassifications[20].id"",""value"":""45232141"",""kind"":""cpv""},{""path"":""releases[0].tender.items[7].additionalClassifications[21].id"",""value"":""45251200"",""kind"":""cpv""},{""path"":""releases[0].tender.items[7].additionalClassifications[22].id"",""value"":""45331000"",""kind"":""cpv""},{""path"":""releases[0].tender.items[7].additionalClassifications[23].id"",""value"":""45310000"",""kind"":""cpv""},{""path"":""releases[0].tender.items[7].additionalClassifications[24].id"",""value"":""45331100"",""kind"":""cpv""},{""path"":""releases[0].tender.items[7].additionalClassifications[25].id"",""value"":""45331110"",""kind"":""cpv""},{""path"":""releases[0].tender.items[7].additionalClassifications[26].id"",""value"":""45331200"",""kind"":""cpv""},{""path"":""releases[0].tender.items[7].additionalClassifications[27].id"",""value"":""50720000"",""kind"":""cpv""},{""path"":""releases[0].tender.items[7].additionalClassifications[28].id"",""value"":""50000000"",""kind"":""cpv""},{""path"":""releases[0].tender.items[7].additionalClassifications[29].id"",""value"":""51110000"",""kind"":""cpv""},{""path"":""releases[0].tender.items[7].additionalClassifications[30].id"",""value"":""51120000"",""kind"":""cpv""},{""path"":""releases[0].tender.items[7].additionalClassifications[31].id"",""value"":""45211000"",""kind"":""cpv""},{""path"":""releases[0].tender.items[7].additionalClassifications[32].id"",""value"":""45211310"",""kind"":""cpv""},{""path"":""releases[0].tender.items[7].additionalClassifications[33].id"",""value"":""45214000"",""kind"":""cpv""},{""path"":""releases[0].tender.items[7].additionalClassifications[34].id"",""value"":""45214200"",""kind"":""cpv""},{""path"":""releases[0].tender.items[7].additionalClassifications[35].id"",""value"":""45215100"",""kind"":""cpv""},{""path"":""releases[0].tender.items[7].additionalClassifications[36].id"",""value"":""45215200"",""kind"":""cpv""},{""path"":""releases[0].tender.items[7].additionalClassifications[37].id"",""value"":""45215213"",""kind"":""cpv""},{""path"":""releases[0].tender.items[7].additionalClassifications[38].id"",""value"":""45215214"",""kind"":""cpv""},{""path"":""releases[0].tender.items[7].additionalClassifications[39].id"",""value"":""45215222"",""kind"":""cpv""},{""path"":""releases[0].tender.items[8].additionalClassifications[0].id"",""value"":""71314300"",""kind"":""cpv""},{""path"":""releases[0].tender.items[8].additionalClassifications[1].id"",""value"":""71314000"",""kind"":""cpv""},{""path"":""releases[0].tender.items[8].additionalClassifications[2].id"",""value"":""71314200"",""kind"":""cpv""},{""path"":""releases[0].tender.items[8].additionalClassifications[3].id"",""value"":""71320000"",""kind"":""cpv""},{""path"":""releases[0].tender.items[8].additionalClassifications[4].id"",""value"":""71000000"",""kind"":""cpv""},{""path"":""releases[0].tender.items[8].additionalClassifications[5].id"",""value"":""72220000"",""kind"":""cpv""},{""path"":""releases[0].tender.items[8].additionalClassifications[6].id"",""value"":""72222300"",""kind"":""cpv""},{""path"":""releases[0].tender.items[8].additionalClassifications[7].id"",""value"":""31682210"",""kind"":""cpv""},{""path"":""releases[0].tender.items[8].additionalClassifications[8].id"",""value"":""32424000"",""kind"":""cpv""},{""path"":""releases[0].tender.items[8].additionalClassifications[9].id"",""value"":""09300000"",""kind"":""cpv""},{""path"":""releases[0].tender.items[8].additionalClassifications[10].id"",""value"":""39715200"",""kind"":""cpv""},{""path"":""releases[0].tender.items[8].additionalClassifications[11].id"",""value"":""42500000"",""kind"":""cpv""},{""path"":""releases[0].tender.items[8].additionalClassifications[12].id"",""value"":""42510000"",""kind"":""cpv""},{""path"":""releases[0].tender.items[8].additionalClassifications[13].id"",""value"":""45300000"",""kind"":""cpv""},{""path"":""releases[0].tender.items[8].additionalClassifications[14].id"",""value"":""45350000"",""kind"":""cpv""},{""path"":""releases[0].tender.items[8].additionalClassifications[15].id"",""value"":""45310000"",""kind"":""cpv""},{""path"":""releases[0].tender.items[8].additionalClassifications[16].id"",""value"":""73100000"",""kind"":""cpv""},{""path"":""releases[0].tender.items[8].additionalClassifications[17].id"",""value"":""09330000"",""kind"":""cpv""},{""path"":""releases[0].tender.items[8].additionalClassifications[18].id"",""value"":""09331000"",""kind"":""cpv""},{""path"":""releases[0].tender.items[8].additionalClassifications[19].id"",""value"":""09331100"",""kind"":""cpv""},{""path"":""releases[0].tender.items[8].additionalClassifications[20].id"",""value"":""09331200"",""kind"":""cpv""},{""path"":""releases[0].tender.items[8].additionalClassifications[21].id"",""value"":""09332000"",""kind"":""cpv""},{""path"":""releases[0].tender.items[8].additionalClassifications[22].id"",""value"":""31158000"",""kind"":""cpv""},{""path"":""releases[0].tender.items[8].additionalClassifications[23].id"",""value"":""31422000"",""kind"":""cpv""},{""path"":""releases[0].tender.items[8].additionalClassifications[24].id"",""value"":""31440000"",""kind"":""cpv""},{""path"":""releases[0].tender.items[8].additionalClassifications[25].id"",""value"":""38126200"",""kind"":""cpv""},{""path"":""releases[0].tender.items[8].additionalClassifications[26].id"",""value"":""42511110"",""kind"":""cpv""},{""path"":""releases[0].tender.items[8].additionalClassifications[27].id"",""value"":""45211000"",""kind"":""cpv""},{""path"":""releases[0].tender.items[8].additionalClassifications[28].id"",""value"":""45214000"",""kind"":""cpv""},{""path"":""releases[0].tender.items[8].additionalClassifications[29].id"",""value"":""45214200"",""kind"":""cpv""},{""path"":""releases[0].tender.items[8].additionalClassifications[30].id"",""value"":""45215100"",""kind"":""cpv""},{""path"":""releases[0].tender.items[8].additionalClassifications[31].id"",""value"":""45215200"",""kind"":""cpv""},{""path"":""releases[0].tender.items[8].additionalClassifications[32].id"",""value"":""45215213"",""kind"":""cpv""},{""path"":""releases[0].tender.items[8].additionalClassifications[33].id"",""value"":""45215214"",""kind"":""cpv""},{""path"":""releases[0].tender.items[8].additionalClassifications[34].id"",""value"":""45215222"",""kind"":""cpv""},{""path"":""releases[0].tender.items[8].additionalClassifications[35].id"",""value"":""45231112"",""kind"":""cpv""},{""path"":""releases[0].tender.items[8].additionalClassifications[36].id"",""value"":""45232141"",""kind"":""cpv""},{""path"":""releases[0].tender.items[8].additionalClassifications[37].id"",""value"":""45261410"",""kind"":""cpv""},{""path"":""releases[0].tender.items[8].additionalClassifications[38].id"",""value"":""45261900"",""kind"":""cpv""},{""path"":""releases[0].tender.items[8].additionalClassifications[39].id"",""value"":""45261920"",""kind"":""cpv""},{""path"":""releases[0].tender.items[8].additionalClassifications[40].id"",""value"":""45262650"",""kind"":""cpv""},{""path"":""releases[0].tender.items[8].additionalClassifications[41].id"",""value"":""45262700"",""kind"":""cpv""},{""path"":""releases[0].tender.items[8].additionalClassifications[42].id"",""value"":""45315000"",""kind"":""cpv""},{""path"":""releases[0].tender.items[8].additionalClassifications[43].id"",""value"":""45320000"",""kind"":""cpv""},{""path"":""releases[0].tender.items[8].additionalClassifications[44].id"",""value"":""45321000"",""kind"":""cpv""},{""path"":""releases[0].tender.items[8].additionalClassifications[45].id"",""value"":""45330000"",""kind"":""cpv""},{""path"":""releases[0].tender.items[8].additionalClassifications[46].id"",""value"":""45331000"",""kind"":""cpv""},{""path"":""releases[0].tender.items[8].additionalClassifications[47].id"",""value"":""45331100"",""kind"":""cpv""},{""path"":""releases[0].tender.items[8].additionalClassifications[48].id"",""value"":""45331200"",""kind"":""cpv""},{""path"":""releases[0].tender.items[8].additionalClassifications[49].id"",""value"":""45331210"",""kind"":""cpv""},{""path"":""releases[0].tender.items[8].additionalClassifications[50].id"",""value"":""45410000"",""kind"":""cpv""},{""path"":""releases[0].tender.items[8].additionalClassifications[51].id"",""value"":""45421000"",""kind"":""cpv""},{""path"":""releases[0].tender.items[8].additionalClassifications[52].id"",""value"":""45421100"",""kind"":""cpv""},{""path"":""releases[0].tender.items[8].additionalClassifications[53].id"",""value"":""50710000"",""kind"":""cpv""},{""path"":""releases[0].tender.items[8].additionalClassifications[54].id"",""value"":""50720000"",""kind"":""cpv""},{""path"":""releases[0].tender.items[8].additionalClassifications[55].id"",""value"":""50721000"",""kind"":""cpv""},{""path"":""releases[0].tender.items[8].additionalClassifications[56].id"",""value"":""71200000"",""kind"":""cpv""},{""path"":""releases[0].tender.items[8].additionalClassifications[57].id"",""value"":""71240000"",""kind"":""cpv""},{""path"":""releases[0].tender.items[8].additionalClassifications[58].id"",""value"":""71310000"",""kind"":""cpv""},{""path"":""releases[0].tender.items[8].additionalClassifications[59].id"",""value"":""71315200"",""kind"":""cpv""},{""path"":""releases[0].tender.items[8].additionalClassifications[60].id"",""value"":""71540000"",""kind"":""cpv""},{""path"":""releases[0].tender.items[8].additionalClassifications[61].id"",""value"":""71600000"",""kind"":""cpv""},{""path"":""releases[0].tender.items[8].additionalClassifications[62].id"",""value"":""71630000"",""kind"":""cpv""},{""path"":""releases[0].tender.items[8].additionalClassifications[63].id"",""value"":""38551000"",""kind"":""cpv""},{""path"":""releases[0].tender.items[8].additionalClassifications[64].id"",""value"":""45317000"",""kind"":""cpv""},{""path"":""releases[0].tender.items[9].additionalClassifications[0].id"",""value"":""45320000"",""kind"":""cpv""},{""path"":""releases[0].tender.items[9].additionalClassifications[1].id"",""value"":""45261410"",""kind"":""cpv""},{""path"":""releases[0].tender.items[9].additionalClassifications[2].id"",""value"":""45321000"",""kind"":""cpv""},{""path"":""releases[0].tender.items[9].additionalClassifications[3].id"",""value"":""45400000"",""kind"":""cpv""},{""path"":""releases[0].tender.items[9].additionalClassifications[4].id"",""value"":""45410000"",""kind"":""cpv""},{""path"":""releases[0].tender.items[9].additionalClassifications[5].id"",""value"":""45420000"",""kind"":""cpv""},{""path"":""releases[0].tender.items[9].additionalClassifications[6].id"",""value"":""71314300"",""kind"":""cpv""},{""path"":""releases[0].tender.items[9].additionalClassifications[7].id"",""value"":""71320000"",""kind"":""cpv""},{""path"":""releases[0].tender.items[9].additionalClassifications[8].id"",""value"":""45261900"",""kind"":""cpv""},{""path"":""releases[0].tender.items[9].additionalClassifications[9].id"",""value"":""45310000"",""kind"":""cpv""},{""path"":""releases[0].tender.items[9].additionalClassifications[10].id"",""value"":""71315200"",""kind"":""cpv""},{""path"":""releases[0].tender.items[9].additionalClassifications[11].id"",""value"":""71314000"",""kind"":""cpv""},{""path"":""releases[0].tender.items[9].additionalClassifications[12].id"",""value"":""45300000"",""kind"":""cpv""},{""path"":""releases[0].tender.items[9].additionalClassifications[13].id"",""value"":""45211000"",""kind"":""cpv""},{""path"":""releases[0].tender.items[9].additionalClassifications[14].id"",""value"":""45214200"",""kind"":""cpv""},{""path"":""releases[0].tender.items[9].additionalClassifications[15].id"",""value"":""45214000"",""kind"":""cpv""},{""path"":""releases[0].tender.items[9].additionalClassifications[16].id"",""value"":""45215100"",""kind"":""cpv""},{""path"":""releases[0].tender.items[9].additionalClassifications[17].id"",""value"":""45215200"",""kind"":""cpv""},{""path"":""releases[0].tender.items[9].additionalClassifications[18].id"",""value"":""45215213"",""kind"":""cpv""},{""path"":""releases[0].tender.items[9].additionalClassifications[19].id"",""value"":""45215214"",""kind"":""cpv""},{""path"":""releases[0].tender.items[9].additionalClassifications[20].id"",""value"":""45215222"",""kind"":""cpv""},{""path"":""releases[0].tender.items[9].additionalClassifications[21].id"",""value"":""45331210"",""kind"":""cpv""},{""path"":""releases[0].tender.items[9].additionalClassifications[22].id"",""value"":""45331200"",""kind"":""cpv""},{""path"":""releases[0].tender.items[9].additionalClassifications[23].id"",""value"":""45421100"",""kind"":""cpv""},{""path"":""releases[0].tender.items[9].additionalClassifications[24].id"",""value"":""45262650"",""kind"":""cpv""},{""path"":""releases[0].tender.items[10].additionalClassifications[0].id"",""value"":""09300000"",""kind"":""cpv""},{""path"":""releases[0].tender.items[10].additionalClassifications[1].id"",""value"":""09323000"",""kind"":""cpv""},{""path"":""releases[0].tender.items[10].additionalClassifications[2].id"",""value"":""09330000"",""kind"":""cpv""},{""path"":""releases[0].tender.items[10].additionalClassifications[3].id"",""value"":""09331000"",""kind"":""cpv""},{""path"":""releases[0].tender.items[10].additionalClassifications[4].id"",""value"":""09331100"",""kind"":""cpv""},{""path"":""releases[0].tender.items[10].additionalClassifications[5].id"",""value"":""09331200"",""kind"":""cpv""},{""path"":""releases[0].tender.items[10].additionalClassifications[6].id"",""value"":""09332000"",""kind"":""cpv""},{""path"":""releases[0].tender.items[10].additionalClassifications[7].id"",""value"":""31158000"",""kind"":""cpv""},{""path"":""releases[0].tender.items[10].additionalClassifications[8].id"",""value"":""31422000"",""kind"":""cpv""},{""path"":""releases[0].tender.items[10].additionalClassifications[9].id"",""value"":""31440000"",""kind"":""cpv""},{""path"":""releases[0].tender.items[10].additionalClassifications[10].id"",""value"":""32424000"",""kind"":""cpv""},{""path"":""releases[0].tender.items[10].additionalClassifications[11].id"",""value"":""38126200"",""kind"":""cpv""},{""path"":""releases[0].tender.items[10].additionalClassifications[12].id"",""value"":""39715200"",""kind"":""cpv""},{""path"":""releases[0].tender.items[10].additionalClassifications[13].id"",""value"":""42500000"",""kind"":""cpv""},{""path"":""releases[0].tender.items[10].additionalClassifications[14].id"",""value"":""42510000"",""kind"":""cpv""},{""path"":""releases[0].tender.items[10].additionalClassifications[15].id"",""value"":""42511110"",""kind"":""cpv""},{""path"":""releases[0].tender.items[10].additionalClassifications[16].id"",""value"":""44621000"",""kind"":""cpv""},{""path"":""releases[0].tender.items[10].additionalClassifications[17].id"",""value"":""44621100"",""kind"":""cpv""},{""path"":""releases[0].tender.items[10].additionalClassifications[18].id"",""value"":""44621200"",""kind"":""cpv""},{""path"":""releases[0].tender.items[10].additionalClassifications[19].id"",""value"":""45211000"",""kind"":""cpv""},{""path"":""releases[0].tender.items[10].additionalClassifications[20].id"",""value"":""45211310"",""kind"":""cpv""},{""path"":""releases[0].tender.items[10].additionalClassifications[21].id"",""value"":""45214000"",""kind"":""cpv""},{""path"":""releases[0].tender.items[10].additionalClassifications[22].id"",""value"":""45214200"",""kind"":""cpv""},{""path"":""releases[0].tender.items[10].additionalClassifications[23].id"",""value"":""45215100"",""kind"":""cpv""},{""path"":""releases[0].tender.items[10].additionalClassifications[24].id"",""value"":""45215200"",""kind"":""cpv""},{""path"":""releases[0].tender.items[10].additionalClassifications[25].id"",""value"":""45215213"",""kind"":""cpv""},{""path"":""releases[0].tender.items[10].additionalClassifications[26].id"",""value"":""45215214"",""kind"":""cpv""},{""path"":""releases[0].tender.items[10].additionalClassifications[27].id"",""value"":""45215222"",""kind"":""cpv""},{""path"":""releases[0].tender.items[10].additionalClassifications[28].id"",""value"":""45231112"",""kind"":""cpv""},{""path"":""releases[0].tender.items[10].additionalClassifications[29].id"",""value"":""45232141"",""kind"":""cpv""},{""path"":""releases[0].tender.items[10].additionalClassifications[30].id"",""value"":""45261410"",""kind"":""cpv""},{""path"":""releases[0].tender.items[10].additionalClassifications[31].id"",""value"":""45261900"",""kind"":""cpv""},{""path"":""releases[0].tender.items[10].additionalClassifications[32].id"",""value"":""45261920"",""kind"":""cpv""},{""path"":""releases[0].tender.items[10].additionalClassifications[33].id"",""value"":""45262650"",""kind"":""cpv""},{""path"":""releases[0].tender.items[10].additionalClassifications[34].id"",""value"":""45262700"",""kind"":""cpv""},{""path"":""releases[0].tender.items[10].additionalClassifications[35].id"",""value"":""45300000"",""kind"":""cpv""},{""path"":""releases[0].tender.items[10].additionalClassifications[36].id"",""value"":""45310000"",""kind"":""cpv""},{""path"":""releases[0].tender.items[10].additionalClassifications[37].id"",""value"":""45315000"",""kind"":""cpv""},{""path"":""releases[0].tender.items[10].additionalClassifications[38].id"",""value"":""45320000"",""kind"":""cpv""},{""path"":""releases[0].tender.items[10].additionalClassifications[39].id"",""value"":""45321000"",""kind"":""cpv""},{""path"":""releases[0].tender.items[10].additionalClassifications[40].id"",""value"":""45330000"",""kind"":""cpv""},{""path"":""releases[0].tender.items[10].additionalClassifications[41].id"",""value"":""45331000"",""kind"":""cpv""},{""path"":""releases[0].tender.items[10].additionalClassifications[42].id"",""value"":""45331100"",""kind"":""cpv""},{""path"":""releases[0].tender.items[10].additionalClassifications[43].id"",""value"":""45331200"",""kind"":""cpv""},{""path"":""releases[0].tender.items[10].additionalClassifications[44].id"",""value"":""45331210"",""kind"":""cpv""},{""path"":""releases[0].tender.items[10].additionalClassifications[45].id"",""value"":""45350000"",""kind"":""cpv""},{""path"":""releases[0].tender.items[10].additionalClassifications[46].id"",""value"":""45410000"",""kind"":""cpv""},{""path"":""releases[0].tender.items[10].additionalClassifications[47].id"",""value"":""45421000"",""kind"":""cpv""},{""path"":""releases[0].tender.items[10].additionalClassifications[48].id"",""value"":""45421100"",""kind"":""cpv""},{""path"":""releases[0].tender.items[10].additionalClassifications[49].id"",""value"":""50710000"",""kind"":""cpv""},{""path"":""releases[0].tender.items[10].additionalClassifications[50].id"",""value"":""50720000"",""kind"":""cpv""},{""path"":""releases[0].tender.items[10].additionalClassifications[51].id"",""value"":""50721000"",""kind"":""cpv""},{""path"":""releases[0].tender.items[10].additionalClassifications[52].id"",""value"":""71000000"",""kind"":""cpv""},{""path"":""releases[0].tender.items[10].additionalClassifications[53].id"",""value"":""71200000"",""kind"":""cpv""},{""path"":""releases[0].tender.items[10].additionalClassifications[54].id"",""value"":""71240000"",""kind"":""cpv""},{""path"":""releases[0].tender.items[10].additionalClassifications[55].id"",""value"":""71310000"",""kind"":""cpv""},{""path"":""releases[0].tender.items[10].additionalClassifications[56].id"",""value"":""71314000"",""kind"":""cpv""},{""path"":""releases[0].tender.items[10].additionalClassifications[57].id"",""value"":""71314200"",""kind"":""cpv""},{""path"":""releases[0].tender.items[10].additionalClassifications[58].id"",""value"":""71314300"",""kind"":""cpv""},{""path"":""releases[0].tender.items[10].additionalClassifications[59].id"",""value"":""71315200"",""kind"":""cpv""},{""path"":""releases[0].tender.items[10].additionalClassifications[60].id"",""value"":""71324000"",""kind"":""cpv""},{""path"":""releases[0].tender.items[10].additionalClassifications[61].id"",""value"":""71540000"",""kind"":""cpv""},{""path"":""releases[0].tender.items[10].additionalClassifications[62].id"",""value"":""71600000"",""kind"":""cpv""},{""path"":""releases[0].tender.items[10].additionalClassifications[63].id"",""value"":""71630000"",""kind"":""cpv""},{""path"":""releases[0].tender.items[10].additionalClassifications[64].id"",""value"":""98391000"",""kind"":""cpv""},{""path"":""releases[0].tender.items[10].additionalClassifications[65].id"",""value"":""38551000"",""kind"":""cpv""},{""path"":""releases[0].tender.items[10].additionalClassifications[66].id"",""value"":""45317000"",""kind"":""cpv""},{""path"":""releases[0].tender.items[11].additionalClassifications[0].id"",""value"":""09300000"",""kind"":""cpv""},{""path"":""releases[0].tender.items[11].additionalClassifications[1].id"",""value"":""09323000"",""kind"":""cpv""},{""path"":""releases[0].tender.items[11].additionalClassifications[2].id"",""value"":""09330000"",""kind"":""cpv""},{""path"":""releases[0].tender.items[11].additionalClassifications[3].id"",""value"":""09331000"",""kind"":""cpv""},{""path"":""releases[0].tender.items[11].additionalClassifications[4].id"",""value"":""09331100"",""kind"":""cpv""},{""path"":""releases[0].tender.items[11].additionalClassifications[5].id"",""value"":""09331200"",""kind"":""cpv""},{""path"":""releases[0].tender.items[11].additionalClassifications[6].id"",""value"":""09332000"",""kind"":""cpv""},{""path"":""releases[0].tender.items[11].additionalClassifications[7].id"",""value"":""31158000"",""kind"":""cpv""},{""path"":""releases[0].tender.items[11].additionalClassifications[8].id"",""value"":""31422000"",""kind"":""cpv""},{""path"":""releases[0].tender.items[11].additionalClassifications[9].id"",""value"":""31440000"",""kind"":""cpv""},{""path"":""releases[0].tender.items[11].additionalClassifications[10].id"",""value"":""32424000"",""kind"":""cpv""},{""path"":""releases[0].tender.items[11].additionalClassifications[11].id"",""value"":""38126200"",""kind"":""cpv""},{""path"":""releases[0].tender.items[11].additionalClassifications[12].id"",""value"":""39715200"",""kind"":""cpv""},{""path"":""releases[0].tender.items[11].additionalClassifications[13].id"",""value"":""42500000"",""kind"":""cpv""},{""path"":""releases[0].tender.items[11].additionalClassifications[14].id"",""value"":""42510000"",""kind"":""cpv""},{""path"":""releases[0].tender.items[11].additionalClassifications[15].id"",""value"":""42511110"",""kind"":""cpv""},{""path"":""releases[0].tender.items[11].additionalClassifications[16].id"",""value"":""44621000"",""kind"":""cpv""},{""path"":""releases[0].tender.items[11].additionalClassifications[17].id"",""value"":""44621100"",""kind"":""cpv""},{""path"":""releases[0].tender.items[11].additionalClassifications[18].id"",""value"":""44621200"",""kind"":""cpv""},{""path"":""releases[0].tender.items[11].additionalClassifications[19].id"",""value"":""45211000"",""kind"":""cpv""},{""path"":""releases[0].tender.items[11].additionalClassifications[20].id"",""value"":""45211310"",""kind"":""cpv""},{""path"":""releases[0].tender.items[11].additionalClassifications[21].id"",""value"":""45214000"",""kind"":""cpv""},{""path"":""releases[0].tender.items[11].additionalClassifications[22].id"",""value"":""45214200"",""kind"":""cpv""},{""path"":""releases[0].tender.items[11].additionalClassifications[23].id"",""value"":""45215100"",""kind"":""cpv""},{""path"":""releases[0].tender.items[11].additionalClassifications[24].id"",""value"":""45215200"",""kind"":""cpv""},{""path"":""releases[0].tender.items[11].additionalClassifications[25].id"",""value"":""45215213"",""kind"":""cpv""},{""path"":""releases[0].tender.items[11].additionalClassifications[26].id"",""value"":""45215214"",""kind"":""cpv""},{""path"":""releases[0].tender.items[11].additionalClassifications[27].id"",""value"":""45215222"",""kind"":""cpv""},{""path"":""releases[0].tender.items[11].additionalClassifications[28].id"",""value"":""45231112"",""kind"":""cpv""},{""path"":""releases[0].tender.items[11].additionalClassifications[29].id"",""value"":""45232141"",""kind"":""cpv""},{""path"":""releases[0].tender.items[11].additionalClassifications[30].id"",""value"":""45261410"",""kind"":""cpv""},{""path"":""releases[0].tender.items[11].additionalClassifications[31].id"",""value"":""45261920"",""kind"":""cpv""},{""path"":""releases[0].tender.items[11].additionalClassifications[32].id"",""value"":""45262650"",""kind"":""cpv""},{""path"":""releases[0].tender.items[11].additionalClassifications[33].id"",""value"":""45262700"",""kind"":""cpv""},{""path"":""releases[0].tender.items[11].additionalClassifications[34].id"",""value"":""45300000"",""kind"":""cpv""},{""path"":""releases[0].tender.items[11].additionalClassifications[35].id"",""value"":""45310000"",""kind"":""cpv""},{""path"":""releases[0].tender.items[11].additionalClassifications[36].id"",""value"":""45315000"",""kind"":""cpv""},{""path"":""releases[0].tender.items[11].additionalClassifications[37].id"",""value"":""45320000"",""kind"":""cpv""},{""path"":""releases[0].tender.items[11].additionalClassifications[38].id"",""value"":""45321000"",""kind"":""cpv""},{""path"":""releases[0].tender.items[11].additionalClassifications[39].id"",""value"":""45330000"",""kind"":""cpv""},{""path"":""releases[0].tender.items[11].additionalClassifications[40].id"",""value"":""45331000"",""kind"":""cpv""},{""path"":""releases[0].tender.items[11].additionalClassifications[41].id"",""value"":""45331100"",""kind"":""cpv""},{""path"":""releases[0].tender.items[11].additionalClassifications[42].id"",""value"":""45331200"",""kind"":""cpv""},{""path"":""releases[0].tender.items[11].additionalClassifications[43].id"",""value"":""45331210"",""kind"":""cpv""},{""path"":""releases[0].tender.items[11].additionalClassifications[44].id"",""value"":""45350000"",""kind"":""cpv""},{""path"":""releases[0].tender.items[11].additionalClassifications[45].id"",""value"":""45410000"",""kind"":""cpv""},{""path"":""releases[0].tender.items[11].additionalClassifications[46].id"",""value"":""45421000"",""kind"":""cpv""},{""path"":""releases[0].tender.items[11].additionalClassifications[47].id"",""value"":""45421100"",""kind"":""cpv""},{""path"":""releases[0].tender.items[11].additionalClassifications[48].id"",""value"":""50710000"",""kind"":""cpv""},{""path"":""releases[0].tender.items[11].additionalClassifications[49].id"",""value"":""50720000"",""kind"":""cpv""},{""path"":""releases[0].tender.items[11].additionalClassifications[50].id"",""value"":""50721000"",""kind"":""cpv""},{""path"":""releases[0].tender.items[11].additionalClassifications[51].id"",""value"":""71000000"",""kind"":""cpv""},{""path"":""releases[0].tender.items[11].additionalClassifications[52].id"",""value"":""71200000"",""kind"":""cpv""},{""path"":""releases[0].tender.items[11].additionalClassifications[53].id"",""value"":""71240000"",""kind"":""cpv""},{""path"":""releases[0].tender.items[11].additionalClassifications[54].id"",""value"":""71310000"",""kind"":""cpv""},{""path"":""releases[0].tender.items[11].additionalClassifications[55].id"",""value"":""71314000"",""kind"":""cpv""},{""path"":""releases[0].tender.items[11].additionalClassifications[56].id"",""value"":""71314200"",""kind"":""cpv""},{""path"":""releases[0].tender.items[11].additionalClassifications[57].id"",""value"":""71314300"",""kind"":""cpv""},{""path"":""releases[0].tender.items[11].additionalClassifications[58].id"",""value"":""71315200"",""kind"":""cpv""},{""path"":""releases[0].tender.items[11].additionalClassifications[59].id"",""value"":""71324000"",""kind"":""cpv""},{""path"":""releases[0].tender.items[11].additionalClassifications[60].id"",""value"":""71540000"",""kind"":""cpv""},{""path"":""releases[0].tender.items[11].additionalClassifications[61].id"",""value"":""71600000"",""kind"":""cpv""},{""path"":""releases[0].tender.items[11].additionalClassifications[62].id"",""value"":""71630000"",""kind"":""cpv""},{""path"":""releases[0].tender.items[11].additionalClassifications[63].id"",""value"":""98391000"",""kind"":""cpv""},{""path"":""releases[0].tender.items[11].additionalClassifications[64].id"",""value"":""38551000"",""kind"":""cpv""},{""path"":""releases[0].tender.items[11].additionalClassifications[65].id"",""value"":""45317000"",""kind"":""cpv""},{""path"":""releases[0].tender.items[12].additionalClassifications[0].id"",""value"":""45320000"",""kind"":""cpv""},{""path"":""releases[0].tender.items[12].additionalClassifications[1].id"",""value"":""45261410"",""kind"":""cpv""},{""path"":""releases[0].tender.items[12].additionalClassifications[2].id"",""value"":""45321000"",""kind"":""cpv""},{""path"":""releases[0].tender.items[12].additionalClassifications[3].id"",""value"":""45400000"",""kind"":""cpv""},{""path"":""releases[0].tender.items[12].additionalClassifications[4].id"",""value"":""45410000"",""kind"":""cpv""},{""path"":""releases[0].tender.items[12].additionalClassifications[5].id"",""value"":""45420000"",""kind"":""cpv""},{""path"":""releases[0].tender.items[12].additionalClassifications[6].id"",""value"":""71315200"",""kind"":""cpv""},{""path"":""releases[0].tender.items[12].additionalClassifications[7].id"",""value"":""71314300"",""kind"":""cpv""},{""path"":""releases[0].tender.items[12].additionalClassifications[8].id"",""value"":""71320000"",""kind"":""cpv""},{""path"":""releases[0].tender.items[12].additionalClassifications[9].id"",""value"":""45261900"",""kind"":""cpv""},{""path"":""releases[0].tender.items[12].additionalClassifications[10].id"",""value"":""45310000"",""kind"":""cpv""},{""path"":""releases[0].tender.items[12].additionalClassifications[11].id"",""value"":""71314000"",""kind"":""cpv""},{""path"":""releases[0].tender.items[12].additionalClassifications[12].id"",""value"":""45300000"",""kind"":""cpv""},{""path"":""releases[0].tender.items[12].additionalClassifications[13].id"",""value"":""45211000"",""kind"":""cpv""},{""path"":""releases[0].tender.items[12].additionalClassifications[14].id"",""value"":""45214200"",""kind"":""cpv""},{""path"":""releases[0].tender.items[12].additionalClassifications[15].id"",""value"":""45214000"",""kind"":""cpv""},{""path"":""releases[0].tender.items[12].additionalClassifications[16].id"",""value"":""45215100"",""kind"":""cpv""},{""path"":""releases[0].tender.items[12].additionalClassifications[17].id"",""value"":""45215200"",""kind"":""cpv""},{""path"":""releases[0].tender.items[12].additionalClassifications[18].id"",""value"":""45215213"",""kind"":""cpv""},{""path"":""releases[0].tender.items[12].additionalClassifications[19].id"",""value"":""45215214"",""kind"":""cpv""},{""path"":""releases[0].tender.items[12].additionalClassifications[20].id"",""value"":""45215222"",""kind"":""cpv""},{""path"":""releases[0].tender.items[12].additionalClassifications[21].id"",""value"":""45331210"",""kind"":""cpv""},{""path"":""releases[0].tender.items[12].additionalClassifications[22].id"",""value"":""45331200"",""kind"":""cpv""},{""path"":""releases[0].tender.items[12].additionalClassifications[23].id"",""value"":""45421100"",""kind"":""cpv""},{""path"":""releases[0].tender.items[12].additionalClassifications[24].id"",""value"":""45262650"",""kind"":""cpv""},{""path"":""releases[0].tender.items[13].additionalClassifications[0].id"",""value"":""09300000"",""kind"":""cpv""},{""path"":""releases[0].tender.items[13].additionalClassifications[1].id"",""value"":""09330000"",""kind"":""cpv""},{""path"":""releases[0].tender.items[13].additionalClassifications[2].id"",""value"":""09331000"",""kind"":""cpv""},{""path"":""releases[0].tender.items[13].additionalClassifications[3].id"",""value"":""09331200"",""kind"":""cpv""},{""path"":""releases[0].tender.items[13].additionalClassifications[4].id"",""value"":""09332000"",""kind"":""cpv""},{""path"":""releases[0].tender.items[13].additionalClassifications[5].id"",""value"":""31158000"",""kind"":""cpv""},{""path"":""releases[0].tender.items[13].additionalClassifications[6].id"",""value"":""31422000"",""kind"":""cpv""},{""path"":""releases[0].tender.items[13].additionalClassifications[7].id"",""value"":""31440000"",""kind"":""cpv""},{""path"":""releases[0].tender.items[13].additionalClassifications[8].id"",""value"":""42500000"",""kind"":""cpv""},{""path"":""releases[0].tender.items[13].additionalClassifications[9].id"",""value"":""42510000"",""kind"":""cpv""},{""path"":""releases[0].tender.items[13].additionalClassifications[10].id"",""value"":""42511110"",""kind"":""cpv""},{""path"":""releases[0].tender.items[13].additionalClassifications[11].id"",""value"":""44621200"",""kind"":""cpv""},{""path"":""releases[0].tender.items[13].additionalClassifications[12].id"",""value"":""45120000"",""kind"":""cpv""},{""path"":""releases[0].tender.items[13].additionalClassifications[13].id"",""value"":""45232141"",""kind"":""cpv""},{""path"":""releases[0].tender.items[13].additionalClassifications[14].id"",""value"":""45255600"",""kind"":""cpv""},{""path"":""releases[0].tender.items[13].additionalClassifications[15].id"",""value"":""45310000"",""kind"":""cpv""},{""path"":""releases[0].tender.items[13].additionalClassifications[16].id"",""value"":""45331000"",""kind"":""cpv""},{""path"":""releases[0].tender.items[13].additionalClassifications[17].id"",""value"":""45400000"",""kind"":""cpv""},{""path"":""releases[0].tender.items[13].additionalClassifications[18].id"",""value"":""50000000"",""kind"":""cpv""},{""path"":""releases[0].tender.items[13].additionalClassifications[19].id"",""value"":""50711000"",""kind"":""cpv""},{""path"":""releases[0].tender.items[13].additionalClassifications[20].id"",""value"":""50720000"",""kind"":""cpv""},{""path"":""releases[0].tender.items[13].additionalClassifications[21].id"",""value"":""50721000"",""kind"":""cpv""},{""path"":""releases[0].tender.items[13].additionalClassifications[22].id"",""value"":""51110000"",""kind"":""cpv""},{""path"":""releases[0].tender.items[13].additionalClassifications[23].id"",""value"":""71242000"",""kind"":""cpv""},{""path"":""releases[0].tender.items[13].additionalClassifications[24].id"",""value"":""71250000"",""kind"":""cpv""},{""path"":""releases[0].tender.items[13].additionalClassifications[25].id"",""value"":""71320000"",""kind"":""cpv""},{""path"":""releases[0].tender.items[13].additionalClassifications[26].id"",""value"":""71323100"",""kind"":""cpv""},{""path"":""releases[0].tender.items[13].additionalClassifications[27].id"",""value"":""45214000"",""kind"":""cpv""},{""path"":""releases[0].tender.items[13].additionalClassifications[28].id"",""value"":""45214200"",""kind"":""cpv""},{""path"":""releases[0].tender.items[13].additionalClassifications[29].id"",""value"":""45215100"",""kind"":""cpv""},{""path"":""releases[0].tender.items[13].additionalClassifications[30].id"",""value"":""45215200"",""kind"":""cpv""},{""path"":""releases[0].tender.items[13].additionalClassifications[31].id"",""value"":""45215213"",""kind"":""cpv""},{""path"":""releases[0].tender.items[13].additionalClassifications[32].id"",""value"":""45215214"",""kind"":""cpv""},{""path"":""releases[0].tender.items[13].additionalClassifications[33].id"",""value"":""45215222"",""kind"":""cpv""},{""path"":""releases[0].tender.items[13].additionalClassifications[34].id"",""value"":""45231112"",""kind"":""cpv""},{""path"":""releases[0].tender.items[13].additionalClassifications[35].id"",""value"":""44621100"",""kind"":""cpv""},{""path"":""releases[0].tender.items[13].additionalClassifications[36].id"",""value"":""44621000"",""kind"":""cpv""},{""path"":""releases[0].tender.items[13].additionalClassifications[37].id"",""value"":""71314000"",""kind"":""cpv""},{""path"":""releases[0].tender.items[13].additionalClassifications[38].id"",""value"":""39715200"",""kind"":""cpv""},{""path"":""releases[0].tender.items[14].additionalClassifications[0].id"",""value"":""09300000"",""kind"":""cpv""},{""path"":""releases[0].tender.items[14].additionalClassifications[1].id"",""value"":""09330000"",""kind"":""cpv""},{""path"":""releases[0].tender.items[14].additionalClassifications[2].id"",""value"":""09332000"",""kind"":""cpv""},{""path"":""releases[0].tender.items[14].additionalClassifications[3].id"",""value"":""09331200"",""kind"":""cpv""},{""path"":""releases[0].tender.items[14].additionalClassifications[4].id"",""value"":""09331000"",""kind"":""cpv""},{""path"":""releases[0].tender.items[14].additionalClassifications[5].id"",""value"":""31440000"",""kind"":""cpv""},{""path"":""releases[0].tender.items[14].additionalClassifications[6].id"",""value"":""31422000"",""kind"":""cpv""},{""path"":""releases[0].tender.items[14].additionalClassifications[7].id"",""value"":""50711000"",""kind"":""cpv""},{""path"":""releases[0].tender.items[14].additionalClassifications[8].id"",""value"":""50720000"",""kind"":""cpv""},{""path"":""releases[0].tender.items[14].additionalClassifications[9].id"",""value"":""50000000"",""kind"":""cpv""},{""path"":""releases[0].tender.items[14].additionalClassifications[10].id"",""value"":""71320000"",""kind"":""cpv""},{""path"":""releases[0].tender.items[14].additionalClassifications[11].id"",""value"":""71323100"",""kind"":""cpv""},{""path"":""releases[0].tender.items[14].additionalClassifications[12].id"",""value"":""71250000"",""kind"":""cpv""},{""path"":""releases[0].tender.items[14].additionalClassifications[13].id"",""value"":""45310000"",""kind"":""cpv""},{""path"":""releases[0].tender.items[14].additionalClassifications[14].id"",""value"":""31158000"",""kind"":""cpv""},{""path"":""releases[0].tender.items[14].additionalClassifications[15].id"",""value"":""51110000"",""kind"":""cpv""},{""path"":""releases[0].tender.items[14].additionalClassifications[16].id"",""value"":""45400000"",""kind"":""cpv""},{""path"":""releases[0].tender.items[14].additionalClassifications[17].id"",""value"":""42511110"",""kind"":""cpv""},{""path"":""releases[0].tender.items[14].additionalClassifications[18].id"",""value"":""42500000"",""kind"":""cpv""},{""path"":""releases[0].tender.items[14].additionalClassifications[19].id"",""value"":""42510000"",""kind"":""cpv""},{""path"":""releases[0].tender.items[14].additionalClassifications[20].id"",""value"":""45331000"",""kind"":""cpv""},{""path"":""releases[0].tender.items[14].additionalClassifications[21].id"",""value"":""44621200"",""kind"":""cpv""},{""path"":""releases[0].tender.items[14].additionalClassifications[22].id"",""value"":""45232141"",""kind"":""cpv""},{""path"":""releases[0].tender.items[14].additionalClassifications[23].id"",""value"":""50721000"",""kind"":""cpv""},{""path"":""releases[0].tender.items[14].additionalClassifications[24].id"",""value"":""45120000"",""kind"":""cpv""},{""path"":""releases[0].tender.items[14].additionalClassifications[25].id"",""value"":""45255600"",""kind"":""cpv""},{""path"":""releases[0].tender.items[14].additionalClassifications[26].id"",""value"":""71242000"",""kind"":""cpv""},{""path"":""releases[0].tender.items[14].additionalClassifications[27].id"",""value"":""45214000"",""kind"":""cpv""},{""path"":""releases[0].tender.items[14].additionalClassifications[28].id"",""value"":""45214200"",""kind"":""cpv""},{""path"":""releases[0].tender.items[14].additionalClassifications[29].id"",""value"":""45215100"",""kind"":""cpv""},{""path"":""releases[0].tender.items[14].additionalClassifications[30].id"",""value"":""45215200"",""kind"":""cpv""},{""path"":""releases[0].tender.items[14].additionalClassifications[31].id"",""value"":""45215213"",""kind"":""cpv""},{""path"":""releases[0].tender.items[14].additionalClassifications[32].id"",""value"":""45215214"",""kind"":""cpv""},{""path"":""releases[0].tender.items[14].additionalClassifications[33].id"",""value"":""45215222"",""kind"":""cpv""},{""path"":""releases[0].tender.items[14].additionalClassifications[34].id"",""value"":""45231112"",""kind"":""cpv""},{""path"":""releases[0].tender.items[14].additionalClassifications[35].id"",""value"":""44621100"",""kind"":""cpv""},{""path"":""releases[0].tender.items[14].additionalClassifications[36].id"",""value"":""44621000"",""kind"":""cpv""},{""path"":""releases[0].tender.items[14].additionalClassifications[37].id"",""value"":""71314000"",""kind"":""cpv""},{""path"":""releases[0].tender.items[14].additionalClassifications[38].id"",""value"":""39715200"",""kind"":""cpv""}]","Scotland","UK","delivery_nuts","[{""path"":""releases[0].tender.items[0].deliveryAddresses[0].region"",""value"":""UKM"",""kind"":""delivery_nuts""},{""path"":""releases[0].tender.items[1].deliveryAddresses[0].region"",""value"":""UKM"",""kind"":""delivery_nuts""},{""path"":""releases[0].tender.items[2].deliveryAddresses[0].region"",""value"":""UKM"",""kind"":""delivery_nuts""},{""path"":""releases[0].tender.items[3].deliveryAddresses[0].region"",""value"":""UKM"",""kind"":""delivery_nuts""},{""path"":""releases[0].tender.items[4].deliveryAddresses[0].region"",""value"":""UKM"",""kind"":""delivery_nuts""},{""path"":""releases[0].tender.items[5].deliveryAddresses[0].region"",""value"":""UKM"",""kind"":""delivery_nuts""},{""path"":""releases[0].tender.items[6].deliveryAddresses[0].region"",""value"":""UKM"",""kind"":""delivery_nuts""},{""path"":""releases[0].tender.items[7].deliveryAddresses[0].region"",""value"":""UKM"",""kind"":""delivery_nuts""},{""path"":""releases[0].tender.items[8].deliveryAddresses[0].region"",""value"":""UKM"",""kind"":""delivery_nuts""},{""path"":""releases[0].tender.items[9].deliveryAddresses[0].region"",""value"":""UKM"",""kind"":""delivery_nuts""},{""path"":""releases[0].tender.items[10].deliveryAddresses[0].region"",""value"":""UKM"",""kind"":""delivery_nuts""},{""path"":""releases[0].tender.items[11].deliveryAddresses[0].region"",""value"":""UKM"",""kind"":""delivery_nuts""},{""path"":""releases[0].tender.items[12].deliveryAddresses[0].region"",""value"":""UKM"",""kind"":""delivery_nuts""},{""path"":""releases[0].tender.items[13].deliveryAddresses[0].region"",""value"":""UKM"",""kind"":""delivery_nuts""},{""path"":""releases[0].tender.items[14].deliveryAddresses[0].region"",""value"":""UKM"",""kind"":""delivery_nuts""}]","true","88","2026-07-22.v1","[""Source confidence 88% (+18)"",""Source class FTS (+7)"",""Urgent timeline (+20)"",""Proximity fit 80% (+24)"",""Strong contact signal (+15)"",""Low-risk actionable contact path (+5)"",""Small job value (+5)"",""High intent keywords: retrofit (+5)"",""Data completeness (+10)"",""Commercial project (+3)"",""Very old lead 42d old (-24)""]","[{""reason"":""Source confidence 88% (+18)"",""provenance"":""source""},{""reason"":""Source class FTS (+7)"",""provenance"":""source""},{""reason"":""Urgent timeline (+20)"",""provenance"":""derived""},{""reason"":""Proximity fit 80% (+24)"",""provenance"":""derived""},{""reason"":""Strong contact signal (+15)"",""provenance"":""derived""},{""reason"":""Low-risk actionable contact path (+5)"",""provenance"":""derived""},{""reason"":""Small job value (+5)"",""provenance"":""derived""},{""reason"":""High intent keywords: retrofit (+5)"",""provenance"":""derived""},{""reason"":""Data completeness (+10)"",""provenance"":""derived""},{""reason"":""Commercial project (+3)"",""provenance"":""derived""},{""reason"":""Very old lead 42d old (-24)"",""provenance"":""derived""}]","BID","true","Synthetic label for benchmark pipeline validation"
"12","ocds-h6vhtk-06c87c","065141-2026","https://atamis-scottishwater.my.salesforce-sites.com/ProSpend__CS_PublicLandingPage?SearchType=Projects","2026-07-10T13:00:18+01:00","Provision of Legal Services","all","[""79100000""]","[{""path"":""releases[0].tender.classification.id"",""value"":""79100000"",""kind"":""cpv""},{""path"":""releases[0].tender.items[0].additionalClassifications[0].id"",""value"":""79100000"",""kind"":""cpv""},{""path"":""releases[0].tender.items[1].additionalClassifications[0].id"",""value"":""79100000"",""kind"":""cpv""},{""path"":""releases[0].tender.items[2].additionalClassifications[0].id"",""value"":""79100000"",""kind"":""cpv""},{""path"":""releases[0].tender.items[3].additionalClassifications[0].id"",""value"":""79100000"",""kind"":""cpv""}]","UKM; Scotland","UK","delivery_nuts","[{""path"":""releases[0].tender.items[0].deliveryAddresses[0].region"",""value"":""UKM"",""kind"":""delivery_nuts""},{""path"":""releases[0].tender.items[0].deliveryLocation[0].description"",""value"":""Scotland"",""kind"":""delivery_locality""},{""path"":""releases[0].tender.items[1].deliveryAddresses[0].region"",""value"":""UKM"",""kind"":""delivery_nuts""},{""path"":""releases[0].tender.items[1].deliveryLocation[0].description"",""value"":""Scotland"",""kind"":""delivery_locality""},{""path"":""releases[0].tender.items[2].deliveryAddresses[0].region"",""value"":""UKM"",""kind"":""delivery_nuts""},{""path"":""releases[0].tender.items[2].deliveryLocation[0].description"",""value"":""Scotland"",""kind"":""delivery_locality""},{""path"":""releases[0].tender.items[3].deliveryAddresses[0].region"",""value"":""UKM"",""kind"":""delivery_nuts""},{""path"":""releases[0].tender.items[3].deliveryLocation[0].description"",""value"":""Scotland"",""kind"":""delivery_locality""}]","true","88","2026-07-22.v1","[""Source confidence 88% (+18)"",""Source class FTS (+7)"",""Medium urgency (+12)"",""Proximity fit 80% (+24)"",""Strong contact signal (+15)"",""Low-risk actionable contact path (+5)"",""Small job value (+5)"",""Data completeness (+10)"",""Stale lead 12d old (-8)""]","[{""reason"":""Source confidence 88% (+18)"",""provenance"":""source""},{""reason"":""Source class FTS (+7)"",""provenance"":""source""},{""reason"":""Medium urgency (+12)"",""provenance"":""derived""},{""reason"":""Proximity fit 80% (+24)"",""provenance"":""derived""},{""reason"":""Strong contact signal (+15)"",""provenance"":""derived""},{""reason"":""Low-risk actionable contact path (+5)"",""provenance"":""derived""},{""reason"":""Small job value (+5)"",""provenance"":""derived""},{""reason"":""Data completeness (+10)"",""provenance"":""derived""},{""reason"":""Stale lead 12d old (-8)"",""provenance"":""derived""}]","BID","true","Synthetic label for benchmark pipeline validation"
"13","ocds-h6vhtk-06b9c2","058358-2026","https://api.publiccontractsscotland.gov.uk/v1/Notice?id=ocds-r6ebe6-0000835203","2026-06-22T10:18:58+01:00","Framework Agreement for Recycled Domestic Furniture and Strater Pack Goods","all","[""39140000"",""39700000"",""39143110"",""39221180"",""39516100""]","[{""path"":""releases[0].tender.classification.id"",""value"":""39140000"",""kind"":""cpv""},{""path"":""releases[0].tender.items[0].additionalClassifications[0].id"",""value"":""39140000"",""kind"":""cpv""},{""path"":""releases[0].tender.items[0].additionalClassifications[1].id"",""value"":""39700000"",""kind"":""cpv""},{""path"":""releases[0].tender.items[1].additionalClassifications[0].id"",""value"":""39140000"",""kind"":""cpv""},{""path"":""releases[0].tender.items[1].additionalClassifications[1].id"",""value"":""39143110"",""kind"":""cpv""},{""path"":""releases[0].tender.items[1].additionalClassifications[2].id"",""value"":""39221180"",""kind"":""cpv""},{""path"":""releases[0].tender.items[1].additionalClassifications[3].id"",""value"":""39516100"",""kind"":""cpv""}]","UKM71; Angus, Scotland","UK","delivery_nuts","[{""path"":""releases[0].tender.items[0].deliveryAddresses[0].region"",""value"":""UKM71"",""kind"":""delivery_nuts""},{""path"":""releases[0].tender.items[0].deliveryLocation[0].description"",""value"":""Angus, Scotland"",""kind"":""delivery_locality""},{""path"":""releases[0].tender.items[1].deliveryAddresses[0].region"",""value"":""UKM71"",""kind"":""delivery_nuts""},{""path"":""releases[0].tender.items[1].deliveryLocation[0].description"",""value"":""Angus, Scotland"",""kind"":""delivery_locality""}]","true","87","2026-07-22.v1","[""Source confidence 88% (+18)"",""Source class FTS (+7)"",""Urgent timeline (+20)"",""Proximity fit 80% (+24)"",""Strong contact signal (+15)"",""Low-risk actionable contact path (+5)"",""Small job value (+5)"",""Data completeness (+10)"",""Commercial project (+3)"",""Very old lead 30d old (-20)""]","[{""reason"":""Source confidence 88% (+18)"",""provenance"":""source""},{""reason"":""Source class FTS (+7)"",""provenance"":""source""},{""reason"":""Urgent timeline (+20)"",""provenance"":""derived""},{""reason"":""Proximity fit 80% (+24)"",""provenance"":""derived""},{""reason"":""Strong contact signal (+15)"",""provenance"":""derived""},{""reason"":""Low-risk actionable contact path (+5)"",""provenance"":""derived""},{""reason"":""Small job value (+5)"",""provenance"":""derived""},{""reason"":""Data completeness (+10)"",""provenance"":""derived""},{""reason"":""Commercial project (+3)"",""provenance"":""derived""},{""reason"":""Very old lead 30d old (-20)"",""provenance"":""derived""}]","BID","true","Synthetic label for benchmark pipeline validation"
"14","ocds-h6vhtk-06bda2","060102-2026","https://api.publiccontractsscotland.gov.uk/v1/Notice?id=ocds-r6ebe6-0000830029","2026-06-26T09:07:57+01:00","Intravenous & Topical Fluids","all","[""33600000""]","[{""path"":""releases[0].tender.classification.id"",""value"":""33600000"",""kind"":""cpv""},{""path"":""releases[0].tender.items[0].additionalClassifications[0].id"",""value"":""33600000"",""kind"":""cpv""},{""path"":""releases[0].tender.items[1].additionalClassifications[0].id"",""value"":""33600000"",""kind"":""cpv""},{""path"":""releases[0].tender.items[2].additionalClassifications[0].id"",""value"":""33600000"",""kind"":""cpv""},{""path"":""releases[0].tender.items[3].additionalClassifications[0].id"",""value"":""33600000"",""kind"":""cpv""},{""path"":""releases[0].tender.items[4].additionalClassifications[0].id"",""value"":""33600000"",""kind"":""cpv""}]","UKM; All entities constituted pursuant to the National Health Service (Scotland) Act 1978, and any Integrated Joint Boards established pursuant to the new Public Bodies (Joint Working) Scotland Act 2014.; All entities constituted pursuant to the National Health Service (Scotland) Act 1978, and any Integrated Joint Boards established pursuant to the new Public Bodies (Joint Working) Scotland Act 2014","UK","delivery_nuts","[{""path"":""releases[0].tender.items[0].deliveryAddresses[0].region"",""value"":""UKM"",""kind"":""delivery_nuts""},{""path"":""releases[0].tender.items[0].deliveryLocation[0].description"",""value"":""All entities constituted pursuant to the National Health Service (Scotland) Act 1978, and any Integrated Joint Boards established pursuant to the new Public Bodies (Joint Working) Scotland Act 2014."",""kind"":""delivery_locality""},{""path"":""releases[0].tender.items[1].deliveryAddresses[0].region"",""value"":""UKM"",""kind"":""delivery_nuts""},{""path"":""releases[0].tender.items[1].deliveryLocation[0].description"",""value"":""All entities constituted pursuant to the National Health Service (Scotland) Act 1978, and any Integrated Joint Boards established pursuant to the new Public Bodies (Joint Working) Scotland Act 2014."",""kind"":""delivery_locality""},{""path"":""releases[0].tender.items[2].deliveryAddresses[0].region"",""value"":""UKM"",""kind"":""delivery_nuts""},{""path"":""releases[0].tender.items[2].deliveryLocation[0].description"",""value"":""All entities constituted pursuant to the National Health Service (Scotland) Act 1978, and any Integrated Joint Boards established pursuant to the new Public Bodies (Joint Working) Scotland Act 2014"",""kind"":""delivery_locality""},{""path"":""releases[0].tender.items[3].deliveryAddresses[0].region"",""value"":""UKM"",""kind"":""delivery_nuts""},{""path"":""releases[0].tender.items[3].deliveryLocation[0].description"",""value"":""All entities constituted pursuant to the National Health Service (Scotland) Act 1978, and any Integrated Joint Boards established pursuant to the new Public Bodies (Joint Working) Scotland Act 2014."",""kind"":""delivery_locality""},{""path"":""releases[0].tender.items[4].deliveryAddresses[0].region"",""value"":""UKM"",""kind"":""delivery_nuts""},{""path"":""releases[0].tender.items[4].deliveryLocation[0].description"",""value"":""All entities constituted pursuant to the National Health Service (Scotland) Act 1978, and any Integrated Joint Boards established pursuant to the new Public Bodies (Joint Working) Scotland Act 2014."",""kind"":""delivery_locality""}]","true","87","2026-07-22.v1","[""Source confidence 88% (+18)"",""Source class FTS (+7)"",""Urgent timeline (+20)"",""Proximity fit 80% (+24)"",""Strong contact signal (+15)"",""Low-risk actionable contact path (+5)"",""Small job value (+5)"",""Data completeness (+10)"",""Commercial project (+3)"",""Old lead 27d old (-20)""]","[{""reason"":""Source confidence 88% (+18)"",""provenance"":""source""},{""reason"":""Source class FTS (+7)"",""provenance"":""source""},{""reason"":""Urgent timeline (+20)"",""provenance"":""derived""},{""reason"":""Proximity fit 80% (+24)"",""provenance"":""derived""},{""reason"":""Strong contact signal (+15)"",""provenance"":""derived""},{""reason"":""Low-risk actionable contact path (+5)"",""provenance"":""derived""},{""reason"":""Small job value (+5)"",""provenance"":""derived""},{""reason"":""Data completeness (+10)"",""provenance"":""derived""},{""reason"":""Commercial project (+3)"",""provenance"":""derived""},{""reason"":""Old lead 27d old (-20)"",""provenance"":""derived""}]","BID","true","Synthetic label for benchmark pipeline validation"
"15","ocds-h6vhtk-06b7c9","057451-2026","https://api.publiccontractsscotland.gov.uk/v1/Notice?id=ocds-r6ebe6-0000834460","2026-06-18T10:57:39+01:00","Provision of Researcher Development Program & Centre of Doctoral Training – 6 Lots","all","[""80000000"",""80500000"",""80510000"",""80521000""]","[{""path"":""releases[0].tender.classification.id"",""value"":""80000000"",""kind"":""cpv""},{""path"":""releases[0].tender.items[0].additionalClassifications[0].id"",""value"":""80500000"",""kind"":""cpv""},{""path"":""releases[0].tender.items[0].additionalClassifications[1].id"",""value"":""80510000"",""kind"":""cpv""},{""path"":""releases[0].tender.items[0].additionalClassifications[2].id"",""value"":""80521000"",""kind"":""cpv""},{""path"":""releases[0].tender.items[1].additionalClassifications[0].id"",""value"":""80500000"",""kind"":""cpv""},{""path"":""releases[0].tender.items[1].additionalClassifications[1].id"",""value"":""80510000"",""kind"":""cpv""},{""path"":""releases[0].tender.items[1].additionalClassifications[2].id"",""value"":""80521000"",""kind"":""cpv""},{""path"":""releases[0].tender.items[2].additionalClassifications[0].id"",""value"":""80500000"",""kind"":""cpv""},{""path"":""releases[0].tender.items[2].additionalClassifications[1].id"",""value"":""80510000"",""kind"":""cpv""},{""path"":""releases[0].tender.items[2].additionalClassifications[2].id"",""value"":""80521000"",""kind"":""cpv""},{""path"":""releases[0].tender.items[3].additionalClassifications[0].id"",""value"":""80500000"",""kind"":""cpv""},{""path"":""releases[0].tender.items[3].additionalClassifications[1].id"",""value"":""80510000"",""kind"":""cpv""},{""path"":""releases[0].tender.items[3].additionalClassifications[2].id"",""value"":""80521000"",""kind"":""cpv""},{""path"":""releases[0].tender.items[4].additionalClassifications[0].id"",""value"":""80500000"",""kind"":""cpv""},{""path"":""releases[0].tender.items[4].additionalClassifications[1].id"",""value"":""80510000"",""kind"":""cpv""},{""path"":""releases[0].tender.items[4].additionalClassifications[2].id"",""value"":""80521000"",""kind"":""cpv""},{""path"":""releases[0].tender.items[5].additionalClassifications[0].id"",""value"":""80500000"",""kind"":""cpv""},{""path"":""releases[0].tender.items[5].additionalClassifications[1].id"",""value"":""80510000"",""kind"":""cpv""},{""path"":""releases[0].tender.items[5].additionalClassifications[2].id"",""value"":""80521000"",""kind"":""cpv""}]","Scotland","UK","delivery_nuts","[{""path"":""releases[0].tender.items[0].deliveryAddresses[0].region"",""value"":""UKM82"",""kind"":""delivery_nuts""},{""path"":""releases[0].tender.items[1].deliveryAddresses[0].region"",""value"":""UKM82"",""kind"":""delivery_nuts""},{""path"":""releases[0].tender.items[2].deliveryAddresses[0].region"",""value"":""UKM82"",""kind"":""delivery_nuts""},{""path"":""releases[0].tender.items[3].deliveryAddresses[0].region"",""value"":""UKM82"",""kind"":""delivery_nuts""},{""path"":""releases[0].tender.items[4].deliveryAddresses[0].region"",""value"":""UKM82"",""kind"":""delivery_nuts""},{""path"":""releases[0].tender.items[5].deliveryAddresses[0].region"",""value"":""UKM82"",""kind"":""delivery_nuts""}]","true","86","2026-07-22.v1","[""Source confidence 88% (+18)"",""Source class FTS (+7)"",""Urgent timeline (+20)"",""Proximity fit 80% (+24)"",""Strong contact signal (+15)"",""Low-risk actionable contact path (+5)"",""Small job value (+5)"",""Data completeness (+10)"",""Commercial project (+3)"",""Very old lead 34d old (-21)""]","[{""reason"":""Source confidence 88% (+18)"",""provenance"":""source""},{""reason"":""Source class FTS (+7)"",""provenance"":""source""},{""reason"":""Urgent timeline (+20)"",""provenance"":""derived""},{""reason"":""Proximity fit 80% (+24)"",""provenance"":""derived""},{""reason"":""Strong contact signal (+15)"",""provenance"":""derived""},{""reason"":""Low-risk actionable contact path (+5)"",""provenance"":""derived""},{""reason"":""Small job value (+5)"",""provenance"":""derived""},{""reason"":""Data completeness (+10)"",""provenance"":""derived""},{""reason"":""Commercial project (+3)"",""provenance"":""derived""},{""reason"":""Very old lead 34d old (-21)"",""provenance"":""derived""}]","BID","true","Synthetic label for benchmark pipeline validation"
"16","ocds-h6vhtk-0685a6","062884-2026","https://api.publiccontractsscotland.gov.uk/v1/Notice?id=ocds-r6ebe6-0000829747","2026-07-03T15:10:20+01:00","NHS24 Workforce Management Solution","all","[""48000000"",""48100000""]","[{""path"":""releases[0].tender.classification.id"",""value"":""48000000"",""kind"":""cpv""},{""path"":""releases[0].tender.items[0].additionalClassifications[0].id"",""value"":""48000000"",""kind"":""cpv""},{""path"":""releases[0].tender.items[0].additionalClassifications[1].id"",""value"":""48100000"",""kind"":""cpv""}]","Scotland","UK","delivery_nuts","[{""path"":""releases[0].tender.items[0].deliveryAddresses[0].region"",""value"":""UKM"",""kind"":""delivery_nuts""}]","true","85","2026-07-22.v1","[""Source confidence 88% (+18)"",""Source class FTS (+7)"",""Medium urgency (+12)"",""Proximity fit 80% (+24)"",""Strong contact signal (+15)"",""Low-risk actionable contact path (+5)"",""Small job value (+5)"",""Data completeness (+10)"",""Commercial project (+3)"",""Old lead 19d old (-14)""]","[{""reason"":""Source confidence 88% (+18)"",""provenance"":""source""},{""reason"":""Source class FTS (+7)"",""provenance"":""source""},{""reason"":""Medium urgency (+12)"",""provenance"":""derived""},{""reason"":""Proximity fit 80% (+24)"",""provenance"":""derived""},{""reason"":""Strong contact signal (+15)"",""provenance"":""derived""},{""reason"":""Low-risk actionable contact path (+5)"",""provenance"":""derived""},{""reason"":""Small job value (+5)"",""provenance"":""derived""},{""reason"":""Data completeness (+10)"",""provenance"":""derived""},{""reason"":""Commercial project (+3)"",""provenance"":""derived""},{""reason"":""Old lead 19d old (-14)"",""provenance"":""derived""}]","BID","true","Synthetic label for benchmark pipeline validation"
"17","ocds-h6vhtk-06bb6e","059120-2026","https://api.publiccontractsscotland.gov.uk/v1/Notice?id=ocds-r6ebe6-0000834729","2026-06-23T16:25:43+01:00","Cycling Solutions Procurement Document","all","[""34430000""]","[{""path"":""releases[0].tender.classification.id"",""value"":""34430000"",""kind"":""cpv""},{""path"":""releases[0].tender.items[0].additionalClassifications[0].id"",""value"":""34430000"",""kind"":""cpv""},{""path"":""releases[0].tender.items[1].additionalClassifications[0].id"",""value"":""34430000"",""kind"":""cpv""},{""path"":""releases[0].tender.items[2].additionalClassifications[0].id"",""value"":""34430000"",""kind"":""cpv""},{""path"":""releases[0].tender.items[3].additionalClassifications[0].id"",""value"":""34430000"",""kind"":""cpv""},{""path"":""releases[0].tender.items[4].additionalClassifications[0].id"",""value"":""34430000"",""kind"":""cpv""},{""path"":""releases[0].tender.items[5].additionalClassifications[0].id"",""value"":""34430000"",""kind"":""cpv""}]","Scotland","UK","delivery_nuts","[{""path"":""releases[0].tender.items[0].deliveryAddresses[0].region"",""value"":""UKM72"",""kind"":""delivery_nuts""},{""path"":""releases[0].tender.items[1].deliveryAddresses[0].region"",""value"":""UKM72"",""kind"":""delivery_nuts""},{""path"":""releases[0].tender.items[2].deliveryAddresses[0].region"",""value"":""UKM72"",""kind"":""delivery_nuts""},{""path"":""releases[0].tender.items[3].deliveryAddresses[0].region"",""value"":""UKM72"",""kind"":""delivery_nuts""},{""path"":""releases[0].tender.items[4].deliveryAddresses[0].region"",""value"":""UKM72"",""kind"":""delivery_nuts""},{""path"":""releases[0].tender.items[5].deliveryAddresses[0].region"",""value"":""UKM72"",""kind"":""delivery_nuts""}]","true","85","2026-07-22.v1","[""Source confidence 88% (+18)"",""Source class FTS (+7)"",""Urgent timeline (+20)"",""Proximity fit 80% (+24)"",""Strong contact signal (+15)"",""Low-risk actionable contact path (+5)"",""Small job value (+5)"",""Data completeness (+10)"",""Commercial project (+3)"",""Old lead 29d old (-22)""]","[{""reason"":""Source confidence 88% (+18)"",""provenance"":""source""},{""reason"":""Source class FTS (+7)"",""provenance"":""source""},{""reason"":""Urgent timeline (+20)"",""provenance"":""derived""},{""reason"":""Proximity fit 80% (+24)"",""provenance"":""derived""},{""reason"":""Strong contact signal (+15)"",""provenance"":""derived""},{""reason"":""Low-risk actionable contact path (+5)"",""provenance"":""derived""},{""reason"":""Small job value (+5)"",""provenance"":""derived""},{""reason"":""Data completeness (+10)"",""provenance"":""derived""},{""reason"":""Commercial project (+3)"",""provenance"":""derived""},{""reason"":""Old lead 29d old (-22)"",""provenance"":""derived""}]","BID","true","Synthetic label for benchmark pipeline validation"
"18","ocds-h6vhtk-06c817","064964-2026","https://api.publiccontractsscotland.gov.uk/v1/Notice?id=ocds-r6ebe6-0000836953","2026-07-10T09:03:55+01:00","ng homes: Mechanical & Electrical Services Maintenance Contract","electrical","[""50710000"",""50700000""]","[{""path"":""releases[0].tender.classification.id"",""value"":""50710000"",""kind"":""cpv""},{""path"":""releases[0].tender.items[0].additionalClassifications[0].id"",""value"":""50700000"",""kind"":""cpv""}]","Scotland","UK","delivery_nuts","[{""path"":""releases[0].tender.items[0].deliveryAddresses[0].region"",""value"":""UKM82"",""kind"":""delivery_nuts""}]","true","85","2026-07-22.v1","[""Source confidence 88% (+18)"",""Source class FTS (+7)"",""Medium urgency (+12)"",""Proximity fit 80% (+24)"",""Strong contact signal (+15)"",""Low-risk actionable contact path (+5)"",""Low/unknown value (+0)"",""High intent keywords: repair, remedial work (+10)"",""Ghost/spam signal: test (-8)"",""Data completeness (+10)"",""Stale lead 13d old (-8)""]","[{""reason"":""Source confidence 88% (+18)"",""provenance"":""source""},{""reason"":""Source class FTS (+7)"",""provenance"":""source""},{""reason"":""Medium urgency (+12)"",""provenance"":""derived""},{""reason"":""Proximity fit 80% (+24)"",""provenance"":""derived""},{""reason"":""Strong contact signal (+15)"",""provenance"":""derived""},{""reason"":""Low-risk actionable contact path (+5)"",""provenance"":""derived""},{""reason"":""Low/unknown value (+0)"",""provenance"":""derived""},{""reason"":""High intent keywords: repair, remedial work (+10)"",""provenance"":""derived""},{""reason"":""Ghost/spam signal: test (-8)"",""provenance"":""derived""},{""reason"":""Data completeness (+10)"",""provenance"":""derived""},{""reason"":""Stale lead 13d old (-8)"",""provenance"":""derived""}]","BID","true","Synthetic label for benchmark pipeline validation"
"19","ocds-h6vhtk-06947d","063254-2026","https://api.publiccontractsscotland.gov.uk/v1/Notice?id=ocds-r6ebe6-0000836392","2026-07-06T14:48:37+01:00","DCAF - Secure Transport and Escort of Children to Scottish Ministers","all","[""60130000"",""75231220""]","[{""path"":""releases[0].tender.classification.id"",""value"":""60130000"",""kind"":""cpv""},{""path"":""releases[0].tender.items[0].additionalClassifications[0].id"",""value"":""75231220"",""kind"":""cpv""}]","Scotland","UK","delivery_nuts","[{""path"":""releases[0].tender.items[0].deliveryAddresses[0].region"",""value"":""UKM"",""kind"":""delivery_nuts""}]","true","84","2026-07-22.v1","[""Source confidence 88% (+18)"",""Source class FTS (+7)"",""Medium urgency (+12)"",""Proximity fit 80% (+24)"",""Strong contact signal (+15)"",""Low-risk actionable contact path (+5)"",""Small job value (+5)"",""Data completeness (+10)"",""Old lead 16d old (-12)""]","[{""reason"":""Source confidence 88% (+18)"",""provenance"":""source""},{""reason"":""Source class FTS (+7)"",""provenance"":""source""},{""reason"":""Medium urgency (+12)"",""provenance"":""derived""},{""reason"":""Proximity fit 80% (+24)"",""provenance"":""derived""},{""reason"":""Strong contact signal (+15)"",""provenance"":""derived""},{""reason"":""Low-risk actionable contact path (+5)"",""provenance"":""derived""},{""reason"":""Small job value (+5)"",""provenance"":""derived""},{""reason"":""Data completeness (+10)"",""provenance"":""derived""},{""reason"":""Old lead 16d old (-12)"",""provenance"":""derived""}]","BID","true","Synthetic label for benchmark pipeline validation"
"20","ocds-h6vhtk-06b369","055412-2026","https://api.publiccontractsscotland.gov.uk/v1/Notice?id=ocds-r6ebe6-0000834493","2026-06-11T16:25:41+01:00","Foundations for Change Flexible Framework – Supporting Adults Aged 18–65","all","[""85300000""]","[{""path"":""releases[0].tender.classification.id"",""value"":""85300000"",""kind"":""cpv""},{""path"":""releases[0].tender.items[0].additionalClassifications[0].id"",""value"":""85300000"",""kind"":""cpv""},{""path"":""releases[0].tender.items[1].additionalClassifications[0].id"",""value"":""85300000"",""kind"":""cpv""},{""path"":""releases[0].tender.items[2].additionalClassifications[0].id"",""value"":""85300000"",""kind"":""cpv""},{""path"":""releases[0].tender.items[3].additionalClassifications[0].id"",""value"":""85300000"",""kind"":""cpv""},{""path"":""releases[0].tender.items[4].additionalClassifications[0].id"",""value"":""85300000"",""kind"":""cpv""},{""path"":""releases[0].tender.items[5].additionalClassifications[0].id"",""value"":""85300000"",""kind"":""cpv""}]","Scotland","UK","delivery_nuts","[{""path"":""releases[0].tender.items[0].deliveryAddresses[0].region"",""value"":""UKM81"",""kind"":""delivery_nuts""},{""path"":""releases[0].tender.items[1].deliveryAddresses[0].region"",""value"":""UKM81"",""kind"":""delivery_nuts""},{""path"":""releases[0].tender.items[2].deliveryAddresses[0].region"",""value"":""UKM81"",""kind"":""delivery_nuts""},{""path"":""releases[0].tender.items[3].deliveryAddresses[0].region"",""value"":""UKM81"",""kind"":""delivery_nuts""},{""path"":""releases[0].tender.items[4].deliveryAddresses[0].region"",""value"":""UKM81"",""kind"":""delivery_nuts""},{""path"":""releases[0].tender.items[5].deliveryAddresses[0].region"",""value"":""UKM81"",""kind"":""delivery_nuts""}]","true","84","2026-07-22.v1","[""Source confidence 88% (+18)"",""Source class FTS (+7)"",""Urgent timeline (+20)"",""Proximity fit 80% (+24)"",""Strong contact signal (+15)"",""Low-risk actionable contact path (+5)"",""Small job value (+5)"",""Data completeness (+10)"",""Commercial project (+3)"",""Very old lead 41d old (-23)""]","[{""reason"":""Source confidence 88% (+18)"",""provenance"":""source""},{""reason"":""Source class FTS (+7)"",""provenance"":""source""},{""reason"":""Urgent timeline (+20)"",""provenance"":""derived""},{""reason"":""Proximity fit 80% (+24)"",""provenance"":""derived""},{""reason"":""Strong contact signal (+15)"",""provenance"":""derived""},{""reason"":""Low-risk actionable contact path (+5)"",""provenance"":""derived""},{""reason"":""Small job value (+5)"",""provenance"":""derived""},{""reason"":""Data completeness (+10)"",""provenance"":""derived""},{""reason"":""Commercial project (+3)"",""provenance"":""derived""},{""reason"":""Very old lead 41d old (-23)"",""provenance"":""derived""}]","BID","true","Synthetic label for benchmark pipeline validation"
"21","ocds-h6vhtk-06bdb7","060139-2026","https://api.publiccontractsscotland.gov.uk/v1/Notice?id=ocds-r6ebe6-0000835535","2026-06-26T10:00:54+01:00","Harvesters and Forwarders Framework","landscaping","[""16340000"",""16300000"",""77300000""]","[{""path"":""releases[0].tender.classification.id"",""value"":""16340000"",""kind"":""cpv""},{""path"":""releases[0].tender.items[0].additionalClassifications[0].id"",""value"":""16300000"",""kind"":""cpv""},{""path"":""releases[0].tender.items[0].additionalClassifications[1].id"",""value"":""77300000"",""kind"":""cpv""}]","UKM; Various Sites in Scotland.","UK","delivery_nuts","[{""path"":""releases[0].tender.items[0].deliveryAddresses[0].region"",""value"":""UKM"",""kind"":""delivery_nuts""},{""path"":""releases[0].tender.items[0].deliveryLocation[0].description"",""value"":""Various Sites in Scotland."",""kind"":""delivery_locality""}]","true","84","2026-07-22.v1","[""Source confidence 88% (+18)"",""Source class FTS (+7)"",""Urgent timeline (+20)"",""Proximity fit 80% (+24)"",""Strong contact signal (+15)"",""Low-risk actionable contact path (+5)"",""Small job value (+5)"",""Data completeness (+10)"",""Old lead 26d old (-20)""]","[{""reason"":""Source confidence 88% (+18)"",""provenance"":""source""},{""reason"":""Source class FTS (+7)"",""provenance"":""source""},{""reason"":""Urgent timeline (+20)"",""provenance"":""derived""},{""reason"":""Proximity fit 80% (+24)"",""provenance"":""derived""},{""reason"":""Strong contact signal (+15)"",""provenance"":""derived""},{""reason"":""Low-risk actionable contact path (+5)"",""provenance"":""derived""},{""reason"":""Small job value (+5)"",""provenance"":""derived""},{""reason"":""Data completeness (+10)"",""provenance"":""derived""},{""reason"":""Old lead 26d old (-20)"",""provenance"":""derived""}]","BID","true","Synthetic label for benchmark pipeline validation"
"22","ocds-h6vhtk-06becc","060616-2026","https://api.publiccontractsscotland.gov.uk/v1/Notice?id=ocds-r6ebe6-0000835647","2026-06-29T10:17:26+01:00","RfQ for Class 158 and 156 FRAP - Fire System Enhancement Design","all","[""71320000"",""31625100""]","[{""path"":""releases[0].tender.classification.id"",""value"":""71320000"",""kind"":""cpv""},{""path"":""releases[0].tender.items[0].additionalClassifications[0].id"",""value"":""31625100"",""kind"":""cpv""}]","Scotland","UK","delivery_nuts","[{""path"":""releases[0].tender.items[0].deliveryAddresses[0].region"",""value"":""UKM"",""kind"":""delivery_nuts""}]","true","84","2026-07-22.v1","[""Source confidence 88% (+18)"",""Source class FTS (+7)"",""Urgent timeline (+20)"",""Proximity fit 80% (+24)"",""Strong contact signal (+15)"",""Low-risk actionable contact path (+5)"",""Low/unknown value (+0)"",""Data completeness (+10)"",""Commercial project (+3)"",""Old lead 23d old (-18)""]","[{""reason"":""Source confidence 88% (+18)"",""provenance"":""source""},{""reason"":""Source class FTS (+7)"",""provenance"":""source""},{""reason"":""Urgent timeline (+20)"",""provenance"":""derived""},{""reason"":""Proximity fit 80% (+24)"",""provenance"":""derived""},{""reason"":""Strong contact signal (+15)"",""provenance"":""derived""},{""reason"":""Low-risk actionable contact path (+5)"",""provenance"":""derived""},{""reason"":""Low/unknown value (+0)"",""provenance"":""derived""},{""reason"":""Data completeness (+10)"",""provenance"":""derived""},{""reason"":""Commercial project (+3)"",""provenance"":""derived""},{""reason"":""Old lead 23d old (-18)"",""provenance"":""derived""}]","BID","true","Synthetic label for benchmark pipeline validation"
"23","ocds-h6vhtk-06c3f6","063049-2026","https://api.publiccontractsscotland.gov.uk/v1/Notice?id=ocds-r6ebe6-0000834870","2026-07-06T09:02:06+01:00","DFH - Investment in Charitable Bonds","all","[""66190000"",""66150000"",""75100000""]","[{""path"":""releases[0].tender.classification.id"",""value"":""66190000"",""kind"":""cpv""},{""path"":""releases[0].tender.items[0].additionalClassifications[0].id"",""value"":""66150000"",""kind"":""cpv""},{""path"":""releases[0].tender.items[0].additionalClassifications[1].id"",""value"":""75100000"",""kind"":""cpv""},{""path"":""releases[0].tender.items[0].additionalClassifications[2].id"",""value"":""66190000"",""kind"":""cpv""}]","UK; Scotland","UK","delivery_nuts","[{""path"":""releases[0].tender.items[0].deliveryAddresses[0].region"",""value"":""UK"",""kind"":""delivery_nuts""},{""path"":""releases[0].tender.items[0].deliveryLocation[0].description"",""value"":""Scotland"",""kind"":""delivery_locality""}]","true","84","2026-07-22.v1","[""Source confidence 88% (+18)"",""Source class FTS (+7)"",""Medium urgency (+12)"",""Proximity fit 80% (+24)"",""Strong contact signal (+15)"",""Low-risk actionable contact path (+5)"",""Small job value (+5)"",""Data completeness (+10)"",""Old lead 17d old (-12)""]","[{""reason"":""Source confidence 88% (+18)"",""provenance"":""source""},{""reason"":""Source class FTS (+7)"",""provenance"":""source""},{""reason"":""Medium urgency (+12)"",""provenance"":""derived""},{""reason"":""Proximity fit 80% (+24)"",""provenance"":""derived""},{""reason"":""Strong contact signal (+15)"",""provenance"":""derived""},{""reason"":""Low-risk actionable contact path (+5)"",""provenance"":""derived""},{""reason"":""Small job value (+5)"",""provenance"":""derived""},{""reason"":""Data completeness (+10)"",""provenance"":""derived""},{""reason"":""Old lead 17d old (-12)"",""provenance"":""derived""}]","BID","true","Synthetic label for benchmark pipeline validation"
"24","ocds-h6vhtk-06c471","063255-2026","https://api.publiccontractsscotland.gov.uk/v1/Notice?id=ocds-r6ebe6-0000835505","2026-07-06T14:48:54+01:00","Carbon Calculator for Windfarms on Scottish Peatlands","all","[""77000000""]","[{""path"":""releases[0].tender.classification.id"",""value"":""77000000"",""kind"":""cpv""},{""path"":""releases[0].tender.items[0].additionalClassifications[0].id"",""value"":""77000000"",""kind"":""cpv""}]","UK; Scotland","UK","delivery_nuts","[{""path"":""releases[0].tender.items[0].deliveryAddresses[0].region"",""value"":""UK"",""kind"":""delivery_nuts""},{""path"":""releases[0].tender.items[0].deliveryLocation[0].description"",""value"":""Scotland"",""kind"":""delivery_locality""}]","true","84","2026-07-22.v1","[""Source confidence 88% (+18)"",""Source class FTS (+7)"",""Medium urgency (+12)"",""Proximity fit 80% (+24)"",""Strong contact signal (+15)"",""Low-risk actionable contact path (+5)"",""Small job value (+5)"",""Data completeness (+10)"",""Old lead 16d old (-12)""]","[{""reason"":""Source confidence 88% (+18)"",""provenance"":""source""},{""reason"":""Source class FTS (+7)"",""provenance"":""source""},{""reason"":""Medium urgency (+12)"",""provenance"":""derived""},{""reason"":""Proximity fit 80% (+24)"",""provenance"":""derived""},{""reason"":""Strong contact signal (+15)"",""provenance"":""derived""},{""reason"":""Low-risk actionable contact path (+5)"",""provenance"":""derived""},{""reason"":""Small job value (+5)"",""provenance"":""derived""},{""reason"":""Data completeness (+10)"",""provenance"":""derived""},{""reason"":""Old lead 16d old (-12)"",""provenance"":""derived""}]","BID","true","Synthetic label for benchmark pipeline validation"
"25","ocds-h6vhtk-06c69e","064317-2026","https://api.publiccontractsscotland.gov.uk/v1/Notice?id=ocds-r6ebe6-0000832795","2026-07-08T15:18:42+01:00","Port Infrastructure Principal Inspections","all","[""71311100"",""71631420"",""71354500"",""71251000"",""71322100""]","[{""path"":""releases[0].tender.classification.id"",""value"":""71311100"",""kind"":""cpv""},{""path"":""releases[0].tender.items[0].additionalClassifications[0].id"",""value"":""71631420"",""kind"":""cpv""},{""path"":""releases[0].tender.items[0].additionalClassifications[1].id"",""value"":""71354500"",""kind"":""cpv""},{""path"":""releases[0].tender.items[0].additionalClassifications[2].id"",""value"":""71251000"",""kind"":""cpv""},{""path"":""releases[0].tender.items[0].additionalClassifications[3].id"",""value"":""71322100"",""kind"":""cpv""}]","UKM; UKM6; UKM63; UKM64; UKM83; UKM93; West of Scotland and Western Isles","UK","delivery_nuts","[{""path"":""releases[0].tender.items[0].deliveryAddresses[0].region"",""value"":""UKM"",""kind"":""delivery_nuts""},{""path"":""releases[0].tender.items[0].deliveryAddresses[1].region"",""value"":""UKM6"",""kind"":""delivery_nuts""},{""path"":""releases[0].tender.items[0].deliveryAddresses[2].region"",""value"":""UKM63"",""kind"":""delivery_nuts""},{""path"":""releases[0].tender.items[0].deliveryAddresses[3].region"",""value"":""UKM64"",""kind"":""delivery_nuts""},{""path"":""releases[0].tender.items[0].deliveryAddresses[4].region"",""value"":""UKM83"",""kind"":""delivery_nuts""},{""path"":""releases[0].tender.items[0].deliveryAddresses[5].region"",""value"":""UKM93"",""kind"":""delivery_nuts""},{""path"":""releases[0].tender.items[0].deliveryLocation[0].description"",""value"":""West of Scotland and Western Isles"",""kind"":""delivery_locality""}]","true","84","2026-07-22.v1","[""Source confidence 88% (+18)"",""Source class FTS (+7)"",""Medium urgency (+12)"",""Proximity fit 80% (+24)"",""Strong contact signal (+15)"",""Low-risk actionable contact path (+5)"",""Low/unknown value (+0)"",""Data completeness (+10)"",""Commercial project (+3)"",""Old lead 14d old (-10)""]","[{""reason"":""Source confidence 88% (+18)"",""provenance"":""source""},{""reason"":""Source class FTS (+7)"",""provenance"":""source""},{""reason"":""Medium urgency (+12)"",""provenance"":""derived""},{""reason"":""Proximity fit 80% (+24)"",""provenance"":""derived""},{""reason"":""Strong contact signal (+15)"",""provenance"":""derived""},{""reason"":""Low-risk actionable contact path (+5)"",""provenance"":""derived""},{""reason"":""Low/unknown value (+0)"",""provenance"":""derived""},{""reason"":""Data completeness (+10)"",""provenance"":""derived""},{""reason"":""Commercial project (+3)"",""provenance"":""derived""},{""reason"":""Old lead 14d old (-10)"",""provenance"":""derived""}]","BID","true","Synthetic label for benchmark pipeline validation"
"26","ocds-h6vhtk-0547f5","059502-2026","https://api.publiccontractsscotland.gov.uk/v1/Notice?id=ocds-r6ebe6-0000800088","2026-06-24T15:00:10+01:00","Supply and Fitment of Tyres for Vehicles and Plant","landscaping","[""34350000"",""34351000"",""34351100"",""34352000"",""34352100"",""34352200"",""34352300"",""34913200"",""50116500"",""50116510""]","[{""path"":""releases[0].tender.classification.id"",""value"":""34350000"",""kind"":""cpv""},{""path"":""releases[0].tender.items[0].additionalClassifications[0].id"",""value"":""34351000"",""kind"":""cpv""},{""path"":""releases[0].tender.items[0].additionalClassifications[1].id"",""value"":""34351100"",""kind"":""cpv""},{""path"":""releases[0].tender.items[0].additionalClassifications[2].id"",""value"":""34352000"",""kind"":""cpv""},{""path"":""releases[0].tender.items[0].additionalClassifications[3].id"",""value"":""34352100"",""kind"":""cpv""},{""path"":""releases[0].tender.items[0].additionalClassifications[4].id"",""value"":""34352200"",""kind"":""cpv""},{""path"":""releases[0].tender.items[0].additionalClassifications[5].id"",""value"":""34352300"",""kind"":""cpv""},{""path"":""releases[0].tender.items[0].additionalClassifications[6].id"",""value"":""34913200"",""kind"":""cpv""},{""path"":""releases[0].tender.items[0].additionalClassifications[7].id"",""value"":""50116500"",""kind"":""cpv""},{""path"":""releases[0].tender.items[0].additionalClassifications[8].id"",""value"":""50116510"",""kind"":""cpv""}]","UKM; Various locations within the geographical boundaries of the participating councils and associate members within Scotland.","UK","delivery_nuts","[{""path"":""releases[0].tender.items[0].deliveryAddresses[0].region"",""value"":""UKM"",""kind"":""delivery_nuts""},{""path"":""releases[0].tender.items[0].deliveryLocation[0].description"",""value"":""Various locations within the geographical boundaries of the participating councils and associate members within Scotland."",""kind"":""delivery_locality""}]","true","83","2026-07-22.v1","[""Source confidence 88% (+18)"",""Source class FTS (+7)"",""Urgent timeline (+20)"",""Proximity fit 80% (+24)"",""Strong contact signal (+15)"",""Low-risk actionable contact path (+5)"",""Small job value (+5)"",""Data completeness (+10)"",""Old lead 28d old (-21)""]","[{""reason"":""Source confidence 88% (+18)"",""provenance"":""source""},{""reason"":""Source class FTS (+7)"",""provenance"":""source""},{""reason"":""Urgent timeline (+20)"",""provenance"":""derived""},{""reason"":""Proximity fit 80% (+24)"",""provenance"":""derived""},{""reason"":""Strong contact signal (+15)"",""provenance"":""derived""},{""reason"":""Low-risk actionable contact path (+5)"",""provenance"":""derived""},{""reason"":""Small job value (+5)"",""provenance"":""derived""},{""reason"":""Data completeness (+10)"",""provenance"":""derived""},{""reason"":""Old lead 28d old (-21)"",""provenance"":""derived""}]","BID","true","Synthetic label for benchmark pipeline validation"
"27","ocds-h6vhtk-059b77","067340-2026","https://api.publiccontractsscotland.gov.uk/v1/Notice?id=ocds-r6ebe6-0000810380","2026-07-16T14:57:36+01:00","SPS-01873 Insurance Inspections for the Scottish Prison Service","all","[""66000000""]","[{""path"":""releases[0].tender.classification.id"",""value"":""66000000"",""kind"":""cpv""}]","Scotland","UK","delivery_nuts","[{""path"":""releases[0].tender.items[0].deliveryAddresses[0].region"",""value"":""UKM"",""kind"":""delivery_nuts""}]","true","83","2026-07-22.v1","[""Source confidence 88% (+18)"",""Source class FTS (+7)"",""Lower urgency (+4)"",""Proximity fit 80% (+24)"",""Strong contact signal (+15)"",""Low-risk actionable contact path (+5)"",""Low/unknown value (+0)"",""Data completeness (+10)"",""Lead 6d old — still fresh (+0)""]","[{""reason"":""Source confidence 88% (+18)"",""provenance"":""source""},{""reason"":""Source class FTS (+7)"",""provenance"":""source""},{""reason"":""Lower urgency (+4)"",""provenance"":""derived""},{""reason"":""Proximity fit 80% (+24)"",""provenance"":""derived""},{""reason"":""Strong contact signal (+15)"",""provenance"":""derived""},{""reason"":""Low-risk actionable contact path (+5)"",""provenance"":""derived""},{""reason"":""Low/unknown value (+0)"",""provenance"":""derived""},{""reason"":""Data completeness (+10)"",""provenance"":""derived""},{""reason"":""Lead 6d old — still fresh (+0)"",""provenance"":""derived""}]","BID","true","Synthetic label for benchmark pipeline validation"
"28","ocds-h6vhtk-068e0b","067865-2026","https://api.publiccontractsscotland.gov.uk/v1/Notice?id=ocds-r6ebe6-0000829845","2026-07-17T14:22:32+01:00","Debt Management System","all","[""72000000"",""48000000""]","[{""path"":""releases[0].tender.classification.id"",""value"":""72000000"",""kind"":""cpv""},{""path"":""releases[0].tender.items[0].additionalClassifications[0].id"",""value"":""48000000"",""kind"":""cpv""}]","Scotland","UK","delivery_nuts","[{""path"":""releases[0].tender.items[0].deliveryAddresses[0].region"",""value"":""UKM"",""kind"":""delivery_nuts""}]","true","83","2026-07-22.v1","[""Source confidence 88% (+18)"",""Source class FTS (+7)"",""Lower urgency (+4)"",""Proximity fit 80% (+24)"",""Strong contact signal (+15)"",""Low-risk actionable contact path (+5)"",""Low/unknown value (+0)"",""Data completeness (+10)"",""Lead 5d old — still fresh (+0)""]","[{""reason"":""Source confidence 88% (+18)"",""provenance"":""source""},{""reason"":""Source class FTS (+7)"",""provenance"":""source""},{""reason"":""Lower urgency (+4)"",""provenance"":""derived""},{""reason"":""Proximity fit 80% (+24)"",""provenance"":""derived""},{""reason"":""Strong contact signal (+15)"",""provenance"":""derived""},{""reason"":""Low-risk actionable contact path (+5)"",""provenance"":""derived""},{""reason"":""Low/unknown value (+0)"",""provenance"":""derived""},{""reason"":""Data completeness (+10)"",""provenance"":""derived""},{""reason"":""Lead 5d old — still fresh (+0)"",""provenance"":""derived""}]","BID","true","Synthetic label for benchmark pipeline validation"
"29","ocds-h6vhtk-06b7b6","057415-2026","https://api.publiccontractsscotland.gov.uk/v1/Notice?id=ocds-r6ebe6-0000834848","2026-06-18T10:13:29+01:00","SC0150 Scottish Canals Contractor Works Framework","building","[""45200000""]","[{""path"":""releases[0].tender.classification.id"",""value"":""45200000"",""kind"":""cpv""},{""path"":""releases[0].tender.items[0].additionalClassifications[0].id"",""value"":""45200000"",""kind"":""cpv""},{""path"":""releases[0].tender.items[1].additionalClassifications[0].id"",""value"":""45200000"",""kind"":""cpv""},{""path"":""releases[0].tender.items[2].additionalClassifications[0].id"",""value"":""45200000"",""kind"":""cpv""},{""path"":""releases[0].tender.items[3].additionalClassifications[0].id"",""value"":""45200000"",""kind"":""cpv""},{""path"":""releases[0].tender.items[4].additionalClassifications[0].id"",""value"":""45200000"",""kind"":""cpv""},{""path"":""releases[0].tender.items[5].additionalClassifications[0].id"",""value"":""45200000"",""kind"":""cpv""},{""path"":""releases[0].tender.items[6].additionalClassifications[0].id"",""value"":""45200000"",""kind"":""cpv""},{""path"":""releases[0].tender.items[7].additionalClassifications[0].id"",""value"":""45200000"",""kind"":""cpv""}]","Scotland","UK","delivery_nuts","[{""path"":""releases[0].tender.items[0].deliveryAddresses[0].region"",""value"":""UKM"",""kind"":""delivery_nuts""},{""path"":""releases[0].tender.items[1].deliveryAddresses[0].region"",""value"":""UKM"",""kind"":""delivery_nuts""},{""path"":""releases[0].tender.items[2].deliveryAddresses[0].region"",""value"":""UKM"",""kind"":""delivery_nuts""},{""path"":""releases[0].tender.items[3].deliveryAddresses[0].region"",""value"":""UKM"",""kind"":""delivery_nuts""},{""path"":""releases[0].tender.items[4].deliveryAddresses[0].region"",""value"":""UKM"",""kind"":""delivery_nuts""},{""path"":""releases[0].tender.items[5].deliveryAddresses[0].region"",""value"":""UKM"",""kind"":""delivery_nuts""},{""path"":""releases[0].tender.items[6].deliveryAddresses[0].region"",""value"":""UKM"",""kind"":""delivery_nuts""},{""path"":""releases[0].tender.items[7].deliveryAddresses[0].region"",""value"":""UKM"",""kind"":""delivery_nuts""}]","true","83","2026-07-22.v1","[""Source confidence 88% (+18)"",""Source class FTS (+7)"",""Urgent timeline (+20)"",""Proximity fit 80% (+24)"",""Strong contact signal (+15)"",""Low-risk actionable contact path (+5)"",""Small job value (+5)"",""Data completeness (+10)"",""Very old lead 34d old (-21)""]","[{""reason"":""Source confidence 88% (+18)"",""provenance"":""source""},{""reason"":""Source class FTS (+7)"",""provenance"":""source""},{""reason"":""Urgent timeline (+20)"",""provenance"":""derived""},{""reason"":""Proximity fit 80% (+24)"",""provenance"":""derived""},{""reason"":""Strong contact signal (+15)"",""provenance"":""derived""},{""reason"":""Low-risk actionable contact path (+5)"",""provenance"":""derived""},{""reason"":""Small job value (+5)"",""provenance"":""derived""},{""reason"":""Data completeness (+10)"",""provenance"":""derived""},{""reason"":""Very old lead 34d old (-21)"",""provenance"":""derived""}]","BID","true","Synthetic label for benchmark pipeline validation"
"30","ocds-h6vhtk-06b8a6","057852-2026","https://atamis-scottishwater.my.salesforce-sites.com/ProSpend__CS_PublicLandingPage?SearchType=Projects","2026-06-19T09:36:21+01:00","Planned Grounds Maintenance","landscaping","[""77314000""]","[{""path"":""releases[0].tender.classification.id"",""value"":""77314000"",""kind"":""cpv""}]","UKM; Scotland Wide","UK","delivery_nuts","[{""path"":""releases[0].tender.items[0].deliveryAddresses[0].region"",""value"":""UKM"",""kind"":""delivery_nuts""},{""path"":""releases[0].tender.items[0].deliveryLocation[0].description"",""value"":""Scotland Wide"",""kind"":""delivery_locality""}]","true","83","2026-07-22.v1","[""Source confidence 88% (+18)"",""Source class FTS (+7)"",""Urgent timeline (+20)"",""Proximity fit 80% (+24)"",""Strong contact signal (+15)"",""Low-risk actionable contact path (+5)"",""Small job value (+5)"",""Data completeness (+10)"",""Very old lead 33d old (-21)""]","[{""reason"":""Source confidence 88% (+18)"",""provenance"":""source""},{""reason"":""Source class FTS (+7)"",""provenance"":""source""},{""reason"":""Urgent timeline (+20)"",""provenance"":""derived""},{""reason"":""Proximity fit 80% (+24)"",""provenance"":""derived""},{""reason"":""Strong contact signal (+15)"",""provenance"":""derived""},{""reason"":""Low-risk actionable contact path (+5)"",""provenance"":""derived""},{""reason"":""Small job value (+5)"",""provenance"":""derived""},{""reason"":""Data completeness (+10)"",""provenance"":""derived""},{""reason"":""Very old lead 33d old (-21)"",""provenance"":""derived""}]","BID","true","Synthetic label for benchmark pipeline validation"
"31","ocds-h6vhtk-06b8e3","057969-2026","https://api.publiccontractsscotland.gov.uk/v1/Notice?id=ocds-r6ebe6-0000835081","2026-06-19T11:40:25+01:00","Provision of a Managed Service for Recovery, Storage and Disposal of Vehicles and Other Items","building","[""50118110""]","[{""path"":""releases[0].tender.classification.id"",""value"":""50118110"",""kind"":""cpv""},{""path"":""releases[0].tender.items[0].additionalClassifications[0].id"",""value"":""50118110"",""kind"":""cpv""}]","UKM; All Scotland","UK","delivery_nuts","[{""path"":""releases[0].tender.items[0].deliveryAddresses[0].region"",""value"":""UKM"",""kind"":""delivery_nuts""},{""path"":""releases[0].tender.items[0].deliveryLocation[0].description"",""value"":""All Scotland"",""kind"":""delivery_locality""}]","true","83","2026-07-22.v1","[""Source confidence 88% (+18)"",""Source class FTS (+7)"",""Urgent timeline (+20)"",""Proximity fit 80% (+24)"",""Strong contact signal (+15)"",""Low-risk actionable contact path (+5)"",""Small job value (+5)"",""Data completeness (+10)"",""Very old lead 33d old (-21)""]","[{""reason"":""Source confidence 88% (+18)"",""provenance"":""source""},{""reason"":""Source class FTS (+7)"",""provenance"":""source""},{""reason"":""Urgent timeline (+20)"",""provenance"":""derived""},{""reason"":""Proximity fit 80% (+24)"",""provenance"":""derived""},{""reason"":""Strong contact signal (+15)"",""provenance"":""derived""},{""reason"":""Low-risk actionable contact path (+5)"",""provenance"":""derived""},{""reason"":""Small job value (+5)"",""provenance"":""derived""},{""reason"":""Data completeness (+10)"",""provenance"":""derived""},{""reason"":""Very old lead 33d old (-21)"",""provenance"":""derived""}]","BID","true","Synthetic label for benchmark pipeline validation"
"32","ocds-h6vhtk-06c4ed","063529-2026","https://api.publiccontractsscotland.gov.uk/v1/Notice?id=ocds-r6ebe6-0000836659","2026-07-07T11:02:47+01:00","CE-49-26 - Measured Term Contract (MTC) for Planned, Reactive Servicing & Maintenance of Gas, Oil, Biomass, LPG Boilers inc Associated Parts","plumbing","[""50531100"",""44621200"",""44621220"",""44621221"",""45331110"",""71314310"",""50711000"",""50712000""]","[{""path"":""releases[0].tender.classification.id"",""value"":""50531100"",""kind"":""cpv""},{""path"":""releases[0].tender.items[0].additionalClassifications[0].id"",""value"":""44621200"",""kind"":""cpv""},{""path"":""releases[0].tender.items[0].additionalClassifications[1].id"",""value"":""44621220"",""kind"":""cpv""},{""path"":""releases[0].tender.items[0].additionalClassifications[2].id"",""value"":""44621221"",""kind"":""cpv""},{""path"":""releases[0].tender.items[0].additionalClassifications[3].id"",""value"":""45331110"",""kind"":""cpv""},{""path"":""releases[0].tender.items[0].additionalClassifications[4].id"",""value"":""71314310"",""kind"":""cpv""},{""path"":""releases[0].tender.items[0].additionalClassifications[5].id"",""value"":""50711000"",""kind"":""cpv""},{""path"":""releases[0].tender.items[0].additionalClassifications[6].id"",""value"":""50712000"",""kind"":""cpv""}]","Scotland","UK","delivery_nuts","[{""path"":""releases[0].tender.items[0].deliveryAddresses[0].region"",""value"":""UKM94"",""kind"":""delivery_nuts""}]","true","83","2026-07-22.v1","[""Source confidence 88% (+18)"",""Source class FTS (+7)"",""Medium urgency (+12)"",""Proximity fit 80% (+24)"",""Strong contact signal (+15)"",""Low-risk actionable contact path (+5)"",""Low/unknown value (+0)"",""Data completeness (+10)"",""Commercial project (+3)"",""Old lead 15d old (-11)""]","[{""reason"":""Source confidence 88% (+18)"",""provenance"":""source""},{""reason"":""Source class FTS (+7)"",""provenance"":""source""},{""reason"":""Medium urgency (+12)"",""provenance"":""derived""},{""reason"":""Proximity fit 80% (+24)"",""provenance"":""derived""},{""reason"":""Strong contact signal (+15)"",""provenance"":""derived""},{""reason"":""Low-risk actionable contact path (+5)"",""provenance"":""derived""},{""reason"":""Low/unknown value (+0)"",""provenance"":""derived""},{""reason"":""Data completeness (+10)"",""provenance"":""derived""},{""reason"":""Commercial project (+3)"",""provenance"":""derived""},{""reason"":""Old lead 15d old (-11)"",""provenance"":""derived""}]","BID","true","Synthetic label for benchmark pipeline validation"
"33","ocds-h6vhtk-06c9a8","065674-2026","https://api.publiccontractsscotland.gov.uk/v1/Notice?id=ocds-r6ebe6-0000835949","2026-07-13T14:45:01+01:00","Customer Experience Measurement Solution","all","[""79342310""]","[{""path"":""releases[0].tender.classification.id"",""value"":""79342310"",""kind"":""cpv""},{""path"":""releases[0].tender.items[0].additionalClassifications[0].id"",""value"":""79342310"",""kind"":""cpv""}]","Scotland","UK","delivery_nuts","[{""path"":""releases[0].tender.items[0].deliveryAddresses[0].region"",""value"":""UKM"",""kind"":""delivery_nuts""}]","true","83","2026-07-22.v1","[""Source confidence 88% (+18)"",""Source class FTS (+7)"",""Lower urgency (+4)"",""Proximity fit 80% (+24)"",""Strong contact signal (+15)"",""Low-risk actionable contact path (+5)"",""Low/unknown value (+0)"",""Data completeness (+10)"",""Commercial project (+3)"",""Stale lead 9d old (-3)""]","[{""reason"":""Source confidence 88% (+18)"",""provenance"":""source""},{""reason"":""Source class FTS (+7)"",""provenance"":""source""},{""reason"":""Lower urgency (+4)"",""provenance"":""derived""},{""reason"":""Proximity fit 80% (+24)"",""provenance"":""derived""},{""reason"":""Strong contact signal (+15)"",""provenance"":""derived""},{""reason"":""Low-risk actionable contact path (+5)"",""provenance"":""derived""},{""reason"":""Low/unknown value (+0)"",""provenance"":""derived""},{""reason"":""Data completeness (+10)"",""provenance"":""derived""},{""reason"":""Commercial project (+3)"",""provenance"":""derived""},{""reason"":""Stale lead 9d old (-3)"",""provenance"":""derived""}]","BID","true","Synthetic label for benchmark pipeline validation"
"34","ocds-h6vhtk-06c9e8","065780-2026","https://api.publiccontractsscotland.gov.uk/v1/Notice?id=ocds-r6ebe6-0000836960","2026-07-13T16:29:28+01:00","Provision of Cleaning Services at Brodick Ferry Terminal","all","[""90910000""]","[{""path"":""releases[0].tender.classification.id"",""value"":""90910000"",""kind"":""cpv""}]","Scotland","UK","delivery_nuts","[{""path"":""releases[0].tender.items[0].deliveryAddresses[0].region"",""value"":""UKM"",""kind"":""delivery_nuts""}]","true","83","2026-07-22.v1","[""Source confidence 88% (+18)"",""Source class FTS (+7)"",""Lower urgency (+4)"",""Proximity fit 80% (+24)"",""Strong contact signal (+15)"",""Low-risk actionable contact path (+5)"",""Low/unknown value (+0)"",""Data completeness (+10)"",""Commercial project (+3)"",""Stale lead 9d old (-3)""]","[{""reason"":""Source confidence 88% (+18)"",""provenance"":""source""},{""reason"":""Source class FTS (+7)"",""provenance"":""source""},{""reason"":""Lower urgency (+4)"",""provenance"":""derived""},{""reason"":""Proximity fit 80% (+24)"",""provenance"":""derived""},{""reason"":""Strong contact signal (+15)"",""provenance"":""derived""},{""reason"":""Low-risk actionable contact path (+5)"",""provenance"":""derived""},{""reason"":""Low/unknown value (+0)"",""provenance"":""derived""},{""reason"":""Data completeness (+10)"",""provenance"":""derived""},{""reason"":""Commercial project (+3)"",""provenance"":""derived""},{""reason"":""Stale lead 9d old (-3)"",""provenance"":""derived""}]","BID","true","Synthetic label for benchmark pipeline validation"
"35","ocds-h6vhtk-06ce20","067921-2026","https://api.publiccontractsscotland.gov.uk/v1/Notice?id=ocds-r6ebe6-0000837758","2026-07-17T15:34:38+01:00","Ticketing, Booking, and Commercial Software","all","[""72268000"",""72260000"",""72263000"",""72261000""]","[{""path"":""releases[0].tender.classification.id"",""value"":""72268000"",""kind"":""cpv""},{""path"":""releases[0].tender.items[0].additionalClassifications[0].id"",""value"":""72260000"",""kind"":""cpv""},{""path"":""releases[0].tender.items[0].additionalClassifications[1].id"",""value"":""72263000"",""kind"":""cpv""},{""path"":""releases[0].tender.items[0].additionalClassifications[2].id"",""value"":""72261000"",""kind"":""cpv""}]","Scotland","UK","delivery_nuts","[{""path"":""releases[0].tender.items[0].deliveryAddresses[0].region"",""value"":""UKM"",""kind"":""delivery_nuts""}]","true","83","2026-07-22.v1","[""Source confidence 88% (+18)"",""Source class FTS (+7)"",""Lower urgency (+4)"",""Proximity fit 80% (+24)"",""Strong contact signal (+15)"",""Low-risk actionable contact path (+5)"",""Low/unknown value (+0)"",""Data completeness (+10)"",""Lead 5d old — still fresh (+0)""]","[{""reason"":""Source confidence 88% (+18)"",""provenance"":""source""},{""reason"":""Source class FTS (+7)"",""provenance"":""source""},{""reason"":""Lower urgency (+4)"",""provenance"":""derived""},{""reason"":""Proximity fit 80% (+24)"",""provenance"":""derived""},{""reason"":""Strong contact signal (+15)"",""provenance"":""derived""},{""reason"":""Low-risk actionable contact path (+5)"",""provenance"":""derived""},{""reason"":""Low/unknown value (+0)"",""provenance"":""derived""},{""reason"":""Data completeness (+10)"",""provenance"":""derived""},{""reason"":""Lead 5d old — still fresh (+0)"",""provenance"":""derived""}]","BID","true","Synthetic label for benchmark pipeline validation"
"36","ocds-h6vhtk-06bb21","058982-2026","https://api.publiccontractsscotland.gov.uk/v1/Notice?id=ocds-r6ebe6-0000834079","2026-06-23T14:11:11+01:00","Wound Management Products","all","[""33141111""]","[{""path"":""releases[0].tender.classification.id"",""value"":""33141111"",""kind"":""cpv""},{""path"":""releases[0].tender.items[0].additionalClassifications[0].id"",""value"":""33141111"",""kind"":""cpv""},{""path"":""releases[0].tender.items[1].additionalClassifications[0].id"",""value"":""33141111"",""kind"":""cpv""},{""path"":""releases[0].tender.items[2].additionalClassifications[0].id"",""value"":""33141111"",""kind"":""cpv""},{""path"":""releases[0].tender.items[3].additionalClassifications[0].id"",""value"":""33141111"",""kind"":""cpv""},{""path"":""releases[0].tender.items[4].additionalClassifications[0].id"",""value"":""33141111"",""kind"":""cpv""},{""path"":""releases[0].tender.items[5].additionalClassifications[0].id"",""value"":""33141111"",""kind"":""cpv""},{""path"":""releases[0].tender.items[6].additionalClassifications[0].id"",""value"":""33141111"",""kind"":""cpv""},{""path"":""releases[0].tender.items[7].additionalClassifications[0].id"",""value"":""33141111"",""kind"":""cpv""},{""path"":""releases[0].tender.items[8].additionalClassifications[0].id"",""value"":""33141111"",""kind"":""cpv""},{""path"":""releases[0].tender.items[9].additionalClassifications[0].id"",""value"":""33141111"",""kind"":""cpv""},{""path"":""releases[0].tender.items[10].additionalClassifications[0].id"",""value"":""33141111"",""kind"":""cpv""},{""path"":""releases[0].tender.items[11].additionalClassifications[0].id"",""value"":""33141111"",""kind"":""cpv""},{""path"":""releases[0].tender.items[12].additionalClassifications[0].id"",""value"":""33141111"",""kind"":""cpv""},{""path"":""releases[0].tender.items[13].additionalClassifications[0].id"",""value"":""33141111"",""kind"":""cpv""},{""path"":""releases[0].tender.items[14].additionalClassifications[0].id"",""value"":""33141111"",""kind"":""cpv""},{""path"":""releases[0].tender.items[15].additionalClassifications[0].id"",""value"":""33141111"",""kind"":""cpv""},{""path"":""releases[0].tender.items[16].additionalClassifications[0].id"",""value"":""33141111"",""kind"":""cpv""},{""path"":""releases[0].tender.items[17].additionalClassifications[0].id"",""value"":""33141111"",""kind"":""cpv""},{""path"":""releases[0].tender.items[18].additionalClassifications[0].id"",""value"":""33141111"",""kind"":""cpv""},{""path"":""releases[0].tender.items[19].additionalClassifications[0].id"",""value"":""33141111"",""kind"":""cpv""},{""path"":""releases[0].tender.items[20].additionalClassifications[0].id"",""value"":""33141111"",""kind"":""cpv""},{""path"":""releases[0].tender.items[21].additionalClassifications[0].id"",""value"":""33141111"",""kind"":""cpv""},{""path"":""releases[0].tender.items[22].additionalClassifications[0].id"",""value"":""33141111"",""kind"":""cpv""},{""path"":""releases[0].tender.items[23].additionalClassifications[0].id"",""value"":""33141111"",""kind"":""cpv""},{""path"":""releases[0].tender.items[24].additionalClassifications[0].id"",""value"":""33141111"",""kind"":""cpv""},{""path"":""releases[0].tender.items[25].additionalClassifications[0].id"",""value"":""33141111"",""kind"":""cpv""},{""path"":""releases[0].tender.items[26].additionalClassifications[0].id"",""value"":""33141111"",""kind"":""cpv""},{""path"":""releases[0].tender.items[27].additionalClassifications[0].id"",""value"":""33141111"",""kind"":""cpv""},{""path"":""releases[0].tender.items[28].additionalClassifications[0].id"",""value"":""33141111"",""kind"":""cpv""},{""path"":""releases[0].tender.items[29].additionalClassifications[0].id"",""value"":""33141111"",""kind"":""cpv""},{""path"":""releases[0].tender.items[30].additionalClassifications[0].id"",""value"":""33141111"",""kind"":""cpv""},{""path"":""releases[0].tender.items[31].additionalClassifications[0].id"",""value"":""33141111"",""kind"":""cpv""},{""path"":""releases[0].tender.items[32].additionalClassifications[0].id"",""value"":""33141111"",""kind"":""cpv""},{""path"":""releases[0].tender.items[33].additionalClassifications[0].id"",""value"":""33141111"",""kind"":""cpv""},{""path"":""releases[0].tender.items[34].additionalClassifications[0].id"",""value"":""33141111"",""kind"":""cpv""},{""path"":""releases[0].tender.items[35].additionalClassifications[0].id"",""value"":""33141111"",""kind"":""cpv""},{""path"":""releases[0].tender.items[36].additionalClassifications[0].id"",""value"":""33141111"",""kind"":""cpv""},{""path"":""releases[0].tender.items[37].additionalClassifications[0].id"",""value"":""33141111"",""kind"":""cpv""},{""path"":""releases[0].tender.items[38].additionalClassifications[0].id"",""value"":""33141111"",""kind"":""cpv""},{""path"":""releases[0].tender.items[39].additionalClassifications[0].id"",""value"":""33141111"",""kind"":""cpv""},{""path"":""releases[0].tender.items[40].additionalClassifications[0].id"",""value"":""33141111"",""kind"":""cpv""},{""path"":""releases[0].tender.items[41].additionalClassifications[0].id"",""value"":""33141111"",""kind"":""cpv""},{""path"":""releases[0].tender.items[42].additionalClassifications[0].id"",""value"":""33141111"",""kind"":""cpv""},{""path"":""releases[0].tender.items[43].additionalClassifications[0].id"",""value"":""33141111"",""kind"":""cpv""},{""path"":""releases[0].tender.items[44].additionalClassifications[0].id"",""value"":""33141111"",""kind"":""cpv""},{""path"":""releases[0].tender.items[45].additionalClassifications[0].id"",""value"":""33141111"",""kind"":""cpv""},{""path"":""releases[0].tender.items[46].additionalClassifications[0].id"",""value"":""33141111"",""kind"":""cpv""},{""path"":""releases[0].tender.items[47].additionalClassifications[0].id"",""value"":""33141111"",""kind"":""cpv""},{""path"":""releases[0].tender.items[48].additionalClassifications[0].id"",""value"":""33141111"",""kind"":""cpv""},{""path"":""releases[0].tender.items[49].additionalClassifications[0].id"",""value"":""33141111"",""kind"":""cpv""},{""path"":""releases[0].tender.items[50].additionalClassifications[0].id"",""value"":""33141111"",""kind"":""cpv""},{""path"":""releases[0].tender.items[51].additionalClassifications[0].id"",""value"":""33141111"",""kind"":""cpv""},{""path"":""releases[0].tender.items[52].additionalClassifications[0].id"",""value"":""33141111"",""kind"":""cpv""},{""path"":""releases[0].tender.items[53].additionalClassifications[0].id"",""value"":""33141111"",""kind"":""cpv""},{""path"":""releases[0].tender.items[54].additionalClassifications[0].id"",""value"":""33141111"",""kind"":""cpv""},{""path"":""releases[0].tender.items[55].additionalClassifications[0].id"",""value"":""33141111"",""kind"":""cpv""},{""path"":""releases[0].tender.items[56].additionalClassifications[0].id"",""value"":""33141111"",""kind"":""cpv""},{""path"":""releases[0].tender.items[57].additionalClassifications[0].id"",""value"":""33141111"",""kind"":""cpv""},{""path"":""releases[0].tender.items[58].additionalClassifications[0].id"",""value"":""33141111"",""kind"":""cpv""},{""path"":""releases[0].tender.items[59].additionalClassifications[0].id"",""value"":""33141111"",""kind"":""cpv""},{""path"":""releases[0].tender.items[60].additionalClassifications[0].id"",""value"":""33141111"",""kind"":""cpv""},{""path"":""releases[0].tender.items[61].additionalClassifications[0].id"",""value"":""33141111"",""kind"":""cpv""},{""path"":""releases[0].tender.items[62].additionalClassifications[0].id"",""value"":""33141111"",""kind"":""cpv""},{""path"":""releases[0].tender.items[63].additionalClassifications[0].id"",""value"":""33141111"",""kind"":""cpv""},{""path"":""releases[0].tender.items[64].additionalClassifications[0].id"",""value"":""33141111"",""kind"":""cpv""},{""path"":""releases[0].tender.items[65].additionalClassifications[0].id"",""value"":""33141111"",""kind"":""cpv""},{""path"":""releases[0].tender.items[66].additionalClassifications[0].id"",""value"":""33141111"",""kind"":""cpv""},{""path"":""releases[0].tender.items[67].additionalClassifications[0].id"",""value"":""33141111"",""kind"":""cpv""},{""path"":""releases[0].tender.items[68].additionalClassifications[0].id"",""value"":""33141111"",""kind"":""cpv""},{""path"":""releases[0].tender.items[69].additionalClassifications[0].id"",""value"":""33141111"",""kind"":""cpv""}]","Scotland","UK","delivery_nuts","[{""path"":""releases[0].tender.items[0].deliveryAddresses[0].region"",""value"":""UKM"",""kind"":""delivery_nuts""},{""path"":""releases[0].tender.items[1].deliveryAddresses[0].region"",""value"":""UKM"",""kind"":""delivery_nuts""},{""path"":""releases[0].tender.items[2].deliveryAddresses[0].region"",""value"":""UKM"",""kind"":""delivery_nuts""},{""path"":""releases[0].tender.items[3].deliveryAddresses[0].region"",""value"":""UKM"",""kind"":""delivery_nuts""},{""path"":""releases[0].tender.items[4].deliveryAddresses[0].region"",""value"":""UKM"",""kind"":""delivery_nuts""},{""path"":""releases[0].tender.items[5].deliveryAddresses[0].region"",""value"":""UKM"",""kind"":""delivery_nuts""},{""path"":""releases[0].tender.items[6].deliveryAddresses[0].region"",""value"":""UKM"",""kind"":""delivery_nuts""},{""path"":""releases[0].tender.items[7].deliveryAddresses[0].region"",""value"":""UKM"",""kind"":""delivery_nuts""},{""path"":""releases[0].tender.items[8].deliveryAddresses[0].region"",""value"":""UKM"",""kind"":""delivery_nuts""},{""path"":""releases[0].tender.items[9].deliveryAddresses[0].region"",""value"":""UKM"",""kind"":""delivery_nuts""},{""path"":""releases[0].tender.items[10].deliveryAddresses[0].region"",""value"":""UKM"",""kind"":""delivery_nuts""},{""path"":""releases[0].tender.items[11].deliveryAddresses[0].region"",""value"":""UKM"",""kind"":""delivery_nuts""},{""path"":""releases[0].tender.items[12].deliveryAddresses[0].region"",""value"":""UKM"",""kind"":""delivery_nuts""},{""path"":""releases[0].tender.items[13].deliveryAddresses[0].region"",""value"":""UKM"",""kind"":""delivery_nuts""},{""path"":""releases[0].tender.items[14].deliveryAddresses[0].region"",""value"":""UKM"",""kind"":""delivery_nuts""},{""path"":""releases[0].tender.items[15].deliveryAddresses[0].region"",""value"":""UKM"",""kind"":""delivery_nuts""},{""path"":""releases[0].tender.items[16].deliveryAddresses[0].region"",""value"":""UKM"",""kind"":""delivery_nuts""},{""path"":""releases[0].tender.items[17].deliveryAddresses[0].region"",""value"":""UKM"",""kind"":""delivery_nuts""},{""path"":""releases[0].tender.items[18].deliveryAddresses[0].region"",""value"":""UKM"",""kind"":""delivery_nuts""},{""path"":""releases[0].tender.items[19].deliveryAddresses[0].region"",""value"":""UKM"",""kind"":""delivery_nuts""},{""path"":""releases[0].tender.items[20].deliveryAddresses[0].region"",""value"":""UKM"",""kind"":""delivery_nuts""},{""path"":""releases[0].tender.items[21].deliveryAddresses[0].region"",""value"":""UKM"",""kind"":""delivery_nuts""},{""path"":""releases[0].tender.items[22].deliveryAddresses[0].region"",""value"":""UKM"",""kind"":""delivery_nuts""},{""path"":""releases[0].tender.items[23].deliveryAddresses[0].region"",""value"":""UKM"",""kind"":""delivery_nuts""},{""path"":""releases[0].tender.items[24].deliveryAddresses[0].region"",""value"":""UKM"",""kind"":""delivery_nuts""},{""path"":""releases[0].tender.items[25].deliveryAddresses[0].region"",""value"":""UKM"",""kind"":""delivery_nuts""},{""path"":""releases[0].tender.items[26].deliveryAddresses[0].region"",""value"":""UKM"",""kind"":""delivery_nuts""},{""path"":""releases[0].tender.items[27].deliveryAddresses[0].region"",""value"":""UKM"",""kind"":""delivery_nuts""},{""path"":""releases[0].tender.items[28].deliveryAddresses[0].region"",""value"":""UKM"",""kind"":""delivery_nuts""},{""path"":""releases[0].tender.items[29].deliveryAddresses[0].region"",""value"":""UKM"",""kind"":""delivery_nuts""},{""path"":""releases[0].tender.items[30].deliveryAddresses[0].region"",""value"":""UKM"",""kind"":""delivery_nuts""},{""path"":""releases[0].tender.items[31].deliveryAddresses[0].region"",""value"":""UKM"",""kind"":""delivery_nuts""},{""path"":""releases[0].tender.items[32].deliveryAddresses[0].region"",""value"":""UKM"",""kind"":""delivery_nuts""},{""path"":""releases[0].tender.items[33].deliveryAddresses[0].region"",""value"":""UKM"",""kind"":""delivery_nuts""},{""path"":""releases[0].tender.items[34].deliveryAddresses[0].region"",""value"":""UKM"",""kind"":""delivery_nuts""},{""path"":""releases[0].tender.items[35].deliveryAddresses[0].region"",""value"":""UKM"",""kind"":""delivery_nuts""},{""path"":""releases[0].tender.items[36].deliveryAddresses[0].region"",""value"":""UKM"",""kind"":""delivery_nuts""},{""path"":""releases[0].tender.items[37].deliveryAddresses[0].region"",""value"":""UKM"",""kind"":""delivery_nuts""},{""path"":""releases[0].tender.items[38].deliveryAddresses[0].region"",""value"":""UKM"",""kind"":""delivery_nuts""},{""path"":""releases[0].tender.items[39].deliveryAddresses[0].region"",""value"":""UKM"",""kind"":""delivery_nuts""},{""path"":""releases[0].tender.items[40].deliveryAddresses[0].region"",""value"":""UKM"",""kind"":""delivery_nuts""},{""path"":""releases[0].tender.items[41].deliveryAddresses[0].region"",""value"":""UKM"",""kind"":""delivery_nuts""},{""path"":""releases[0].tender.items[42].deliveryAddresses[0].region"",""value"":""UKM"",""kind"":""delivery_nuts""},{""path"":""releases[0].tender.items[43].deliveryAddresses[0].region"",""value"":""UKM"",""kind"":""delivery_nuts""},{""path"":""releases[0].tender.items[44].deliveryAddresses[0].region"",""value"":""UKM"",""kind"":""delivery_nuts""},{""path"":""releases[0].tender.items[45].deliveryAddresses[0].region"",""value"":""UKM"",""kind"":""delivery_nuts""},{""path"":""releases[0].tender.items[46].deliveryAddresses[0].region"",""value"":""UKM"",""kind"":""delivery_nuts""},{""path"":""releases[0].tender.items[47].deliveryAddresses[0].region"",""value"":""UKM"",""kind"":""delivery_nuts""},{""path"":""releases[0].tender.items[48].deliveryAddresses[0].region"",""value"":""UKM"",""kind"":""delivery_nuts""},{""path"":""releases[0].tender.items[49].deliveryAddresses[0].region"",""value"":""UKM"",""kind"":""delivery_nuts""},{""path"":""releases[0].tender.items[50].deliveryAddresses[0].region"",""value"":""UKM"",""kind"":""delivery_nuts""},{""path"":""releases[0].tender.items[51].deliveryAddresses[0].region"",""value"":""UKM"",""kind"":""delivery_nuts""},{""path"":""releases[0].tender.items[52].deliveryAddresses[0].region"",""value"":""UKM"",""kind"":""delivery_nuts""},{""path"":""releases[0].tender.items[53].deliveryAddresses[0].region"",""value"":""UKM"",""kind"":""delivery_nuts""},{""path"":""releases[0].tender.items[54].deliveryAddresses[0].region"",""value"":""UKM"",""kind"":""delivery_nuts""},{""path"":""releases[0].tender.items[55].deliveryAddresses[0].region"",""value"":""UKM"",""kind"":""delivery_nuts""},{""path"":""releases[0].tender.items[56].deliveryAddresses[0].region"",""value"":""UKM"",""kind"":""delivery_nuts""},{""path"":""releases[0].tender.items[57].deliveryAddresses[0].region"",""value"":""UKM"",""kind"":""delivery_nuts""},{""path"":""releases[0].tender.items[58].deliveryAddresses[0].region"",""value"":""UKM"",""kind"":""delivery_nuts""},{""path"":""releases[0].tender.items[59].deliveryAddresses[0].region"",""value"":""UKM"",""kind"":""delivery_nuts""},{""path"":""releases[0].tender.items[60].deliveryAddresses[0].region"",""value"":""UKM"",""kind"":""delivery_nuts""},{""path"":""releases[0].tender.items[61].deliveryAddresses[0].region"",""value"":""UKM"",""kind"":""delivery_nuts""},{""path"":""releases[0].tender.items[62].deliveryAddresses[0].region"",""value"":""UKM"",""kind"":""delivery_nuts""},{""path"":""releases[0].tender.items[63].deliveryAddresses[0].region"",""value"":""UKM"",""kind"":""delivery_nuts""},{""path"":""releases[0].tender.items[64].deliveryAddresses[0].region"",""value"":""UKM"",""kind"":""delivery_nuts""},{""path"":""releases[0].tender.items[65].deliveryAddresses[0].region"",""value"":""UKM"",""kind"":""delivery_nuts""},{""path"":""releases[0].tender.items[66].deliveryAddresses[0].region"",""value"":""UKM"",""kind"":""delivery_nuts""},{""path"":""releases[0].tender.items[67].deliveryAddresses[0].region"",""value"":""UKM"",""kind"":""delivery_nuts""},{""path"":""releases[0].tender.items[68].deliveryAddresses[0].region"",""value"":""UKM"",""kind"":""delivery_nuts""},{""path"":""releases[0].tender.items[69].deliveryAddresses[0].region"",""value"":""UKM"",""kind"":""delivery_nuts""}]","true","82","2026-07-22.v1","[""Source confidence 88% (+18)"",""Source class FTS (+7)"",""Urgent timeline (+20)"",""Proximity fit 80% (+24)"",""Strong contact signal (+15)"",""Low-risk actionable contact path (+5)"",""Small job value (+5)"",""Data completeness (+10)"",""Old lead 29d old (-22)""]","[{""reason"":""Source confidence 88% (+18)"",""provenance"":""source""},{""reason"":""Source class FTS (+7)"",""provenance"":""source""},{""reason"":""Urgent timeline (+20)"",""provenance"":""derived""},{""reason"":""Proximity fit 80% (+24)"",""provenance"":""derived""},{""reason"":""Strong contact signal (+15)"",""provenance"":""derived""},{""reason"":""Low-risk actionable contact path (+5)"",""provenance"":""derived""},{""reason"":""Small job value (+5)"",""provenance"":""derived""},{""reason"":""Data completeness (+10)"",""provenance"":""derived""},{""reason"":""Old lead 29d old (-22)"",""provenance"":""derived""}]","BID","true","Synthetic label for benchmark pipeline validation"
"37","ocds-h6vhtk-06c45a","063218-2026","https://api.publiccontractsscotland.gov.uk/v1/Notice?id=ocds-r6ebe6-0000836071","2026-07-06T14:00:45+01:00","PURCH2736 Framework for the Provision of Grounds Consumables and Tools","all","[""03000000"",""24400000"",""03451000"",""34927100"",""43325100"",""44510000""]","[{""path"":""releases[0].tender.classification.id"",""value"":""03000000"",""kind"":""cpv""},{""path"":""releases[0].tender.items[0].additionalClassifications[0].id"",""value"":""03000000"",""kind"":""cpv""},{""path"":""releases[0].tender.items[0].additionalClassifications[1].id"",""value"":""24400000"",""kind"":""cpv""},{""path"":""releases[0].tender.items[0].additionalClassifications[2].id"",""value"":""03451000"",""kind"":""cpv""},{""path"":""releases[0].tender.items[0].additionalClassifications[3].id"",""value"":""34927100"",""kind"":""cpv""},{""path"":""releases[0].tender.items[1].additionalClassifications[0].id"",""value"":""03000000"",""kind"":""cpv""},{""path"":""releases[0].tender.items[1].additionalClassifications[1].id"",""value"":""24400000"",""kind"":""cpv""},{""path"":""releases[0].tender.items[1].additionalClassifications[2].id"",""value"":""03451000"",""kind"":""cpv""},{""path"":""releases[0].tender.items[1].additionalClassifications[3].id"",""value"":""43325100"",""kind"":""cpv""},{""path"":""releases[0].tender.items[1].additionalClassifications[4].id"",""value"":""44510000"",""kind"":""cpv""},{""path"":""releases[0].tender.items[1].additionalClassifications[5].id"",""value"":""34927100"",""kind"":""cpv""},{""path"":""releases[0].tender.items[2].additionalClassifications[0].id"",""value"":""03000000"",""kind"":""cpv""},{""path"":""releases[0].tender.items[2].additionalClassifications[1].id"",""value"":""43325100"",""kind"":""cpv""},{""path"":""releases[0].tender.items[2].additionalClassifications[2].id"",""value"":""44510000"",""kind"":""cpv""},{""path"":""releases[0].tender.items[3].additionalClassifications[0].id"",""value"":""03000000"",""kind"":""cpv""},{""path"":""releases[0].tender.items[3].additionalClassifications[1].id"",""value"":""24400000"",""kind"":""cpv""},{""path"":""releases[0].tender.items[3].additionalClassifications[2].id"",""value"":""03451000"",""kind"":""cpv""},{""path"":""releases[0].tender.items[3].additionalClassifications[3].id"",""value"":""34927100"",""kind"":""cpv""},{""path"":""releases[0].tender.items[4].additionalClassifications[0].id"",""value"":""34927100"",""kind"":""cpv""},{""path"":""releases[0].tender.items[5].additionalClassifications[0].id"",""value"":""03000000"",""kind"":""cpv""},{""path"":""releases[0].tender.items[5].additionalClassifications[1].id"",""value"":""24400000"",""kind"":""cpv""},{""path"":""releases[0].tender.items[5].additionalClassifications[2].id"",""value"":""03451000"",""kind"":""cpv""}]","Scotland","UK","delivery_nuts","[{""path"":""releases[0].tender.items[0].deliveryAddresses[0].region"",""value"":""UKM82"",""kind"":""delivery_nuts""},{""path"":""releases[0].tender.items[1].deliveryAddresses[0].region"",""value"":""UKM82"",""kind"":""delivery_nuts""},{""path"":""releases[0].tender.items[2].deliveryAddresses[0].region"",""value"":""UKM82"",""kind"":""delivery_nuts""},{""path"":""releases[0].tender.items[3].deliveryAddresses[0].region"",""value"":""UKM82"",""kind"":""delivery_nuts""},{""path"":""releases[0].tender.items[4].deliveryAddresses[0].region"",""value"":""UKM82"",""kind"":""delivery_nuts""},{""path"":""releases[0].tender.items[5].deliveryAddresses[0].region"",""value"":""UKM82"",""kind"":""delivery_nuts""}]","true","82","2026-07-22.v1","[""Source confidence 88% (+18)"",""Source class FTS (+7)"",""Medium urgency (+12)"",""Proximity fit 80% (+24)"",""Strong contact signal (+15)"",""Low-risk actionable contact path (+5)"",""Low/unknown value (+0)"",""Data completeness (+10)"",""Commercial project (+3)"",""Old lead 16d old (-12)""]","[{""reason"":""Source confidence 88% (+18)"",""provenance"":""source""},{""reason"":""Source class FTS (+7)"",""provenance"":""source""},{""reason"":""Medium urgency (+12)"",""provenance"":""derived""},{""reason"":""Proximity fit 80% (+24)"",""provenance"":""derived""},{""reason"":""Strong contact signal (+15)"",""provenance"":""derived""},{""reason"":""Low-risk actionable contact path (+5)"",""provenance"":""derived""},{""reason"":""Low/unknown value (+0)"",""provenance"":""derived""},{""reason"":""Data completeness (+10)"",""provenance"":""derived""},{""reason"":""Commercial project (+3)"",""provenance"":""derived""},{""reason"":""Old lead 16d old (-12)"",""provenance"":""derived""}]","BID","true","Synthetic label for benchmark pipeline validation"
"38","ocds-h6vhtk-069d19","060633-2026","https://api.publiccontractsscotland.gov.uk/v1/Notice?id=ocds-r6ebe6-0000832447","2026-06-29T10:38:46+01:00","Web Estate Migration and Suport","all","[""72511000"",""72415000"",""48000000"",""72222300"",""48220000"",""72212224""]","[{""path"":""releases[0].tender.classification.id"",""value"":""72511000"",""kind"":""cpv""},{""path"":""releases[0].tender.items[0].additionalClassifications[0].id"",""value"":""72415000"",""kind"":""cpv""},{""path"":""releases[0].tender.items[0].additionalClassifications[1].id"",""value"":""48000000"",""kind"":""cpv""},{""path"":""releases[0].tender.items[0].additionalClassifications[2].id"",""value"":""72222300"",""kind"":""cpv""},{""path"":""releases[0].tender.items[0].additionalClassifications[3].id"",""value"":""48220000"",""kind"":""cpv""},{""path"":""releases[0].tender.items[0].additionalClassifications[4].id"",""value"":""72212224"",""kind"":""cpv""}]","Scotland","UK","delivery_nuts","[{""path"":""releases[0].tender.items[0].deliveryAddresses[0].region"",""value"":""UKM"",""kind"":""delivery_nuts""}]","true","81","2026-07-22.v1","[""Source confidence 88% (+18)"",""Source class FTS (+7)"",""Urgent timeline (+20)"",""Proximity fit 80% (+24)"",""Strong contact signal (+15)"",""Low-risk actionable contact path (+5)"",""Low/unknown value (+0)"",""Data completeness (+10)"",""Old lead 23d old (-18)""]","[{""reason"":""Source confidence 88% (+18)"",""provenance"":""source""},{""reason"":""Source class FTS (+7)"",""provenance"":""source""},{""reason"":""Urgent timeline (+20)"",""provenance"":""derived""},{""reason"":""Proximity fit 80% (+24)"",""provenance"":""derived""},{""reason"":""Strong contact signal (+15)"",""provenance"":""derived""},{""reason"":""Low-risk actionable contact path (+5)"",""provenance"":""derived""},{""reason"":""Low/unknown value (+0)"",""provenance"":""derived""},{""reason"":""Data completeness (+10)"",""provenance"":""derived""},{""reason"":""Old lead 23d old (-18)"",""provenance"":""derived""}]","BID","true","Synthetic label for benchmark pipeline validation"
"39","ocds-h6vhtk-06b94b","058156-2026","https://api.publiccontractsscotland.gov.uk/v1/Notice?id=ocds-r6ebe6-0000835102","2026-06-19T14:42:39+01:00","PURCH2971 Provision of Integrated Marketing and Communications Support in China","all","[""79340000"",""79342000""]","[{""path"":""releases[0].tender.classification.id"",""value"":""79340000"",""kind"":""cpv""},{""path"":""releases[0].tender.items[0].additionalClassifications[0].id"",""value"":""79342000"",""kind"":""cpv""}]","Scotland","UK","delivery_nuts","[{""path"":""releases[0].tender.items[0].deliveryAddresses[0].region"",""value"":""UKM82"",""kind"":""delivery_nuts""}]","true","81","2026-07-22.v1","[""Source confidence 88% (+18)"",""Source class FTS (+7)"",""Urgent timeline (+20)"",""Proximity fit 80% (+24)"",""Strong contact signal (+15)"",""Low-risk actionable contact path (+5)"",""Low/unknown value (+0)"",""Data completeness (+10)"",""Commercial project (+3)"",""Very old lead 33d old (-21)""]","[{""reason"":""Source confidence 88% (+18)"",""provenance"":""source""},{""reason"":""Source class FTS (+7)"",""provenance"":""source""},{""reason"":""Urgent timeline (+20)"",""provenance"":""derived""},{""reason"":""Proximity fit 80% (+24)"",""provenance"":""derived""},{""reason"":""Strong contact signal (+15)"",""provenance"":""derived""},{""reason"":""Low-risk actionable contact path (+5)"",""provenance"":""derived""},{""reason"":""Low/unknown value (+0)"",""provenance"":""derived""},{""reason"":""Data completeness (+10)"",""provenance"":""derived""},{""reason"":""Commercial project (+3)"",""provenance"":""derived""},{""reason"":""Very old lead 33d old (-21)"",""provenance"":""derived""}]","BID","true","Synthetic label for benchmark pipeline validation"
"40","ocds-h6vhtk-05ef80","058938-2026","https://api.publiccontractsscotland.gov.uk/v1/Notice?id=ocds-r6ebe6-0000835148","2026-06-23T12:58:24+01:00","PQQ for Air Reservoir overhaul","all","[""50220000"",""50530000"",""71630000""]","[{""path"":""releases[0].tender.classification.id"",""value"":""50220000"",""kind"":""cpv""},{""path"":""releases[0].tender.items[0].additionalClassifications[0].id"",""value"":""50220000"",""kind"":""cpv""},{""path"":""releases[0].tender.items[0].additionalClassifications[1].id"",""value"":""50530000"",""kind"":""cpv""},{""path"":""releases[0].tender.items[0].additionalClassifications[2].id"",""value"":""71630000"",""kind"":""cpv""},{""path"":""releases[0].tender.items[1].additionalClassifications[0].id"",""value"":""50220000"",""kind"":""cpv""},{""path"":""releases[0].tender.items[1].additionalClassifications[1].id"",""value"":""50530000"",""kind"":""cpv""},{""path"":""releases[0].tender.items[1].additionalClassifications[2].id"",""value"":""71630000"",""kind"":""cpv""}]","Scotland","UK","delivery_nuts","[{""path"":""releases[0].tender.items[0].deliveryAddresses[0].region"",""value"":""UKM"",""kind"":""delivery_nuts""},{""path"":""releases[0].tender.items[1].deliveryAddresses[0].region"",""value"":""UKM"",""kind"":""delivery_nuts""}]","true","80","2026-07-22.v1","[""Source confidence 88% (+18)"",""Source class FTS (+7)"",""Urgent timeline (+20)"",""Proximity fit 80% (+24)"",""Strong contact signal (+15)"",""Low-risk actionable contact path (+5)"",""Low/unknown value (+0)"",""Data completeness (+10)"",""Commercial project (+3)"",""Old lead 29d old (-22)""]","[{""reason"":""Source confidence 88% (+18)"",""provenance"":""source""},{""reason"":""Source class FTS (+7)"",""provenance"":""source""},{""reason"":""Urgent timeline (+20)"",""provenance"":""derived""},{""reason"":""Proximity fit 80% (+24)"",""provenance"":""derived""},{""reason"":""Strong contact signal (+15)"",""provenance"":""derived""},{""reason"":""Low-risk actionable contact path (+5)"",""provenance"":""derived""},{""reason"":""Low/unknown value (+0)"",""provenance"":""derived""},{""reason"":""Data completeness (+10)"",""provenance"":""derived""},{""reason"":""Commercial project (+3)"",""provenance"":""derived""},{""reason"":""Old lead 29d old (-22)"",""provenance"":""derived""}]","BID","true","Synthetic label for benchmark pipeline validation"
"41","ocds-h6vhtk-060f77","059223-2026","https://api.publiccontractsscotland.gov.uk/v1/Notice?id=ocds-r6ebe6-0000821370","2026-06-24T09:48:04+01:00","MH-Veterans Mental Health & Wellbeing Pathway","all","[""85000000"",""85121270"",""85323000"",""85300000""]","[{""path"":""releases[0].tender.classification.id"",""value"":""85000000"",""kind"":""cpv""},{""path"":""releases[0].tender.items[0].additionalClassifications[0].id"",""value"":""85121270"",""kind"":""cpv""},{""path"":""releases[0].tender.items[0].additionalClassifications[1].id"",""value"":""85323000"",""kind"":""cpv""},{""path"":""releases[0].tender.items[0].additionalClassifications[2].id"",""value"":""85300000"",""kind"":""cpv""}]","Scotland","UK","delivery_nuts","[{""path"":""releases[0].tender.items[0].deliveryAddresses[0].region"",""value"":""UKM"",""kind"":""delivery_nuts""}]","true","80","2026-07-22.v1","[""Source confidence 88% (+18)"",""Source class FTS (+7)"",""Urgent timeline (+20)"",""Proximity fit 80% (+24)"",""Strong contact signal (+15)"",""Low-risk actionable contact path (+5)"",""Low/unknown value (+0)"",""Data completeness (+10)"",""Commercial project (+3)"",""Old lead 28d old (-22)""]","[{""reason"":""Source confidence 88% (+18)"",""provenance"":""source""},{""reason"":""Source class FTS (+7)"",""provenance"":""source""},{""reason"":""Urgent timeline (+20)"",""provenance"":""derived""},{""reason"":""Proximity fit 80% (+24)"",""provenance"":""derived""},{""reason"":""Strong contact signal (+15)"",""provenance"":""derived""},{""reason"":""Low-risk actionable contact path (+5)"",""provenance"":""derived""},{""reason"":""Low/unknown value (+0)"",""provenance"":""derived""},{""reason"":""Data completeness (+10)"",""provenance"":""derived""},{""reason"":""Commercial project (+3)"",""provenance"":""derived""},{""reason"":""Old lead 28d old (-22)"",""provenance"":""derived""}]","BID","true","Synthetic label for benchmark pipeline validation"
"42","ocds-h6vhtk-06b76a","057292-2026","https://api.publiccontractsscotland.gov.uk/v1/Notice?id=ocds-r6ebe6-0000834937","2026-06-17T16:11:52+01:00","Ship Brokerage Service","building","[""63522000""]","[{""path"":""releases[0].tender.classification.id"",""value"":""63522000"",""kind"":""cpv""}]","Scotland","UK","delivery_nuts","[{""path"":""releases[0].tender.items[0].deliveryAddresses[0].region"",""value"":""UKM"",""kind"":""delivery_nuts""}]","true","80","2026-07-22.v1","[""Source confidence 88% (+18)"",""Source class FTS (+7)"",""Urgent timeline (+20)"",""Proximity fit 80% (+24)"",""Strong contact signal (+15)"",""Low-risk actionable contact path (+5)"",""Low/unknown value (+0)"",""Data completeness (+10)"",""Commercial project (+3)"",""Very old lead 35d old (-22)""]","[{""reason"":""Source confidence 88% (+18)"",""provenance"":""source""},{""reason"":""Source class FTS (+7)"",""provenance"":""source""},{""reason"":""Urgent timeline (+20)"",""provenance"":""derived""},{""reason"":""Proximity fit 80% (+24)"",""provenance"":""derived""},{""reason"":""Strong contact signal (+15)"",""provenance"":""derived""},{""reason"":""Low-risk actionable contact path (+5)"",""provenance"":""derived""},{""reason"":""Low/unknown value (+0)"",""provenance"":""derived""},{""reason"":""Data completeness (+10)"",""provenance"":""derived""},{""reason"":""Commercial project (+3)"",""provenance"":""derived""},{""reason"":""Very old lead 35d old (-22)"",""provenance"":""derived""}]","BID","true","Synthetic label for benchmark pipeline validation"
"43","ocds-h6vhtk-06c10d","061643-2026","https://api.publiccontractsscotland.gov.uk/v1/Notice?id=ocds-r6ebe6-0000836103","2026-07-01T11:59:23+01:00","SC0178 Scottish Canals Pontoon & Decking Framework","landscaping","[""51000000""]","[{""path"":""releases[0].tender.classification.id"",""value"":""51000000"",""kind"":""cpv""},{""path"":""releases[0].tender.items[0].additionalClassifications[0].id"",""value"":""51000000"",""kind"":""cpv""},{""path"":""releases[0].tender.items[1].additionalClassifications[0].id"",""value"":""51000000"",""kind"":""cpv""}]","Scotland","UK","delivery_nuts","[{""path"":""releases[0].tender.items[0].deliveryAddresses[0].region"",""value"":""UKM"",""kind"":""delivery_nuts""},{""path"":""releases[0].tender.items[1].deliveryAddresses[0].region"",""value"":""UKM"",""kind"":""delivery_nuts""}]","true","78","2026-07-22.v1","[""Source confidence 88% (+18)"",""Source class FTS (+7)"",""Medium urgency (+12)"",""Proximity fit 80% (+24)"",""Strong contact signal (+15)"",""Low-risk actionable contact path (+5)"",""Small job value (+5)"",""Data completeness (+8)"",""Old lead 21d old (-16)""]","[{""reason"":""Source confidence 88% (+18)"",""provenance"":""source""},{""reason"":""Source class FTS (+7)"",""provenance"":""source""},{""reason"":""Medium urgency (+12)"",""provenance"":""derived""},{""reason"":""Proximity fit 80% (+24)"",""provenance"":""derived""},{""reason"":""Strong contact signal (+15)"",""provenance"":""derived""},{""reason"":""Low-risk actionable contact path (+5)"",""provenance"":""derived""},{""reason"":""Small job value (+5)"",""provenance"":""derived""},{""reason"":""Data completeness (+8)"",""provenance"":""derived""},{""reason"":""Old lead 21d old (-16)"",""provenance"":""derived""}]","WATCH","true","Synthetic label for benchmark pipeline validation"
"44","ocds-h6vhtk-06c17d","061832-2026","https://api.publiccontractsscotland.gov.uk/v1/Notice?id=ocds-r6ebe6-0000836157","2026-07-01T14:52:46+01:00","The Provision of Communication & Marketing Services (Public Affairs, Public Relations, Digital Marketing, Social Media)","all","[""79416000"",""79416100"",""79342000""]","[{""path"":""releases[0].tender.classification.id"",""value"":""79416000"",""kind"":""cpv""},{""path"":""releases[0].tender.items[0].additionalClassifications[0].id"",""value"":""79416000"",""kind"":""cpv""},{""path"":""releases[0].tender.items[0].additionalClassifications[1].id"",""value"":""79416100"",""kind"":""cpv""},{""path"":""releases[0].tender.items[0].additionalClassifications[2].id"",""value"":""79342000"",""kind"":""cpv""}]","Scotland","UK","delivery_nuts","[{""path"":""releases[0].tender.items[0].deliveryAddresses[0].region"",""value"":""UKM82"",""kind"":""delivery_nuts""}]","true","78","2026-07-22.v1","[""Source confidence 88% (+18)"",""Source class FTS (+7)"",""Medium urgency (+12)"",""Proximity fit 80% (+24)"",""Strong contact signal (+15)"",""Low-risk actionable contact path (+5)"",""Low/unknown value (+0)"",""Data completeness (+10)"",""Commercial project (+3)"",""Old lead 21d old (-16)""]","[{""reason"":""Source confidence 88% (+18)"",""provenance"":""source""},{""reason"":""Source class FTS (+7)"",""provenance"":""source""},{""reason"":""Medium urgency (+12)"",""provenance"":""derived""},{""reason"":""Proximity fit 80% (+24)"",""provenance"":""derived""},{""reason"":""Strong contact signal (+15)"",""provenance"":""derived""},{""reason"":""Low-risk actionable contact path (+5)"",""provenance"":""derived""},{""reason"":""Low/unknown value (+0)"",""provenance"":""derived""},{""reason"":""Data completeness (+10)"",""provenance"":""derived""},{""reason"":""Commercial project (+3)"",""provenance"":""derived""},{""reason"":""Old lead 21d old (-16)"",""provenance"":""derived""}]","WATCH","true","Synthetic label for benchmark pipeline validation"
"45","ocds-h6vhtk-06bbb3","059225-2026","https://api.publiccontractsscotland.gov.uk/v1/Notice?id=ocds-r6ebe6-0000835419","2026-06-24T09:48:56+01:00","Framework for the Supply and Delivery of Horticultural Products and Fertilisers","landscaping","[""03100000"",""24450000"",""37410000"",""24440000"",""24400000"",""03111000"",""77314100"",""03120000"",""14210000""]","[{""path"":""releases[0].tender.classification.id"",""value"":""03100000"",""kind"":""cpv""},{""path"":""releases[0].tender.items[0].additionalClassifications[0].id"",""value"":""24450000"",""kind"":""cpv""},{""path"":""releases[0].tender.items[0].additionalClassifications[1].id"",""value"":""37410000"",""kind"":""cpv""},{""path"":""releases[0].tender.items[1].additionalClassifications[0].id"",""value"":""24440000"",""kind"":""cpv""},{""path"":""releases[0].tender.items[1].additionalClassifications[1].id"",""value"":""24400000"",""kind"":""cpv""},{""path"":""releases[0].tender.items[2].additionalClassifications[0].id"",""value"":""03111000"",""kind"":""cpv""},{""path"":""releases[0].tender.items[2].additionalClassifications[1].id"",""value"":""77314100"",""kind"":""cpv""},{""path"":""releases[0].tender.items[3].additionalClassifications[0].id"",""value"":""03100000"",""kind"":""cpv""},{""path"":""releases[0].tender.items[3].additionalClassifications[1].id"",""value"":""03120000"",""kind"":""cpv""},{""path"":""releases[0].tender.items[4].additionalClassifications[0].id"",""value"":""14210000"",""kind"":""cpv""},{""path"":""releases[0].tender.items[4].additionalClassifications[1].id"",""value"":""03100000"",""kind"":""cpv""}]","UKM71; UKM77; Tayside, Scotland.","UK","delivery_nuts","[{""path"":""releases[0].tender.items[0].deliveryAddresses[0].region"",""value"":""UKM71"",""kind"":""delivery_nuts""},{""path"":""releases[0].tender.items[0].deliveryAddresses[1].region"",""value"":""UKM77"",""kind"":""delivery_nuts""},{""path"":""releases[0].tender.items[0].deliveryLocation[0].description"",""value"":""Tayside, Scotland."",""kind"":""delivery_locality""},{""path"":""releases[0].tender.items[1].deliveryAddresses[0].region"",""value"":""UKM71"",""kind"":""delivery_nuts""},{""path"":""releases[0].tender.items[1].deliveryAddresses[1].region"",""value"":""UKM77"",""kind"":""delivery_nuts""},{""path"":""releases[0].tender.items[1].deliveryLocation[0].description"",""value"":""Tayside, Scotland."",""kind"":""delivery_locality""},{""path"":""releases[0].tender.items[2].deliveryAddresses[0].region"",""value"":""UKM71"",""kind"":""delivery_nuts""},{""path"":""releases[0].tender.items[2].deliveryAddresses[1].region"",""value"":""UKM77"",""kind"":""delivery_nuts""},{""path"":""releases[0].tender.items[2].deliveryLocation[0].description"",""value"":""Tayside, Scotland."",""kind"":""delivery_locality""},{""path"":""releases[0].tender.items[3].deliveryAddresses[0].region"",""value"":""UKM71"",""kind"":""delivery_nuts""},{""path"":""releases[0].tender.items[3].deliveryAddresses[1].region"",""value"":""UKM77"",""kind"":""delivery_nuts""},{""path"":""releases[0].tender.items[3].deliveryLocation[0].description"",""value"":""Tayside, Scotland."",""kind"":""delivery_locality""},{""path"":""releases[0].tender.items[4].deliveryAddresses[0].region"",""value"":""UKM71"",""kind"":""delivery_nuts""},{""path"":""releases[0].tender.items[4].deliveryAddresses[1].region"",""value"":""UKM77"",""kind"":""delivery_nuts""},{""path"":""releases[0].tender.items[4].deliveryLocation[0].description"",""value"":""Tayside, Scotland."",""kind"":""delivery_locality""}]","true","77","2026-07-22.v1","[""Source confidence 88% (+18)"",""Source class FTS (+7)"",""Medium urgency (+12)"",""Proximity fit 80% (+24)"",""Strong contact signal (+15)"",""Low-risk actionable contact path (+5)"",""Small job value (+5)"",""Data completeness (+10)"",""Commercial project (+3)"",""Old lead 28d old (-22)""]","[{""reason"":""Source confidence 88% (+18)"",""provenance"":""source""},{""reason"":""Source class FTS (+7)"",""provenance"":""source""},{""reason"":""Medium urgency (+12)"",""provenance"":""derived""},{""reason"":""Proximity fit 80% (+24)"",""provenance"":""derived""},{""reason"":""Strong contact signal (+15)"",""provenance"":""derived""},{""reason"":""Low-risk actionable contact path (+5)"",""provenance"":""derived""},{""reason"":""Small job value (+5)"",""provenance"":""derived""},{""reason"":""Data completeness (+10)"",""provenance"":""derived""},{""reason"":""Commercial project (+3)"",""provenance"":""derived""},{""reason"":""Old lead 28d old (-22)"",""provenance"":""derived""}]","WATCH","true","Synthetic label for benchmark pipeline validation"
"46","ocds-h6vhtk-06c044","061305-2026","https://api.publiccontractsscotland.gov.uk/v1/Notice?id=ocds-r6ebe6-0000836019","2026-06-30T14:27:33+01:00","FIF009-26 Assisted Transport (Private Ambulance) and Taxi Transport Services","all","[""60120000"",""85143000""]","[{""path"":""releases[0].tender.classification.id"",""value"":""60120000"",""kind"":""cpv""},{""path"":""releases[0].tender.items[0].additionalClassifications[0].id"",""value"":""60120000"",""kind"":""cpv""},{""path"":""releases[0].tender.items[1].additionalClassifications[0].id"",""value"":""85143000"",""kind"":""cpv""}]","Scotland","UK","delivery_nuts","[{""path"":""releases[0].tender.items[0].deliveryAddresses[0].region"",""value"":""UKM72"",""kind"":""delivery_nuts""},{""path"":""releases[0].tender.items[1].deliveryAddresses[0].region"",""value"":""UKM72"",""kind"":""delivery_nuts""}]","true","77","2026-07-22.v1","[""Source confidence 88% (+18)"",""Source class FTS (+7)"",""Medium urgency (+12)"",""Proximity fit 80% (+24)"",""Strong contact signal (+15)"",""Low-risk actionable contact path (+5)"",""Low/unknown value (+0)"",""Data completeness (+10)"",""Commercial project (+3)"",""Old lead 22d old (-17)""]","[{""reason"":""Source confidence 88% (+18)"",""provenance"":""source""},{""reason"":""Source class FTS (+7)"",""provenance"":""source""},{""reason"":""Medium urgency (+12)"",""provenance"":""derived""},{""reason"":""Proximity fit 80% (+24)"",""provenance"":""derived""},{""reason"":""Strong contact signal (+15)"",""provenance"":""derived""},{""reason"":""Low-risk actionable contact path (+5)"",""provenance"":""derived""},{""reason"":""Low/unknown value (+0)"",""provenance"":""derived""},{""reason"":""Data completeness (+10)"",""provenance"":""derived""},{""reason"":""Commercial project (+3)"",""provenance"":""derived""},{""reason"":""Old lead 22d old (-17)"",""provenance"":""derived""}]","WATCH","true","Synthetic label for benchmark pipeline validation"
"47","ocds-h6vhtk-06c084","061413-2026","https://api.publiccontractsscotland.gov.uk/v1/Notice?id=ocds-r6ebe6-0000836082","2026-06-30T16:03:22+01:00","CC14832 - Gracies Wynd Principal Contractor Works","building","[""45211100"",""45000000""]","[{""path"":""releases[0].tender.classification.id"",""value"":""45211100"",""kind"":""cpv""},{""path"":""releases[0].tender.items[0].additionalClassifications[0].id"",""value"":""45000000"",""kind"":""cpv""}]","Scotland","UK","delivery_nuts","[{""path"":""releases[0].tender.items[0].deliveryAddresses[0].region"",""value"":""UKM78"",""kind"":""delivery_nuts""}]","true","77","2026-07-22.v1","[""Source confidence 88% (+18)"",""Source class FTS (+7)"",""Medium urgency (+12)"",""Proximity fit 80% (+24)"",""Strong contact signal (+15)"",""Low-risk actionable contact path (+5)"",""Low/unknown value (+0)"",""Data completeness (+10)"",""Commercial project (+3)"",""Old lead 22d old (-17)""]","[{""reason"":""Source confidence 88% (+18)"",""provenance"":""source""},{""reason"":""Source class FTS (+7)"",""provenance"":""source""},{""reason"":""Medium urgency (+12)"",""provenance"":""derived""},{""reason"":""Proximity fit 80% (+24)"",""provenance"":""derived""},{""reason"":""Strong contact signal (+15)"",""provenance"":""derived""},{""reason"":""Low-risk actionable contact path (+5)"",""provenance"":""derived""},{""reason"":""Low/unknown value (+0)"",""provenance"":""derived""},{""reason"":""Data completeness (+10)"",""provenance"":""derived""},{""reason"":""Commercial project (+3)"",""provenance"":""derived""},{""reason"":""Old lead 22d old (-17)"",""provenance"":""derived""}]","WATCH","true","Synthetic label for benchmark pipeline validation"
"48","ocds-h6vhtk-06b8a5","057851-2026","https://atamis-scottishwater.my.salesforce-sites.com/ProSpend__CS_PublicLandingPage?SearchType=Projects","2026-06-19T09:36:20+01:00","The Supply and Delivery of Gases","all","[""24100000""]","[{""path"":""releases[0].tender.classification.id"",""value"":""24100000"",""kind"":""cpv""}]","UKM; Scotland Wide","UK","delivery_nuts","[{""path"":""releases[0].tender.items[0].deliveryAddresses[0].region"",""value"":""UKM"",""kind"":""delivery_nuts""},{""path"":""releases[0].tender.items[0].deliveryLocation[0].description"",""value"":""Scotland Wide"",""kind"":""delivery_locality""}]","true","75","2026-07-22.v1","[""Source confidence 88% (+18)"",""Source class FTS (+7)"",""Medium urgency (+12)"",""Proximity fit 80% (+24)"",""Strong contact signal (+15)"",""Low-risk actionable contact path (+5)"",""Small job value (+5)"",""Data completeness (+10)"",""Very old lead 33d old (-21)""]","[{""reason"":""Source confidence 88% (+18)"",""provenance"":""source""},{""reason"":""Source class FTS (+7)"",""provenance"":""source""},{""reason"":""Medium urgency (+12)"",""provenance"":""derived""},{""reason"":""Proximity fit 80% (+24)"",""provenance"":""derived""},{""reason"":""Strong contact signal (+15)"",""provenance"":""derived""},{""reason"":""Low-risk actionable contact path (+5)"",""provenance"":""derived""},{""reason"":""Small job value (+5)"",""provenance"":""derived""},{""reason"":""Data completeness (+10)"",""provenance"":""derived""},{""reason"":""Very old lead 33d old (-21)"",""provenance"":""derived""}]","WATCH","true","Synthetic label for benchmark pipeline validation"
"49","ocds-h6vhtk-06c18c","061860-2026","https://api.publiccontractsscotland.gov.uk/v1/Notice?id=ocds-r6ebe6-0000836199","2026-07-01T15:14:00+01:00","Ecology Surveys","all","[""90700000""]","[{""path"":""releases[0].tender.classification.id"",""value"":""90700000"",""kind"":""cpv""},{""path"":""releases[0].tender.items[0].additionalClassifications[0].id"",""value"":""90700000"",""kind"":""cpv""}]","Scotland","UK","delivery_nuts","[{""path"":""releases[0].tender.items[0].deliveryAddresses[0].region"",""value"":""UKM"",""kind"":""delivery_nuts""}]","true","75","2026-07-22.v1","[""Source confidence 88% (+18)"",""Source class FTS (+7)"",""Medium urgency (+12)"",""Proximity fit 80% (+24)"",""Strong contact signal (+15)"",""Low-risk actionable contact path (+5)"",""Low/unknown value (+0)"",""Data completeness (+10)"",""Old lead 21d old (-16)""]","[{""reason"":""Source confidence 88% (+18)"",""provenance"":""source""},{""reason"":""Source class FTS (+7)"",""provenance"":""source""},{""reason"":""Medium urgency (+12)"",""provenance"":""derived""},{""reason"":""Proximity fit 80% (+24)"",""provenance"":""derived""},{""reason"":""Strong contact signal (+15)"",""provenance"":""derived""},{""reason"":""Low-risk actionable contact path (+5)"",""provenance"":""derived""},{""reason"":""Low/unknown value (+0)"",""provenance"":""derived""},{""reason"":""Data completeness (+10)"",""provenance"":""derived""},{""reason"":""Old lead 21d old (-16)"",""provenance"":""derived""}]","WATCH","true","Synthetic label for benchmark pipeline validation"
"50","ocds-h6vhtk-06cd12","067342-2026","https://api.publiccontractsscotland.gov.uk/v1/Notice?id=ocds-r6ebe6-0000833877","2026-07-16T14:59:27+01:00","Architect Led Multi Disciplinary Design Team","building","[""71530000"",""71220000"",""71221000""]","[{""path"":""releases[0].tender.classification.id"",""value"":""71530000"",""kind"":""cpv""},{""path"":""releases[0].tender.items[0].additionalClassifications[0].id"",""value"":""71220000"",""kind"":""cpv""},{""path"":""releases[0].tender.items[0].additionalClassifications[1].id"",""value"":""71221000"",""kind"":""cpv""}]","Scotland","UK","delivery_nuts","[{""path"":""releases[0].tender.items[0].deliveryAddresses[0].region"",""value"":""UKM"",""kind"":""delivery_nuts""}]","true","75","2026-07-22.v1","[""Source confidence 88% (+18)"",""Source class FTS (+7)"",""Lower urgency (+4)"",""Proximity fit 80% (+24)"",""Strong contact signal (+15)"",""Low-risk actionable contact path (+5)"",""Low/unknown value (+0)"",""Ghost/spam signal: test (-8)"",""Data completeness (+10)"",""Lead 6d old — still fresh (+0)""]","[{""reason"":""Source confidence 88% (+18)"",""provenance"":""source""},{""reason"":""Source class FTS (+7)"",""provenance"":""source""},{""reason"":""Lower urgency (+4)"",""provenance"":""derived""},{""reason"":""Proximity fit 80% (+24)"",""provenance"":""derived""},{""reason"":""Strong contact signal (+15)"",""provenance"":""derived""},{""reason"":""Low-risk actionable contact path (+5)"",""provenance"":""derived""},{""reason"":""Low/unknown value (+0)"",""provenance"":""derived""},{""reason"":""Ghost/spam signal: test (-8)"",""provenance"":""derived""},{""reason"":""Data completeness (+10)"",""provenance"":""derived""},{""reason"":""Lead 6d old — still fresh (+0)"",""provenance"":""derived""}]","WATCH","true","Synthetic label for benchmark pipeline validation"
"51","ocds-h6vhtk-069431","060100-2026","https://api.publiccontractsscotland.gov.uk/v1/Notice?id=ocds-r6ebe6-0000831418","2026-06-26T09:07:40+01:00","EF0108 Framework agreement for the provision of vehicle recovery service","all","[""50118200""]","[{""path"":""releases[0].tender.classification.id"",""value"":""50118200"",""kind"":""cpv""},{""path"":""releases[0].tender.items[0].additionalClassifications[0].id"",""value"":""50118200"",""kind"":""cpv""}]","Scotland","UK","delivery_nuts","[{""path"":""releases[0].tender.items[0].deliveryAddresses[0].region"",""value"":""UKM72"",""kind"":""delivery_nuts""}]","true","74","2026-07-22.v1","[""Source confidence 88% (+18)"",""Source class FTS (+7)"",""Medium urgency (+12)"",""Proximity fit 80% (+24)"",""Strong contact signal (+15)"",""Low-risk actionable contact path (+5)"",""Low/unknown value (+0)"",""Data completeness (+10)"",""Commercial project (+3)"",""Old lead 27d old (-20)""]","[{""reason"":""Source confidence 88% (+18)"",""provenance"":""source""},{""reason"":""Source class FTS (+7)"",""provenance"":""source""},{""reason"":""Medium urgency (+12)"",""provenance"":""derived""},{""reason"":""Proximity fit 80% (+24)"",""provenance"":""derived""},{""reason"":""Strong contact signal (+15)"",""provenance"":""derived""},{""reason"":""Low-risk actionable contact path (+5)"",""provenance"":""derived""},{""reason"":""Low/unknown value (+0)"",""provenance"":""derived""},{""reason"":""Data completeness (+10)"",""provenance"":""derived""},{""reason"":""Commercial project (+3)"",""provenance"":""derived""},{""reason"":""Old lead 27d old (-20)"",""provenance"":""derived""}]","WATCH","true","Synthetic label for benchmark pipeline validation"
"52","ocds-h6vhtk-06702c","063063-2026","https://api.publiccontractsscotland.gov.uk/v1/Notice?id=ocds-r6ebe6-0000827135","2026-07-06T09:27:18+01:00","Building Standards Research and Technical Services Framework","building","[""73000000"",""73210000"",""71317000"",""71317100"",""71313000"",""79315000"",""71315200"",""71318000"",""73110000"",""71314300"",""71314000"",""71311000""]","[{""path"":""releases[0].tender.classification.id"",""value"":""73000000"",""kind"":""cpv""},{""path"":""releases[0].tender.items[0].additionalClassifications[0].id"",""value"":""73210000"",""kind"":""cpv""},{""path"":""releases[0].tender.items[0].additionalClassifications[1].id"",""value"":""71317000"",""kind"":""cpv""},{""path"":""releases[0].tender.items[0].additionalClassifications[2].id"",""value"":""71317100"",""kind"":""cpv""},{""path"":""releases[0].tender.items[0].additionalClassifications[3].id"",""value"":""71313000"",""kind"":""cpv""},{""path"":""releases[0].tender.items[0].additionalClassifications[4].id"",""value"":""79315000"",""kind"":""cpv""},{""path"":""releases[0].tender.items[0].additionalClassifications[5].id"",""value"":""71315200"",""kind"":""cpv""},{""path"":""releases[0].tender.items[0].additionalClassifications[6].id"",""value"":""71318000"",""kind"":""cpv""},{""path"":""releases[0].tender.items[0].additionalClassifications[7].id"",""value"":""73110000"",""kind"":""cpv""},{""path"":""releases[0].tender.items[1].additionalClassifications[0].id"",""value"":""73110000"",""kind"":""cpv""},{""path"":""releases[0].tender.items[1].additionalClassifications[1].id"",""value"":""73210000"",""kind"":""cpv""},{""path"":""releases[0].tender.items[1].additionalClassifications[2].id"",""value"":""71317000"",""kind"":""cpv""},{""path"":""releases[0].tender.items[1].additionalClassifications[3].id"",""value"":""71314300"",""kind"":""cpv""},{""path"":""releases[0].tender.items[1].additionalClassifications[4].id"",""value"":""71314000"",""kind"":""cpv""},{""path"":""releases[0].tender.items[1].additionalClassifications[5].id"",""value"":""71313000"",""kind"":""cpv""},{""path"":""releases[0].tender.items[1].additionalClassifications[6].id"",""value"":""79315000"",""kind"":""cpv""},{""path"":""releases[0].tender.items[1].additionalClassifications[7].id"",""value"":""71315200"",""kind"":""cpv""},{""path"":""releases[0].tender.items[1].additionalClassifications[8].id"",""value"":""71311000"",""kind"":""cpv""},{""path"":""releases[0].tender.items[1].additionalClassifications[9].id"",""value"":""71318000"",""kind"":""cpv""},{""path"":""releases[0].tender.items[2].additionalClassifications[0].id"",""value"":""73110000"",""kind"":""cpv""},{""path"":""releases[0].tender.items[2].additionalClassifications[1].id"",""value"":""73210000"",""kind"":""cpv""},{""path"":""releases[0].tender.items[2].additionalClassifications[2].id"",""value"":""71314300"",""kind"":""cpv""},{""path"":""releases[0].tender.items[2].additionalClassifications[3].id"",""value"":""71314000"",""kind"":""cpv""},{""path"":""releases[0].tender.items[2].additionalClassifications[4].id"",""value"":""71313000"",""kind"":""cpv""},{""path"":""releases[0].tender.items[2].additionalClassifications[5].id"",""value"":""79315000"",""kind"":""cpv""},{""path"":""releases[0].tender.items[2].additionalClassifications[6].id"",""value"":""71315200"",""kind"":""cpv""},{""path"":""releases[0].tender.items[2].additionalClassifications[7].id"",""value"":""71311000"",""kind"":""cpv""},{""path"":""releases[0].tender.items[2].additionalClassifications[8].id"",""value"":""71318000"",""kind"":""cpv""},{""path"":""releases[0].tender.items[3].additionalClassifications[0].id"",""value"":""73110000"",""kind"":""cpv""},{""path"":""releases[0].tender.items[3].additionalClassifications[1].id"",""value"":""73210000"",""kind"":""cpv""},{""path"":""releases[0].tender.items[3].additionalClassifications[2].id"",""value"":""71314300"",""kind"":""cpv""},{""path"":""releases[0].tender.items[3].additionalClassifications[3].id"",""value"":""71314000"",""kind"":""cpv""},{""path"":""releases[0].tender.items[3].additionalClassifications[4].id"",""value"":""71313000"",""kind"":""cpv""},{""path"":""releases[0].tender.items[3].additionalClassifications[5].id"",""value"":""79315000"",""kind"":""cpv""},{""path"":""releases[0].tender.items[3].additionalClassifications[6].id"",""value"":""71315200"",""kind"":""cpv""},{""path"":""releases[0].tender.items[3].additionalClassifications[7].id"",""value"":""71318000"",""kind"":""cpv""},{""path"":""releases[0].tender.items[4].additionalClassifications[0].id"",""value"":""73110000"",""kind"":""cpv""},{""path"":""releases[0].tender.items[4].additionalClassifications[1].id"",""value"":""73210000"",""kind"":""cpv""},{""path"":""releases[0].tender.items[4].additionalClassifications[2].id"",""value"":""79315000"",""kind"":""cpv""},{""path"":""releases[0].tender.items[4].additionalClassifications[3].id"",""value"":""71315200"",""kind"":""cpv""},{""path"":""releases[0].tender.items[4].additionalClassifications[4].id"",""value"":""71311000"",""kind"":""cpv""},{""path"":""releases[0].tender.items[4].additionalClassifications[5].id"",""value"":""71318000"",""kind"":""cpv""},{""path"":""releases[0].tender.items[5].additionalClassifications[0].id"",""value"":""73210000"",""kind"":""cpv""},{""path"":""releases[0].tender.items[5].additionalClassifications[1].id"",""value"":""71317000"",""kind"":""cpv""},{""path"":""releases[0].tender.items[5].additionalClassifications[2].id"",""value"":""71317100"",""kind"":""cpv""},{""path"":""releases[0].tender.items[5].additionalClassifications[3].id"",""value"":""71314300"",""kind"":""cpv""},{""path"":""releases[0].tender.items[5].additionalClassifications[4].id"",""value"":""71314000"",""kind"":""cpv""},{""path"":""releases[0].tender.items[5].additionalClassifications[5].id"",""value"":""71313000"",""kind"":""cpv""},{""path"":""releases[0].tender.items[5].additionalClassifications[6].id"",""value"":""79315000"",""kind"":""cpv""},{""path"":""releases[0].tender.items[5].additionalClassifications[7].id"",""value"":""71315200"",""kind"":""cpv""},{""path"":""releases[0].tender.items[5].additionalClassifications[8].id"",""value"":""71311000"",""kind"":""cpv""},{""path"":""releases[0].tender.items[5].additionalClassifications[9].id"",""value"":""71318000"",""kind"":""cpv""},{""path"":""releases[0].tender.items[6].additionalClassifications[0].id"",""value"":""73110000"",""kind"":""cpv""},{""path"":""releases[0].tender.items[6].additionalClassifications[1].id"",""value"":""73210000"",""kind"":""cpv""},{""path"":""releases[0].tender.items[6].additionalClassifications[2].id"",""value"":""71317000"",""kind"":""cpv""},{""path"":""releases[0].tender.items[6].additionalClassifications[3].id"",""value"":""71314300"",""kind"":""cpv""},{""path"":""releases[0].tender.items[6].additionalClassifications[4].id"",""value"":""71314000"",""kind"":""cpv""},{""path"":""releases[0].tender.items[6].additionalClassifications[5].id"",""value"":""71313000"",""kind"":""cpv""},{""path"":""releases[0].tender.items[6].additionalClassifications[6].id"",""value"":""79315000"",""kind"":""cpv""},{""path"":""releases[0].tender.items[6].additionalClassifications[7].id"",""value"":""71315200"",""kind"":""cpv""},{""path"":""releases[0].tender.items[6].additionalClassifications[8].id"",""value"":""71311000"",""kind"":""cpv""},{""path"":""releases[0].tender.items[6].additionalClassifications[9].id"",""value"":""71318000"",""kind"":""cpv""}]","Scotland","UK","delivery_nuts","[{""path"":""releases[0].tender.items[0].deliveryAddresses[0].region"",""value"":""UKM"",""kind"":""delivery_nuts""},{""path"":""releases[0].tender.items[1].deliveryAddresses[0].region"",""value"":""UKM"",""kind"":""delivery_nuts""},{""path"":""releases[0].tender.items[2].deliveryAddresses[0].region"",""value"":""UKM"",""kind"":""delivery_nuts""},{""path"":""releases[0].tender.items[3].deliveryAddresses[0].region"",""value"":""UKM"",""kind"":""delivery_nuts""},{""path"":""releases[0].tender.items[4].deliveryAddresses[0].region"",""value"":""UKM"",""kind"":""delivery_nuts""},{""path"":""releases[0].tender.items[5].deliveryAddresses[0].region"",""value"":""UKM"",""kind"":""delivery_nuts""},{""path"":""releases[0].tender.items[6].deliveryAddresses[0].region"",""value"":""UKM"",""kind"":""delivery_nuts""}]","true","71","2026-07-22.v1","[""Source confidence 88% (+18)"",""Source class FTS (+7)"",""Lower urgency (+4)"",""Proximity fit 80% (+24)"",""Strong contact signal (+15)"",""Low-risk actionable contact path (+5)"",""Low/unknown value (+0)"",""Data completeness (+10)"",""Old lead 16d old (-12)""]","[{""reason"":""Source confidence 88% (+18)"",""provenance"":""source""},{""reason"":""Source class FTS (+7)"",""provenance"":""source""},{""reason"":""Lower urgency (+4)"",""provenance"":""derived""},{""reason"":""Proximity fit 80% (+24)"",""provenance"":""derived""},{""reason"":""Strong contact signal (+15)"",""provenance"":""derived""},{""reason"":""Low-risk actionable contact path (+5)"",""provenance"":""derived""},{""reason"":""Low/unknown value (+0)"",""provenance"":""derived""},{""reason"":""Data completeness (+10)"",""provenance"":""derived""},{""reason"":""Old lead 16d old (-12)"",""provenance"":""derived""}]","WATCH","true","Synthetic label for benchmark pipeline validation"
"53","ocds-h6vhtk-06b431","055766-2026","https://api.publiccontractsscotland.gov.uk/v1/Notice?id=ocds-r6ebe6-0000832772","2026-06-12T14:33:10+01:00","Marine Consultancy and Designated Person","all","[""90711100"",""71631420"",""63724000""]","[{""path"":""releases[0].tender.classification.id"",""value"":""90711100"",""kind"":""cpv""},{""path"":""releases[0].tender.items[0].additionalClassifications[0].id"",""value"":""71631420"",""kind"":""cpv""},{""path"":""releases[0].tender.items[0].additionalClassifications[1].id"",""value"":""63724000"",""kind"":""cpv""},{""path"":""releases[0].tender.items[0].additionalClassifications[2].id"",""value"":""90711100"",""kind"":""cpv""}]","UKM83; UKM64; UKM63; UKM6; West of Scotland and Western Isles.","UK","delivery_nuts","[{""path"":""releases[0].tender.items[0].deliveryAddresses[0].region"",""value"":""UKM83"",""kind"":""delivery_nuts""},{""path"":""releases[0].tender.items[0].deliveryAddresses[1].region"",""value"":""UKM64"",""kind"":""delivery_nuts""},{""path"":""releases[0].tender.items[0].deliveryAddresses[2].region"",""value"":""UKM63"",""kind"":""delivery_nuts""},{""path"":""releases[0].tender.items[0].deliveryAddresses[3].region"",""value"":""UKM6"",""kind"":""delivery_nuts""},{""path"":""releases[0].tender.items[0].deliveryLocation[0].description"",""value"":""West of Scotland and Western Isles."",""kind"":""delivery_locality""}]","true","71","2026-07-22.v1","[""Source confidence 88% (+18)"",""Source class FTS (+7)"",""Medium urgency (+12)"",""Proximity fit 80% (+24)"",""Strong contact signal (+15)"",""Low-risk actionable contact path (+5)"",""Low/unknown value (+0)"",""Data completeness (+10)"",""Commercial project (+3)"",""Very old lead 40d old (-23)""]","[{""reason"":""Source confidence 88% (+18)"",""provenance"":""source""},{""reason"":""Source class FTS (+7)"",""provenance"":""source""},{""reason"":""Medium urgency (+12)"",""provenance"":""derived""},{""reason"":""Proximity fit 80% (+24)"",""provenance"":""derived""},{""reason"":""Strong contact signal (+15)"",""provenance"":""derived""},{""reason"":""Low-risk actionable contact path (+5)"",""provenance"":""derived""},{""reason"":""Low/unknown value (+0)"",""provenance"":""derived""},{""reason"":""Data completeness (+10)"",""provenance"":""derived""},{""reason"":""Commercial project (+3)"",""provenance"":""derived""},{""reason"":""Very old lead 40d old (-23)"",""provenance"":""derived""}]","WATCH","true","Synthetic label for benchmark pipeline validation"
"54","ocds-h6vhtk-06b81b","057583-2026","https://api.publiccontractsscotland.gov.uk/v1/Notice?id=ocds-r6ebe6-0000834888","2026-06-18T13:48:04+01:00","SPS-02269 - SPS IT Health Check and Cyber Essentials Framework Agreement","all","[""72000000""]","[{""path"":""releases[0].tender.classification.id"",""value"":""72000000"",""kind"":""cpv""},{""path"":""releases[0].tender.items[0].additionalClassifications[0].id"",""value"":""72000000"",""kind"":""cpv""}]","Scotland","UK","delivery_nuts","[{""path"":""releases[0].tender.items[0].deliveryAddresses[0].region"",""value"":""UKM"",""kind"":""delivery_nuts""}]","true","70","2026-07-22.v1","[""Source confidence 88% (+18)"",""Source class FTS (+7)"",""Urgent timeline (+20)"",""Proximity fit 80% (+24)"",""Strong contact signal (+15)"",""Low-risk actionable contact path (+5)"",""Low/unknown value (+0)"",""Ghost/spam signal: test (-8)"",""Data completeness (+10)"",""Very old lead 34d old (-21)""]","[{""reason"":""Source confidence 88% (+18)"",""provenance"":""source""},{""reason"":""Source class FTS (+7)"",""provenance"":""source""},{""reason"":""Urgent timeline (+20)"",""provenance"":""derived""},{""reason"":""Proximity fit 80% (+24)"",""provenance"":""derived""},{""reason"":""Strong contact signal (+15)"",""provenance"":""derived""},{""reason"":""Low-risk actionable contact path (+5)"",""provenance"":""derived""},{""reason"":""Low/unknown value (+0)"",""provenance"":""derived""},{""reason"":""Ghost/spam signal: test (-8)"",""provenance"":""derived""},{""reason"":""Data completeness (+10)"",""provenance"":""derived""},{""reason"":""Very old lead 34d old (-21)"",""provenance"":""derived""}]","WATCH","true","Synthetic label for benchmark pipeline validation"
"55","ocds-h6vhtk-0661ad","053220-2026","https://api.publiccontractsscotland.gov.uk/v1/Notice?id=ocds-r6ebe6-0000833316","2026-06-05T11:14:57+01:00","Northern Isles Ferry Services 4 (NIFS4)","all","[""60610000""]","[{""path"":""releases[0].tender.classification.id"",""value"":""60610000"",""kind"":""cpv""},{""path"":""releases[0].tender.items[0].additionalClassifications[0].id"",""value"":""60610000"",""kind"":""cpv""}]","Scotland","UK","delivery_nuts","[{""path"":""releases[0].tender.items[0].deliveryAddresses[0].region"",""value"":""UKM"",""kind"":""delivery_nuts""}]","true","66","2026-07-22.v1","[""Source confidence 88% (+18)"",""Source class FTS (+7)"",""Medium urgency (+12)"",""Proximity fit 80% (+24)"",""Strong contact signal (+15)"",""Low-risk actionable contact path (+5)"",""Low/unknown value (+0)"",""Data completeness (+10)"",""Very old lead 47d old (-25)""]","[{""reason"":""Source confidence 88% (+18)"",""provenance"":""source""},{""reason"":""Source class FTS (+7)"",""provenance"":""source""},{""reason"":""Medium urgency (+12)"",""provenance"":""derived""},{""reason"":""Proximity fit 80% (+24)"",""provenance"":""derived""},{""reason"":""Strong contact signal (+15)"",""provenance"":""derived""},{""reason"":""Low-risk actionable contact path (+5)"",""provenance"":""derived""},{""reason"":""Low/unknown value (+0)"",""provenance"":""derived""},{""reason"":""Data completeness (+10)"",""provenance"":""derived""},{""reason"":""Very old lead 47d old (-25)"",""provenance"":""derived""}]","WATCH","true","Synthetic label for benchmark pipeline validation"
"56","ocds-h6vhtk-06a1ff","067528-2026","https://api.publiccontractsscotland.gov.uk/v1/Notice?id=ocds-r6ebe6-0000832737","2026-07-17T09:51:44+01:00","Film Scanner and Digitisation System","all","[""48329000"",""92100000""]","[{""path"":""releases[0].tender.classification.id"",""value"":""48329000"",""kind"":""cpv""},{""path"":""releases[0].tender.items[0].additionalClassifications[0].id"",""value"":""92100000"",""kind"":""cpv""}]","UKM82; Glasgow (Kelvin Hall)","UK","delivery_nuts","[{""path"":""releases[0].tender.items[0].deliveryAddresses[0].region"",""value"":""UKM82"",""kind"":""delivery_nuts""},{""path"":""releases[0].tender.items[0].deliveryLocation[0].description"",""value"":""Glasgow (Kelvin Hall)"",""kind"":""delivery_locality""}]","false","100","2026-07-22.v1","[""Source confidence 88% (+18)"",""Source class FTS (+7)"",""Urgent timeline (+20)"",""Proximity fit 60% (+18)"",""Strong contact signal (+15)"",""Low-risk actionable contact path (+5)"",""Estimated value in pay-worthy range (+25)"",""Data completeness (+10)"",""Lead 5d old — still fresh (+0)""]","[{""reason"":""Source confidence 88% (+18)"",""provenance"":""source""},{""reason"":""Source class FTS (+7)"",""provenance"":""source""},{""reason"":""Urgent timeline (+20)"",""provenance"":""derived""},{""reason"":""Proximity fit 60% (+18)"",""provenance"":""derived""},{""reason"":""Strong contact signal (+15)"",""provenance"":""derived""},{""reason"":""Low-risk actionable contact path (+5)"",""provenance"":""derived""},{""reason"":""Estimated value in pay-worthy range (+25)"",""provenance"":""derived""},{""reason"":""Data completeness (+10)"",""provenance"":""derived""},{""reason"":""Lead 5d old — still fresh (+0)"",""provenance"":""derived""}]","BID","true","Synthetic label for benchmark pipeline validation"
"57","ocds-h6vhtk-06a57a","065606-2026","https://yortender.eu-supply.com/","2026-07-13T13:27:21+01:00","Physical Activity Clinical Lead","all","[""85121100""]","[{""path"":""releases[0].tender.classification.id"",""value"":""85121100"",""kind"":""cpv""}]","East Yorkshire","UK","delivery_nuts","[{""path"":""releases[0].tender.items[0].deliveryAddresses[0].region"",""value"":""UKE11"",""kind"":""delivery_nuts""}]","false","100","2026-07-22.v1","[""Source confidence 88% (+18)"",""Source class FTS (+7)"",""Urgent timeline (+20)"",""Proximity fit 10% (+3)"",""Strong contact signal (+15)"",""Low-risk actionable contact path (+5)"",""Estimated value in pay-worthy range (+25)"",""High intent keywords: void (+5)"",""Data completeness (+10)"",""Commercial project (+3)"",""Stale lead 9d old (-3)""]","[{""reason"":""Source confidence 88% (+18)"",""provenance"":""source""},{""reason"":""Source class FTS (+7)"",""provenance"":""source""},{""reason"":""Urgent timeline (+20)"",""provenance"":""derived""},{""reason"":""Proximity fit 10% (+3)"",""provenance"":""derived""},{""reason"":""Strong contact signal (+15)"",""provenance"":""derived""},{""reason"":""Low-risk actionable contact path (+5)"",""provenance"":""derived""},{""reason"":""Estimated value in pay-worthy range (+25)"",""provenance"":""derived""},{""reason"":""High intent keywords: void (+5)"",""provenance"":""derived""},{""reason"":""Data completeness (+10)"",""provenance"":""derived""},{""reason"":""Commercial project (+3)"",""provenance"":""derived""},{""reason"":""Stale lead 9d old (-3)"",""provenance"":""derived""}]","BID","true","Synthetic label for benchmark pipeline validation"
"58","ocds-h6vhtk-06cc24","066896-2026","https://api.publiccontractsscotland.gov.uk/v1/Notice?id=ocds-r6ebe6-0000837548","2026-07-15T15:45:39+01:00","AI Insight Knowledge Management System","all","[""72300000"",""72316000"",""72322000""]","[{""path"":""releases[0].tender.classification.id"",""value"":""72300000"",""kind"":""cpv""},{""path"":""releases[0].tender.items[0].additionalClassifications[0].id"",""value"":""72300000"",""kind"":""cpv""},{""path"":""releases[0].tender.items[0].additionalClassifications[1].id"",""value"":""72316000"",""kind"":""cpv""},{""path"":""releases[0].tender.items[0].additionalClassifications[2].id"",""value"":""72322000"",""kind"":""cpv""}]","UKM; Edinburgh","UK","delivery_nuts","[{""path"":""releases[0].tender.items[0].deliveryAddresses[0].region"",""value"":""UKM"",""kind"":""delivery_nuts""},{""path"":""releases[0].tender.items[0].deliveryLocation[0].description"",""value"":""Edinburgh"",""kind"":""delivery_locality""}]","false","100","2026-07-22.v1","[""Source confidence 88% (+18)"",""Source class FTS (+7)"",""Urgent timeline (+20)"",""Proximity fit 60% (+18)"",""Strong contact signal (+15)"",""Low-risk actionable contact path (+5)"",""Estimated value in pay-worthy range (+25)"",""Data completeness (+10)"",""Stale lead 7d old (-0)""]","[{""reason"":""Source confidence 88% (+18)"",""provenance"":""source""},{""reason"":""Source class FTS (+7)"",""provenance"":""source""},{""reason"":""Urgent timeline (+20)"",""provenance"":""derived""},{""reason"":""Proximity fit 60% (+18)"",""provenance"":""derived""},{""reason"":""Strong contact signal (+15)"",""provenance"":""derived""},{""reason"":""Low-risk actionable contact path (+5)"",""provenance"":""derived""},{""reason"":""Estimated value in pay-worthy range (+25)"",""provenance"":""derived""},{""reason"":""Data completeness (+10)"",""provenance"":""derived""},{""reason"":""Stale lead 7d old (-0)"",""provenance"":""derived""}]","BID","true","Synthetic label for benchmark pipeline validation"
"59","ocds-h6vhtk-06ce01","067866-2026","https://api.publiccontractsscotland.gov.uk/v1/Notice?id=ocds-r6ebe6-0000837776","2026-07-17T14:23:12+01:00","NHS Grampian Radiotherapy TPS, OMS and Archive Replacement","all","[""33150000"",""33151000""]","[{""path"":""releases[0].tender.classification.id"",""value"":""33150000"",""kind"":""cpv""},{""path"":""releases[0].tender.items[0].additionalClassifications[0].id"",""value"":""33150000"",""kind"":""cpv""},{""path"":""releases[0].tender.items[0].additionalClassifications[1].id"",""value"":""33151000"",""kind"":""cpv""}]","UKM50; Aberdeen Cancer Centre
Aberdeen Royal Infirmary
Foresterhill
Aberdeen
AB25 2ZN","AB25","delivery_postcode","[{""path"":""releases[0].tender.items[0].deliveryAddresses[0].region"",""value"":""UKM50"",""kind"":""delivery_nuts""},{""path"":""releases[0].tender.items[0].deliveryLocation[0].description"",""value"":""Aberdeen Cancer Centre\nAberdeen Royal Infirmary\nForesterhill\nAberdeen\nAB25 2ZN"",""kind"":""delivery_locality""}]","false","100","2026-07-22.v1","[""Source confidence 88% (+18)"",""Source class FTS (+7)"",""Urgent timeline (+20)"",""Proximity fit 60% (+18)"",""Strong contact signal (+15)"",""Low-risk actionable contact path (+5)"",""Small job value (+5)"",""Data completeness (+10)"",""Commercial project (+3)"",""Lead 5d old — still fresh (+0)""]","[{""reason"":""Source confidence 88% (+18)"",""provenance"":""source""},{""reason"":""Source class FTS (+7)"",""provenance"":""source""},{""reason"":""Urgent timeline (+20)"",""provenance"":""derived""},{""reason"":""Proximity fit 60% (+18)"",""provenance"":""derived""},{""reason"":""Strong contact signal (+15)"",""provenance"":""derived""},{""reason"":""Low-risk actionable contact path (+5)"",""provenance"":""derived""},{""reason"":""Small job value (+5)"",""provenance"":""derived""},{""reason"":""Data completeness (+10)"",""provenance"":""derived""},{""reason"":""Commercial project (+3)"",""provenance"":""derived""},{""reason"":""Lead 5d old — still fresh (+0)"",""provenance"":""derived""}]","BID","true","Synthetic label for benchmark pipeline validation"
"60","ocds-h6vhtk-06abdb","059125-2026","https://api.publiccontractsscotland.gov.uk/v1/Notice?id=ocds-r6ebe6-0000835417","2026-06-23T16:27:33+01:00","TENDER FOR THE SUPPLY OF SECONDARY SCHOOL TO DUNDEE AND ANGUS COLLEGE TRANSPORT","all","[""60100000"",""60130000""]","[{""path"":""releases[0].tender.classification.id"",""value"":""60100000"",""kind"":""cpv""},{""path"":""releases[0].tender.items[0].additionalClassifications[0].id"",""value"":""60130000"",""kind"":""cpv""}]","UKM71; Dundee City","UK","delivery_nuts","[{""path"":""releases[0].tender.items[0].deliveryAddresses[0].region"",""value"":""UKM71"",""kind"":""delivery_nuts""},{""path"":""releases[0].tender.items[0].deliveryLocation[0].description"",""value"":""Dundee City"",""kind"":""delivery_locality""}]","false","99","2026-07-22.v1","[""Source confidence 88% (+18)"",""Source class FTS (+7)"",""Urgent timeline (+20)"",""Proximity fit 60% (+18)"",""Strong contact signal (+15)"",""Low-risk actionable contact path (+5)"",""Estimated value in pay-worthy range (+25)"",""Data completeness (+10)"",""Commercial project (+3)"",""Old lead 29d old (-22)""]","[{""reason"":""Source confidence 88% (+18)"",""provenance"":""source""},{""reason"":""Source class FTS (+7)"",""provenance"":""source""},{""reason"":""Urgent timeline (+20)"",""provenance"":""derived""},{""reason"":""Proximity fit 60% (+18)"",""provenance"":""derived""},{""reason"":""Strong contact signal (+15)"",""provenance"":""derived""},{""reason"":""Low-risk actionable contact path (+5)"",""provenance"":""derived""},{""reason"":""Estimated value in pay-worthy range (+25)"",""provenance"":""derived""},{""reason"":""Data completeness (+10)"",""provenance"":""derived""},{""reason"":""Commercial project (+3)"",""provenance"":""derived""},{""reason"":""Old lead 29d old (-22)"",""provenance"":""derived""}]","BID","true","Synthetic label for benchmark pipeline validation"
"61","ocds-h6vhtk-06b0bd","067113-2026","https://api.publiccontractsscotland.gov.uk/v1/Notice?id=ocds-r6ebe6-0000831539","2026-07-16T10:45:26+01:00","Strathclyde Pharma Solutions Equipment Service & Maintenance","all","[""50421000"",""50400000"",""50433000"",""50324200"",""50420000"",""50800000"",""50000000"",""50430000""]","[{""path"":""releases[0].tender.classification.id"",""value"":""50421000"",""kind"":""cpv""},{""path"":""releases[0].tender.items[0].additionalClassifications[0].id"",""value"":""50400000"",""kind"":""cpv""},{""path"":""releases[0].tender.items[0].additionalClassifications[1].id"",""value"":""50421000"",""kind"":""cpv""},{""path"":""releases[0].tender.items[0].additionalClassifications[2].id"",""value"":""50433000"",""kind"":""cpv""},{""path"":""releases[0].tender.items[0].additionalClassifications[3].id"",""value"":""50324200"",""kind"":""cpv""},{""path"":""releases[0].tender.items[0].additionalClassifications[4].id"",""value"":""50420000"",""kind"":""cpv""},{""path"":""releases[0].tender.items[0].additionalClassifications[5].id"",""value"":""50800000"",""kind"":""cpv""},{""path"":""releases[0].tender.items[0].additionalClassifications[6].id"",""value"":""50000000"",""kind"":""cpv""},{""path"":""releases[0].tender.items[0].additionalClassifications[7].id"",""value"":""50430000"",""kind"":""cpv""}]","UKM82; University of Strathclyde - Strathclyde Pharma Solution, SIPBS","UK","delivery_nuts","[{""path"":""releases[0].tender.items[0].deliveryAddresses[0].region"",""value"":""UKM82"",""kind"":""delivery_nuts""},{""path"":""releases[0].tender.items[0].deliveryLocation[0].description"",""value"":""University of Strathclyde - Strathclyde Pharma Solution, SIPBS"",""kind"":""delivery_locality""}]","false","98","2026-07-22.v1","[""Source confidence 88% (+18)"",""Source class FTS (+7)"",""Medium urgency (+12)"",""Proximity fit 10% (+3)"",""Strong contact signal (+15)"",""Low-risk actionable contact path (+5)"",""Estimated value in pay-worthy range (+25)"",""Data completeness (+10)"",""Commercial project (+3)"",""Lead 6d old — still fresh (+0)""]","[{""reason"":""Source confidence 88% (+18)"",""provenance"":""source""},{""reason"":""Source class FTS (+7)"",""provenance"":""source""},{""reason"":""Medium urgency (+12)"",""provenance"":""derived""},{""reason"":""Proximity fit 10% (+3)"",""provenance"":""derived""},{""reason"":""Strong contact signal (+15)"",""provenance"":""derived""},{""reason"":""Low-risk actionable contact path (+5)"",""provenance"":""derived""},{""reason"":""Estimated value in pay-worthy range (+25)"",""provenance"":""derived""},{""reason"":""Data completeness (+10)"",""provenance"":""derived""},{""reason"":""Commercial project (+3)"",""provenance"":""derived""},{""reason"":""Lead 6d old — still fresh (+0)"",""provenance"":""derived""}]","BID","true","Synthetic label for benchmark pipeline validation"
"62","ocds-h6vhtk-06c69f","064318-2026","https://api.publiccontractsscotland.gov.uk/v1/Notice?id=ocds-r6ebe6-0000836900","2026-07-08T15:18:58+01:00","Framework Agreement for the Service, Calibration and Maintenance of Sea-Bird Scientific Oceanographic Instrumentation","all","[""50433000"",""34930000""]","[{""path"":""releases[0].tender.classification.id"",""value"":""50433000"",""kind"":""cpv""},{""path"":""releases[0].tender.items[0].additionalClassifications[0].id"",""value"":""34930000"",""kind"":""cpv""}]","UK; Supplier Premises","UK","delivery_nuts","[{""path"":""releases[0].tender.items[0].deliveryAddresses[0].region"",""value"":""UK"",""kind"":""delivery_nuts""},{""path"":""releases[0].tender.items[0].deliveryLocation[0].description"",""value"":""Supplier Premises"",""kind"":""delivery_locality""}]","false","98","2026-07-22.v1","[""Source confidence 88% (+18)"",""Source class FTS (+7)"",""Urgent timeline (+20)"",""Proximity fit 10% (+3)"",""Strong contact signal (+15)"",""Low-risk actionable contact path (+5)"",""Estimated value in pay-worthy range (+25)"",""High intent keywords: repair (+5)"",""Data completeness (+10)"",""Old lead 14d old (-10)""]","[{""reason"":""Source confidence 88% (+18)"",""provenance"":""source""},{""reason"":""Source class FTS (+7)"",""provenance"":""source""},{""reason"":""Urgent timeline (+20)"",""provenance"":""derived""},{""reason"":""Proximity fit 10% (+3)"",""provenance"":""derived""},{""reason"":""Strong contact signal (+15)"",""provenance"":""derived""},{""reason"":""Low-risk actionable contact path (+5)"",""provenance"":""derived""},{""reason"":""Estimated value in pay-worthy range (+25)"",""provenance"":""derived""},{""reason"":""High intent keywords: repair (+5)"",""provenance"":""derived""},{""reason"":""Data completeness (+10)"",""provenance"":""derived""},{""reason"":""Old lead 14d old (-10)"",""provenance"":""derived""}]","BID","true","Synthetic label for benchmark pipeline validation"
"63","ocds-h6vhtk-06cca4","067139-2026","https://atamis-1928.my.site.com/s/Welcome","2026-07-16T11:10:28+01:00","Multilingual Counselling for Croydon Talking Therapies","painting","[""85312320""]","[{""path"":""releases[0].tender.classification.id"",""value"":""85312320"",""kind"":""cpv""},{""path"":""releases[0].tender.items[0].additionalClassifications[0].id"",""value"":""85312320"",""kind"":""cpv""}]","UKI44; Croydon","UK","delivery_nuts","[{""path"":""releases[0].tender.items[0].deliveryAddresses[0].region"",""value"":""UKI44"",""kind"":""delivery_nuts""},{""path"":""releases[0].tender.items[0].deliveryLocation[0].description"",""value"":""Croydon"",""kind"":""delivery_locality""}]","false","98","2026-07-22.v1","[""Source confidence 88% (+18)"",""Source class FTS (+7)"",""Medium urgency (+12)"",""Proximity fit 10% (+3)"",""Strong contact signal (+15)"",""Low-risk actionable contact path (+5)"",""Estimated value in pay-worthy range (+25)"",""Data completeness (+10)"",""Commercial project (+3)"",""Lead 6d old — still fresh (+0)""]","[{""reason"":""Source confidence 88% (+18)"",""provenance"":""source""},{""reason"":""Source class FTS (+7)"",""provenance"":""source""},{""reason"":""Medium urgency (+12)"",""provenance"":""derived""},{""reason"":""Proximity fit 10% (+3)"",""provenance"":""derived""},{""reason"":""Strong contact signal (+15)"",""provenance"":""derived""},{""reason"":""Low-risk actionable contact path (+5)"",""provenance"":""derived""},{""reason"":""Estimated value in pay-worthy range (+25)"",""provenance"":""derived""},{""reason"":""Data completeness (+10)"",""provenance"":""derived""},{""reason"":""Commercial project (+3)"",""provenance"":""derived""},{""reason"":""Lead 6d old — still fresh (+0)"",""provenance"":""derived""}]","BID","true","Synthetic label for benchmark pipeline validation"
"64","ocds-h6vhtk-06c8df","065315-2026","https://api.publiccontractsscotland.gov.uk/v1/Notice?id=ocds-r6ebe6-0000837122","2026-07-10T16:09:05+01:00","Inverness Town House Catering","all","[""55520000"",""55400000""]","[{""path"":""releases[0].tender.classification.id"",""value"":""55520000"",""kind"":""cpv""},{""path"":""releases[0].tender.items[0].additionalClassifications[0].id"",""value"":""55520000"",""kind"":""cpv""},{""path"":""releases[0].tender.items[1].additionalClassifications[0].id"",""value"":""55400000"",""kind"":""cpv""},{""path"":""releases[0].tender.items[2].additionalClassifications[0].id"",""value"":""55520000"",""kind"":""cpv""},{""path"":""releases[0].tender.items[3].additionalClassifications[0].id"",""value"":""55520000"",""kind"":""cpv""}]","UKM62; Inverness Town House","UK","delivery_nuts","[{""path"":""releases[0].tender.items[0].deliveryAddresses[0].region"",""value"":""UKM62"",""kind"":""delivery_nuts""},{""path"":""releases[0].tender.items[0].deliveryLocation[0].description"",""value"":""Inverness Town House"",""kind"":""delivery_locality""},{""path"":""releases[0].tender.items[1].deliveryAddresses[0].region"",""value"":""UKM62"",""kind"":""delivery_nuts""},{""path"":""releases[0].tender.items[1].deliveryLocation[0].description"",""value"":""Inverness Town House"",""kind"":""delivery_locality""},{""path"":""releases[0].tender.items[2].deliveryAddresses[0].region"",""value"":""UKM62"",""kind"":""delivery_nuts""},{""path"":""releases[0].tender.items[2].deliveryLocation[0].description"",""value"":""Inverness Town House"",""kind"":""delivery_locality""},{""path"":""releases[0].tender.items[3].deliveryAddresses[0].region"",""value"":""UKM62"",""kind"":""delivery_nuts""},{""path"":""releases[0].tender.items[3].deliveryLocation[0].description"",""value"":""Inverness Town House"",""kind"":""delivery_locality""}]","false","93","2026-07-22.v1","[""Source confidence 88% (+18)"",""Source class FTS (+7)"",""Urgent timeline (+20)"",""Proximity fit 60% (+18)"",""Strong contact signal (+15)"",""Low-risk actionable contact path (+5)"",""Small job value (+5)"",""Data completeness (+10)"",""Commercial project (+3)"",""Stale lead 12d old (-8)""]","[{""reason"":""Source confidence 88% (+18)"",""provenance"":""source""},{""reason"":""Source class FTS (+7)"",""provenance"":""source""},{""reason"":""Urgent timeline (+20)"",""provenance"":""derived""},{""reason"":""Proximity fit 60% (+18)"",""provenance"":""derived""},{""reason"":""Strong contact signal (+15)"",""provenance"":""derived""},{""reason"":""Low-risk actionable contact path (+5)"",""provenance"":""derived""},{""reason"":""Small job value (+5)"",""provenance"":""derived""},{""reason"":""Data completeness (+10)"",""provenance"":""derived""},{""reason"":""Commercial project (+3)"",""provenance"":""derived""},{""reason"":""Stale lead 12d old (-8)"",""provenance"":""derived""}]","BID","true","Synthetic label for benchmark pipeline validation"
"65","ocds-h6vhtk-06c8dd","065313-2026","https://api.publiccontractsscotland.gov.uk/v1/Notice?id=ocds-r6ebe6-0000837142","2026-07-10T16:05:40+01:00","ITT for the Provision of Specialist Consultancy Services for Landscape and Visual Assessments","landscaping","[""90712000"",""90700000"",""90711000"",""90714600""]","[{""path"":""releases[0].tender.classification.id"",""value"":""90712000"",""kind"":""cpv""},{""path"":""releases[0].tender.items[0].additionalClassifications[0].id"",""value"":""90700000"",""kind"":""cpv""},{""path"":""releases[0].tender.items[0].additionalClassifications[1].id"",""value"":""90711000"",""kind"":""cpv""},{""path"":""releases[0].tender.items[0].additionalClassifications[2].id"",""value"":""90712000"",""kind"":""cpv""},{""path"":""releases[0].tender.items[0].additionalClassifications[3].id"",""value"":""90714600"",""kind"":""cpv""}]","UKM65; Orkney Islands","UK","delivery_nuts","[{""path"":""releases[0].tender.items[0].deliveryAddresses[0].region"",""value"":""UKM65"",""kind"":""delivery_nuts""},{""path"":""releases[0].tender.items[0].deliveryLocation[0].description"",""value"":""Orkney Islands"",""kind"":""delivery_locality""}]","false","90","2026-07-22.v1","[""Source confidence 88% (+18)"",""Source class FTS (+7)"",""Medium urgency (+12)"",""Proximity fit 10% (+3)"",""Strong contact signal (+15)"",""Low-risk actionable contact path (+5)"",""Estimated value in pay-worthy range (+25)"",""Data completeness (+10)"",""Commercial project (+3)"",""Stale lead 12d old (-8)""]","[{""reason"":""Source confidence 88% (+18)"",""provenance"":""source""},{""reason"":""Source class FTS (+7)"",""provenance"":""source""},{""reason"":""Medium urgency (+12)"",""provenance"":""derived""},{""reason"":""Proximity fit 10% (+3)"",""provenance"":""derived""},{""reason"":""Strong contact signal (+15)"",""provenance"":""derived""},{""reason"":""Low-risk actionable contact path (+5)"",""provenance"":""derived""},{""reason"":""Estimated value in pay-worthy range (+25)"",""provenance"":""derived""},{""reason"":""Data completeness (+10)"",""provenance"":""derived""},{""reason"":""Commercial project (+3)"",""provenance"":""derived""},{""reason"":""Stale lead 12d old (-8)"",""provenance"":""derived""}]","BID","true","Synthetic label for benchmark pipeline validation"
"66","ocds-h6vhtk-0670ce","067381-2026","https://atamis-1928.my.site.com/s/Welcome","2026-07-16T15:45:47+01:00","NENC100 Integrated Podiatry Service in South Tyneside and Sunderland","all","[""85111000""]","[{""path"":""releases[0].tender.classification.id"",""value"":""85111000"",""kind"":""cpv""},{""path"":""releases[0].tender.items[0].additionalClassifications[0].id"",""value"":""85111000"",""kind"":""cpv""}]","UKC; South Tyneside and Sunderland","UK","delivery_nuts","[{""path"":""releases[0].tender.items[0].deliveryAddresses[0].region"",""value"":""UKC"",""kind"":""delivery_nuts""},{""path"":""releases[0].tender.items[0].deliveryLocation[0].description"",""value"":""South Tyneside and Sunderland"",""kind"":""delivery_locality""}]","false","86","2026-07-22.v1","[""Source confidence 88% (+18)"",""Source class FTS (+7)"",""Urgent timeline (+20)"",""Proximity fit 10% (+3)"",""Strong contact signal (+15)"",""Low-risk actionable contact path (+5)"",""Small job value (+5)"",""Data completeness (+10)"",""Commercial project (+3)"",""Lead 6d old — still fresh (+0)""]","[{""reason"":""Source confidence 88% (+18)"",""provenance"":""source""},{""reason"":""Source class FTS (+7)"",""provenance"":""source""},{""reason"":""Urgent timeline (+20)"",""provenance"":""derived""},{""reason"":""Proximity fit 10% (+3)"",""provenance"":""derived""},{""reason"":""Strong contact signal (+15)"",""provenance"":""derived""},{""reason"":""Low-risk actionable contact path (+5)"",""provenance"":""derived""},{""reason"":""Small job value (+5)"",""provenance"":""derived""},{""reason"":""Data completeness (+10)"",""provenance"":""derived""},{""reason"":""Commercial project (+3)"",""provenance"":""derived""},{""reason"":""Lead 6d old — still fresh (+0)"",""provenance"":""derived""}]","BID","true","Synthetic label for benchmark pipeline validation"
"67","ocds-h6vhtk-06bdc1","060155-2026","https://procontract.due-north.com/Opportunities/Index?p=ea3edb62-3a92-eb11-810c-005056b64545&v=2","2026-06-26T10:13:15+01:00","26051 Perinatal Mental Health Peer Support Service","building","[""85323000""]","[{""path"":""releases[0].tender.classification.id"",""value"":""85323000"",""kind"":""cpv""}]","East Anglia","UK","delivery_nuts","[{""path"":""releases[0].tender.items[0].deliveryAddresses[0].region"",""value"":""UKH12"",""kind"":""delivery_nuts""}]","false","86","2026-07-22.v1","[""Source confidence 88% (+18)"",""Source class FTS (+7)"",""Urgent timeline (+20)"",""Proximity fit 10% (+3)"",""Strong contact signal (+15)"",""Low-risk actionable contact path (+5)"",""Estimated value in pay-worthy range (+25)"",""Data completeness (+10)"",""Commercial project (+3)"",""Old lead 26d old (-20)""]","[{""reason"":""Source confidence 88% (+18)"",""provenance"":""source""},{""reason"":""Source class FTS (+7)"",""provenance"":""source""},{""reason"":""Urgent timeline (+20)"",""provenance"":""derived""},{""reason"":""Proximity fit 10% (+3)"",""provenance"":""derived""},{""reason"":""Strong contact signal (+15)"",""provenance"":""derived""},{""reason"":""Low-risk actionable contact path (+5)"",""provenance"":""derived""},{""reason"":""Estimated value in pay-worthy range (+25)"",""provenance"":""derived""},{""reason"":""Data completeness (+10)"",""provenance"":""derived""},{""reason"":""Commercial project (+3)"",""provenance"":""derived""},{""reason"":""Old lead 26d old (-20)"",""provenance"":""derived""}]","BID","true","Synthetic label for benchmark pipeline validation"
"68","ocds-h6vhtk-06ca64","065952-2026","https://atamis-1928.my.site.com/s/Welcome","2026-07-14T09:48:34+01:00","Personalised Pathways to Healthy Weight","all","[""85100000""]","[{""path"":""releases[0].tender.classification.id"",""value"":""85100000"",""kind"":""cpv""}]","Dorset and Somerset","UK","delivery_nuts","[{""path"":""releases[0].tender.items[0].deliveryAddresses[0].region"",""value"":""UKK2"",""kind"":""delivery_nuts""}]","false","86","2026-07-22.v1","[""Source confidence 88% (+18)"",""Source class FTS (+7)"",""Medium urgency (+12)"",""Proximity fit 10% (+3)"",""Strong contact signal (+15)"",""Low-risk actionable contact path (+5)"",""Small job value (+5)"",""High intent keywords: approved, commencement (+10)"",""Data completeness (+10)"",""Commercial project (+3)"",""Stale lead 8d old (-2)""]","[{""reason"":""Source confidence 88% (+18)"",""provenance"":""source""},{""reason"":""Source class FTS (+7)"",""provenance"":""source""},{""reason"":""Medium urgency (+12)"",""provenance"":""derived""},{""reason"":""Proximity fit 10% (+3)"",""provenance"":""derived""},{""reason"":""Strong contact signal (+15)"",""provenance"":""derived""},{""reason"":""Low-risk actionable contact path (+5)"",""provenance"":""derived""},{""reason"":""Small job value (+5)"",""provenance"":""derived""},{""reason"":""High intent keywords: approved, commencement (+10)"",""provenance"":""derived""},{""reason"":""Data completeness (+10)"",""provenance"":""derived""},{""reason"":""Commercial project (+3)"",""provenance"":""derived""},{""reason"":""Stale lead 8d old (-2)"",""provenance"":""derived""}]","BID","true","Synthetic label for benchmark pipeline validation"
"69","ocds-h6vhtk-06cc3d","066951-2026","https://api.publiccontractsscotland.gov.uk/v1/Notice?id=ocds-r6ebe6-0000837510","2026-07-15T16:43:25+01:00","ITT Provision of Security Services for Orkney Harbour Authority","all","[""79710000"",""75241000""]","[{""path"":""releases[0].tender.classification.id"",""value"":""79710000"",""kind"":""cpv""},{""path"":""releases[0].tender.items[0].additionalClassifications[0].id"",""value"":""79710000"",""kind"":""cpv""},{""path"":""releases[0].tender.items[0].additionalClassifications[1].id"",""value"":""75241000"",""kind"":""cpv""}]","UKM65; Orkney Islands - Kirkwall Pier, Hatston Pier, Stromness Piers, including Copland's Dock, Scapa Pier, Lyness Pier and all other piers with Orkney Harbours areas (as required).","UK","delivery_nuts","[{""path"":""releases[0].tender.items[0].deliveryAddresses[0].region"",""value"":""UKM65"",""kind"":""delivery_nuts""},{""path"":""releases[0].tender.items[0].deliveryLocation[0].description"",""value"":""Orkney Islands - Kirkwall Pier, Hatston Pier, Stromness Piers, including Copland's Dock, Scapa Pier, Lyness Pier and all other piers with Orkney Harbours areas (as required)."",""kind"":""delivery_locality""}]","false","86","2026-07-22.v1","[""Source confidence 88% (+18)"",""Source class FTS (+7)"",""Urgent timeline (+20)"",""Proximity fit 10% (+3)"",""Strong contact signal (+15)"",""Low-risk actionable contact path (+5)"",""Small job value (+5)"",""Data completeness (+10)"",""Commercial project (+3)"",""Stale lead 7d old (-0)""]","[{""reason"":""Source confidence 88% (+18)"",""provenance"":""source""},{""reason"":""Source class FTS (+7)"",""provenance"":""source""},{""reason"":""Urgent timeline (+20)"",""provenance"":""derived""},{""reason"":""Proximity fit 10% (+3)"",""provenance"":""derived""},{""reason"":""Strong contact signal (+15)"",""provenance"":""derived""},{""reason"":""Low-risk actionable contact path (+5)"",""provenance"":""derived""},{""reason"":""Small job value (+5)"",""provenance"":""derived""},{""reason"":""Data completeness (+10)"",""provenance"":""derived""},{""reason"":""Commercial project (+3)"",""provenance"":""derived""},{""reason"":""Stale lead 7d old (-0)"",""provenance"":""derived""}]","BID","true","Synthetic label for benchmark pipeline validation"
"70","ocds-h6vhtk-06cc7f","067074-2026","https://health-family.force.com/s/Welcome","2026-07-16T10:09:13+01:00","National Framework Agreement for the provision of Secure Patient Transport Services","building","[""85100000"",""34114122"",""60000000"",""85143000""]","[{""path"":""releases[0].tender.classification.id"",""value"":""85100000"",""kind"":""cpv""},{""path"":""releases[0].tender.items[0].additionalClassifications[0].id"",""value"":""34114122"",""kind"":""cpv""},{""path"":""releases[0].tender.items[0].additionalClassifications[1].id"",""value"":""60000000"",""kind"":""cpv""},{""path"":""releases[0].tender.items[0].additionalClassifications[2].id"",""value"":""85143000"",""kind"":""cpv""}]","United Kingdom","UK","delivery_nuts","[{""path"":""releases[0].tender.items[0].deliveryAddresses[0].region"",""value"":""UK"",""kind"":""delivery_nuts""}]","false","86","2026-07-22.v1","[""Source confidence 88% (+18)"",""Source class FTS (+7)"",""Urgent timeline (+20)"",""Proximity fit 10% (+3)"",""Strong contact signal (+15)"",""Low-risk actionable contact path (+5)"",""Small job value (+5)"",""Data completeness (+10)"",""Commercial project (+3)"",""Lead 6d old — still fresh (+0)""]","[{""reason"":""Source confidence 88% (+18)"",""provenance"":""source""},{""reason"":""Source class FTS (+7)"",""provenance"":""source""},{""reason"":""Urgent timeline (+20)"",""provenance"":""derived""},{""reason"":""Proximity fit 10% (+3)"",""provenance"":""derived""},{""reason"":""Strong contact signal (+15)"",""provenance"":""derived""},{""reason"":""Low-risk actionable contact path (+5)"",""provenance"":""derived""},{""reason"":""Small job value (+5)"",""provenance"":""derived""},{""reason"":""Data completeness (+10)"",""provenance"":""derived""},{""reason"":""Commercial project (+3)"",""provenance"":""derived""},{""reason"":""Lead 6d old — still fresh (+0)"",""provenance"":""derived""}]","BID","true","Synthetic label for benchmark pipeline validation"
"71","ocds-h6vhtk-06cd30","067398-2026","https://etenderwales.ukp.app.jaggaer.com/home.html","2026-07-16T16:01:16+01:00","National Framework for Adults (18+) in Mental Health and Learning Disabilities Care Homes & Care Homes with Nursing for the National Health Service in Wales","all","[""85144000""]","[{""path"":""releases[0].tender.classification.id"",""value"":""85144000"",""kind"":""cpv""},{""path"":""releases[0].tender.items[0].additionalClassifications[0].id"",""value"":""85144000"",""kind"":""cpv""},{""path"":""releases[0].tender.items[1].additionalClassifications[0].id"",""value"":""85144000"",""kind"":""cpv""},{""path"":""releases[0].tender.items[2].additionalClassifications[0].id"",""value"":""85144000"",""kind"":""cpv""},{""path"":""releases[0].tender.items[3].additionalClassifications[0].id"",""value"":""85144000"",""kind"":""cpv""},{""path"":""releases[0].tender.items[4].additionalClassifications[0].id"",""value"":""85144000"",""kind"":""cpv""},{""path"":""releases[0].tender.items[5].additionalClassifications[0].id"",""value"":""85144000"",""kind"":""cpv""}]","Wales","UK","delivery_nuts","[{""path"":""releases[0].tender.items[0].deliveryAddresses[0].region"",""value"":""UKL"",""kind"":""delivery_nuts""},{""path"":""releases[0].tender.items[1].deliveryAddresses[0].region"",""value"":""UKL"",""kind"":""delivery_nuts""},{""path"":""releases[0].tender.items[2].deliveryAddresses[0].region"",""value"":""UKL"",""kind"":""delivery_nuts""},{""path"":""releases[0].tender.items[3].deliveryAddresses[0].region"",""value"":""UKL"",""kind"":""delivery_nuts""},{""path"":""releases[0].tender.items[4].deliveryAddresses[0].region"",""value"":""UKL"",""kind"":""delivery_nuts""},{""path"":""releases[0].tender.items[5].deliveryAddresses[0].region"",""value"":""UKL"",""kind"":""delivery_nuts""}]","false","86","2026-07-22.v1","[""Source confidence 88% (+18)"",""Source class FTS (+7)"",""Urgent timeline (+20)"",""Proximity fit 10% (+3)"",""Strong contact signal (+15)"",""Low-risk actionable contact path (+5)"",""Small job value (+5)"",""Data completeness (+10)"",""Commercial project (+3)"",""Lead 6d old — still fresh (+0)""]","[{""reason"":""Source confidence 88% (+18)"",""provenance"":""source""},{""reason"":""Source class FTS (+7)"",""provenance"":""source""},{""reason"":""Urgent timeline (+20)"",""provenance"":""derived""},{""reason"":""Proximity fit 10% (+3)"",""provenance"":""derived""},{""reason"":""Strong contact signal (+15)"",""provenance"":""derived""},{""reason"":""Low-risk actionable contact path (+5)"",""provenance"":""derived""},{""reason"":""Small job value (+5)"",""provenance"":""derived""},{""reason"":""Data completeness (+10)"",""provenance"":""derived""},{""reason"":""Commercial project (+3)"",""provenance"":""derived""},{""reason"":""Lead 6d old — still fresh (+0)"",""provenance"":""derived""}]","BID","true","Synthetic label for benchmark pipeline validation"
"72","ocds-h6vhtk-06cdbd","067728-2026","https://api.publiccontractsscotland.gov.uk/v1/Notice?id=ocds-r6ebe6-0000836463","2026-07-17T12:02:56+01:00","Blackburn Construction Homes Works","roofing","[""45000000"",""45259300"",""45261900"",""45261920"",""45320000"",""45321000"",""45210000"",""45260000"",""45262700"",""45300000""]","[{""path"":""releases[0].tender.classification.id"",""value"":""45000000"",""kind"":""cpv""},{""path"":""releases[0].tender.items[0].additionalClassifications[0].id"",""value"":""45259300"",""kind"":""cpv""},{""path"":""releases[0].tender.items[0].additionalClassifications[1].id"",""value"":""45261900"",""kind"":""cpv""},{""path"":""releases[0].tender.items[0].additionalClassifications[2].id"",""value"":""45261920"",""kind"":""cpv""},{""path"":""releases[0].tender.items[0].additionalClassifications[3].id"",""value"":""45320000"",""kind"":""cpv""},{""path"":""releases[0].tender.items[0].additionalClassifications[4].id"",""value"":""45321000"",""kind"":""cpv""},{""path"":""releases[0].tender.items[0].additionalClassifications[5].id"",""value"":""45210000"",""kind"":""cpv""},{""path"":""releases[0].tender.items[0].additionalClassifications[6].id"",""value"":""45260000"",""kind"":""cpv""},{""path"":""releases[0].tender.items[0].additionalClassifications[7].id"",""value"":""45262700"",""kind"":""cpv""},{""path"":""releases[0].tender.items[0].additionalClassifications[8].id"",""value"":""45300000"",""kind"":""cpv""}]","UKM84; Wishaw, North Lanarkshire","UK","delivery_nuts","[{""path"":""releases[0].tender.items[0].deliveryAddresses[0].region"",""value"":""UKM84"",""kind"":""delivery_nuts""},{""path"":""releases[0].tender.items[0].deliveryLocation[0].description"",""value"":""Wishaw, North Lanarkshire"",""kind"":""delivery_locality""}]","false","86","2026-07-22.v1","[""Source confidence 88% (+18)"",""Source class FTS (+7)"",""Urgent timeline (+20)"",""Proximity fit 10% (+3)"",""Strong contact signal (+15)"",""Low-risk actionable contact path (+5)"",""Small job value (+5)"",""Data completeness (+10)"",""Commercial project (+3)"",""Lead 5d old — still fresh (+0)""]","[{""reason"":""Source confidence 88% (+18)"",""provenance"":""source""},{""reason"":""Source class FTS (+7)"",""provenance"":""source""},{""reason"":""Urgent timeline (+20)"",""provenance"":""derived""},{""reason"":""Proximity fit 10% (+3)"",""provenance"":""derived""},{""reason"":""Strong contact signal (+15)"",""provenance"":""derived""},{""reason"":""Low-risk actionable contact path (+5)"",""provenance"":""derived""},{""reason"":""Small job value (+5)"",""provenance"":""derived""},{""reason"":""Data completeness (+10)"",""provenance"":""derived""},{""reason"":""Commercial project (+3)"",""provenance"":""derived""},{""reason"":""Lead 5d old — still fresh (+0)"",""provenance"":""derived""}]","BID","true","Synthetic label for benchmark pipeline validation"
"73","ocds-h6vhtk-06ce2f","067945-2026","https://in-tendhost.co.uk/sandwellmbc","2026-07-17T15:56:58+01:00","SANDWELL 0-19 YEARS HEALTHY CHILD SERVICE","all","[""85323000"",""85100000""]","[{""path"":""releases[0].tender.classification.id"",""value"":""85323000"",""kind"":""cpv""},{""path"":""releases[0].tender.items[0].additionalClassifications[0].id"",""value"":""85100000"",""kind"":""cpv""}]","West Midlands conurbation","UK","delivery_nuts","[{""path"":""releases[0].tender.items[0].deliveryAddresses[0].region"",""value"":""UKG3"",""kind"":""delivery_nuts""}]","false","86","2026-07-22.v1","[""Source confidence 88% (+18)"",""Source class FTS (+7)"",""Urgent timeline (+20)"",""Proximity fit 10% (+3)"",""Strong contact signal (+15)"",""Low-risk actionable contact path (+5)"",""Small job value (+5)"",""Data completeness (+10)"",""Commercial project (+3)"",""Lead 5d old — still fresh (+0)""]","[{""reason"":""Source confidence 88% (+18)"",""provenance"":""source""},{""reason"":""Source class FTS (+7)"",""provenance"":""source""},{""reason"":""Urgent timeline (+20)"",""provenance"":""derived""},{""reason"":""Proximity fit 10% (+3)"",""provenance"":""derived""},{""reason"":""Strong contact signal (+15)"",""provenance"":""derived""},{""reason"":""Low-risk actionable contact path (+5)"",""provenance"":""derived""},{""reason"":""Small job value (+5)"",""provenance"":""derived""},{""reason"":""Data completeness (+10)"",""provenance"":""derived""},{""reason"":""Commercial project (+3)"",""provenance"":""derived""},{""reason"":""Lead 5d old — still fresh (+0)"",""provenance"":""derived""}]","BID","true","Synthetic label for benchmark pipeline validation"
"74","ocds-h6vhtk-068802","065324-2026","https://api.publiccontractsscotland.gov.uk/v1/Notice?id=ocds-r6ebe6-0000823882","2026-07-10T16:21:16+01:00","Operation and Maintenance Services for the Ness Energy from Waste Facility","electrical","[""90500000"",""42320000"",""45220000"",""65320000"",""65410000"",""90530000"",""45259000"",""45259300"",""50000000"",""50531100"",""50530000"",""50532300"",""50710000"",""90513300"",""71300000""]","[{""path"":""releases[0].tender.classification.id"",""value"":""90500000"",""kind"":""cpv""},{""path"":""releases[0].tender.items[0].additionalClassifications[0].id"",""value"":""42320000"",""kind"":""cpv""},{""path"":""releases[0].tender.items[0].additionalClassifications[1].id"",""value"":""45220000"",""kind"":""cpv""},{""path"":""releases[0].tender.items[0].additionalClassifications[2].id"",""value"":""65320000"",""kind"":""cpv""},{""path"":""releases[0].tender.items[0].additionalClassifications[3].id"",""value"":""65410000"",""kind"":""cpv""},{""path"":""releases[0].tender.items[0].additionalClassifications[4].id"",""value"":""90530000"",""kind"":""cpv""},{""path"":""releases[0].tender.items[0].additionalClassifications[5].id"",""value"":""45259000"",""kind"":""cpv""},{""path"":""releases[0].tender.items[0].additionalClassifications[6].id"",""value"":""45259300"",""kind"":""cpv""},{""path"":""releases[0].tender.items[0].additionalClassifications[7].id"",""value"":""50000000"",""kind"":""cpv""},{""path"":""releases[0].tender.items[0].additionalClassifications[8].id"",""value"":""50531100"",""kind"":""cpv""},{""path"":""releases[0].tender.items[0].additionalClassifications[9].id"",""value"":""50530000"",""kind"":""cpv""},{""path"":""releases[0].tender.items[0].additionalClassifications[10].id"",""value"":""50532300"",""kind"":""cpv""},{""path"":""releases[0].tender.items[0].additionalClassifications[11].id"",""value"":""50710000"",""kind"":""cpv""},{""path"":""releases[0].tender.items[0].additionalClassifications[12].id"",""value"":""90513300"",""kind"":""cpv""},{""path"":""releases[0].tender.items[0].additionalClassifications[13].id"",""value"":""71300000"",""kind"":""cpv""}]","UKM; Aberdeen City","UK","delivery_nuts","[{""path"":""releases[0].tender.items[0].deliveryAddresses[0].region"",""value"":""UKM"",""kind"":""delivery_nuts""},{""path"":""releases[0].tender.items[0].deliveryLocation[0].description"",""value"":""Aberdeen City"",""kind"":""delivery_locality""}]","false","85","2026-07-22.v1","[""Source confidence 88% (+18)"",""Source class FTS (+7)"",""Medium urgency (+12)"",""Proximity fit 60% (+18)"",""Strong contact signal (+15)"",""Low-risk actionable contact path (+5)"",""Small job value (+5)"",""Data completeness (+10)"",""Commercial project (+3)"",""Stale lead 12d old (-8)""]","[{""reason"":""Source confidence 88% (+18)"",""provenance"":""source""},{""reason"":""Source class FTS (+7)"",""provenance"":""source""},{""reason"":""Medium urgency (+12)"",""provenance"":""derived""},{""reason"":""Proximity fit 60% (+18)"",""provenance"":""derived""},{""reason"":""Strong contact signal (+15)"",""provenance"":""derived""},{""reason"":""Low-risk actionable contact path (+5)"",""provenance"":""derived""},{""reason"":""Small job value (+5)"",""provenance"":""derived""},{""reason"":""Data completeness (+10)"",""provenance"":""derived""},{""reason"":""Commercial project (+3)"",""provenance"":""derived""},{""reason"":""Stale lead 12d old (-8)"",""provenance"":""derived""}]","BID","true","Synthetic label for benchmark pipeline validation"
"75","ocds-h6vhtk-06cbdd","066719-2026","https://londonconstructionprogramme.co.uk/services/dynamic-purchasing-systems/","2026-07-15T12:23:58+01:00","Re-tender 25-031Mallard Place Chocolate Factory Phase 2","building","[""45000000"",""45200000"",""45210000"",""45211000"",""45211100"",""45211200"",""45211300"",""45211310"",""45211320"",""45211340"",""45211341"",""45211350"",""45211360"",""45211370"",""45213000"",""45213100"",""45213110"",""45213111"",""45213112"",""45213120"",""45213130"",""45213140"",""45213141"",""45213142"",""45213150""]","[{""path"":""releases[0].tender.classification.id"",""value"":""45000000"",""kind"":""cpv""},{""path"":""releases[0].tender.items[0].additionalClassifications[0].id"",""value"":""45000000"",""kind"":""cpv""},{""path"":""releases[0].tender.items[0].additionalClassifications[1].id"",""value"":""45200000"",""kind"":""cpv""},{""path"":""releases[0].tender.items[0].additionalClassifications[2].id"",""value"":""45210000"",""kind"":""cpv""},{""path"":""releases[0].tender.items[0].additionalClassifications[3].id"",""value"":""45211000"",""kind"":""cpv""},{""path"":""releases[0].tender.items[0].additionalClassifications[4].id"",""value"":""45211100"",""kind"":""cpv""},{""path"":""releases[0].tender.items[0].additionalClassifications[5].id"",""value"":""45211200"",""kind"":""cpv""},{""path"":""releases[0].tender.items[0].additionalClassifications[6].id"",""value"":""45211300"",""kind"":""cpv""},{""path"":""releases[0].tender.items[0].additionalClassifications[7].id"",""value"":""45211310"",""kind"":""cpv""},{""path"":""releases[0].tender.items[0].additionalClassifications[8].id"",""value"":""45211320"",""kind"":""cpv""},{""path"":""releases[0].tender.items[0].additionalClassifications[9].id"",""value"":""45211340"",""kind"":""cpv""},{""path"":""releases[0].tender.items[0].additionalClassifications[10].id"",""value"":""45211341"",""kind"":""cpv""},{""path"":""releases[0].tender.items[0].additionalClassifications[11].id"",""value"":""45211350"",""kind"":""cpv""},{""path"":""releases[0].tender.items[0].additionalClassifications[12].id"",""value"":""45211360"",""kind"":""cpv""},{""path"":""releases[0].tender.items[0].additionalClassifications[13].id"",""value"":""45211370"",""kind"":""cpv""},{""path"":""releases[0].tender.items[0].additionalClassifications[14].id"",""value"":""45213000"",""kind"":""cpv""},{""path"":""releases[0].tender.items[0].additionalClassifications[15].id"",""value"":""45213100"",""kind"":""cpv""},{""path"":""releases[0].tender.items[0].additionalClassifications[16].id"",""value"":""45213110"",""kind"":""cpv""},{""path"":""releases[0].tender.items[0].additionalClassifications[17].id"",""value"":""45213111"",""kind"":""cpv""},{""path"":""releases[0].tender.items[0].additionalClassifications[18].id"",""value"":""45213112"",""kind"":""cpv""},{""path"":""releases[0].tender.items[0].additionalClassifications[19].id"",""value"":""45213120"",""kind"":""cpv""},{""path"":""releases[0].tender.items[0].additionalClassifications[20].id"",""value"":""45213130"",""kind"":""cpv""},{""path"":""releases[0].tender.items[0].additionalClassifications[21].id"",""value"":""45213140"",""kind"":""cpv""},{""path"":""releases[0].tender.items[0].additionalClassifications[22].id"",""value"":""45213141"",""kind"":""cpv""},{""path"":""releases[0].tender.items[0].additionalClassifications[23].id"",""value"":""45213142"",""kind"":""cpv""},{""path"":""releases[0].tender.items[0].additionalClassifications[24].id"",""value"":""45213150"",""kind"":""cpv""}]","London","UK","delivery_nuts","[{""path"":""releases[0].tender.items[0].deliveryAddresses[0].region"",""value"":""UKI"",""kind"":""delivery_nuts""}]","false","85","2026-07-22.v1","[""Source confidence 88% (+18)"",""Source class FTS (+7)"",""Urgent timeline (+20)"",""Proximity fit 10% (+3)"",""Strong contact signal (+15)"",""Low-risk actionable contact path (+5)"",""Small job value (+5)"",""Data completeness (+10)"",""Commercial project (+3)"",""Stale lead 7d old (-1)""]","[{""reason"":""Source confidence 88% (+18)"",""provenance"":""source""},{""reason"":""Source class FTS (+7)"",""provenance"":""source""},{""reason"":""Urgent timeline (+20)"",""provenance"":""derived""},{""reason"":""Proximity fit 10% (+3)"",""provenance"":""derived""},{""reason"":""Strong contact signal (+15)"",""provenance"":""derived""},{""reason"":""Low-risk actionable contact path (+5)"",""provenance"":""derived""},{""reason"":""Small job value (+5)"",""provenance"":""derived""},{""reason"":""Data completeness (+10)"",""provenance"":""derived""},{""reason"":""Commercial project (+3)"",""provenance"":""derived""},{""reason"":""Stale lead 7d old (-1)"",""provenance"":""derived""}]","BID","true","Synthetic label for benchmark pipeline validation"
"76","ocds-h6vhtk-06cab1","066150-2026","https://www.supplyingthesouthwest.org.uk/","2026-07-14T12:40:00+01:00","Swindon Integrated Sexual Health Services","all","[""85000000"",""33000000"",""72000000"",""98000000""]","[{""path"":""releases[0].tender.classification.id"",""value"":""85000000"",""kind"":""cpv""},{""path"":""releases[0].tender.items[0].additionalClassifications[0].id"",""value"":""33000000"",""kind"":""cpv""},{""path"":""releases[0].tender.items[0].additionalClassifications[1].id"",""value"":""72000000"",""kind"":""cpv""},{""path"":""releases[0].tender.items[0].additionalClassifications[2].id"",""value"":""85000000"",""kind"":""cpv""},{""path"":""releases[0].tender.items[0].additionalClassifications[3].id"",""value"":""98000000"",""kind"":""cpv""}]","Gloucestershire, Wiltshire and Bristol","UK","delivery_nuts","[{""path"":""releases[0].tender.items[0].deliveryAddresses[0].region"",""value"":""UKK14"",""kind"":""delivery_nuts""}]","false","84","2026-07-22.v1","[""Source confidence 88% (+18)"",""Source class FTS (+7)"",""Urgent timeline (+20)"",""Proximity fit 10% (+3)"",""Strong contact signal (+15)"",""Low-risk actionable contact path (+5)"",""Small job value (+5)"",""Data completeness (+10)"",""Commercial project (+3)"",""Stale lead 8d old (-2)""]","[{""reason"":""Source confidence 88% (+18)"",""provenance"":""source""},{""reason"":""Source class FTS (+7)"",""provenance"":""source""},{""reason"":""Urgent timeline (+20)"",""provenance"":""derived""},{""reason"":""Proximity fit 10% (+3)"",""provenance"":""derived""},{""reason"":""Strong contact signal (+15)"",""provenance"":""derived""},{""reason"":""Low-risk actionable contact path (+5)"",""provenance"":""derived""},{""reason"":""Small job value (+5)"",""provenance"":""derived""},{""reason"":""Data completeness (+10)"",""provenance"":""derived""},{""reason"":""Commercial project (+3)"",""provenance"":""derived""},{""reason"":""Stale lead 8d old (-2)"",""provenance"":""derived""}]","BID","true","Synthetic label for benchmark pipeline validation"
"77","ocds-h6vhtk-06b281","065720-2026","https://portal.us.bn.cloud.ariba.com/dashboard/public/appext/comsapsbncdiscoveryui#/RfxEvent/preview/1110018437?anId=ANONYMOUS","2026-07-13T15:39:51+01:00","Provision of a Community Tier 2 Gynaecology Service on behalf of Lancashire and South Cumbria Integrated Care Board","building","[""85100000"",""85112000""]","[{""path"":""releases[0].tender.classification.id"",""value"":""85100000"",""kind"":""cpv""},{""path"":""releases[0].tender.items[0].additionalClassifications[0].id"",""value"":""85112000"",""kind"":""cpv""}]","UKD1; UKD4","UK","delivery_nuts","[{""path"":""releases[0].tender.items[0].deliveryAddresses[0].region"",""value"":""UKD1"",""kind"":""delivery_nuts""},{""path"":""releases[0].tender.items[0].deliveryAddresses[1].region"",""value"":""UKD4"",""kind"":""delivery_nuts""}]","false","83","2026-07-22.v1","[""Source confidence 88% (+18)"",""Source class FTS (+7)"",""Urgent timeline (+20)"",""Proximity fit 10% (+3)"",""Strong contact signal (+15)"",""Low-risk actionable contact path (+5)"",""Small job value (+5)"",""Data completeness (+10)"",""Commercial project (+3)"",""Stale lead 9d old (-3)""]","[{""reason"":""Source confidence 88% (+18)"",""provenance"":""source""},{""reason"":""Source class FTS (+7)"",""provenance"":""source""},{""reason"":""Urgent timeline (+20)"",""provenance"":""derived""},{""reason"":""Proximity fit 10% (+3)"",""provenance"":""derived""},{""reason"":""Strong contact signal (+15)"",""provenance"":""derived""},{""reason"":""Low-risk actionable contact path (+5)"",""provenance"":""derived""},{""reason"":""Small job value (+5)"",""provenance"":""derived""},{""reason"":""Data completeness (+10)"",""provenance"":""derived""},{""reason"":""Commercial project (+3)"",""provenance"":""derived""},{""reason"":""Stale lead 9d old (-3)"",""provenance"":""derived""}]","BID","true","Synthetic label for benchmark pipeline validation"
"78","ocds-h6vhtk-06c27c","062312-2026","https://www.find-tender.service.gov.uk/Notice/062312-2026","2026-07-02T14:25:44+01:00","FOR THE DESIGN AND BUILD OF COMMUNITY HUB AND VICTORY HALL IMPROVEMENTS","building","[""45000000""]","[{""path"":""releases[0].tender.classification.id"",""value"":""45000000"",""kind"":""cpv""}]","UK; Victory Hall, Hainault Road Chigwell Essex IG7 6QX","IG7","delivery_postcode","[{""path"":""releases[0].tender.items[0].deliveryAddresses[0].region"",""value"":""UK"",""kind"":""delivery_nuts""},{""path"":""releases[0].tender.items[0].deliveryLocation[0].description"",""value"":""Victory Hall, Hainault Road Chigwell Essex IG7 6QX"",""kind"":""delivery_locality""}]","false","83","2026-07-22.v1","[""Source confidence 88% (+18)"",""Source class FTS (+7)"",""Medium urgency (+12)"",""Proximity fit 10% (+3)"",""Strong contact signal (+15)"",""Low-risk actionable contact path (+5)"",""Estimated value in pay-worthy range (+25)"",""Data completeness (+10)"",""Commercial project (+3)"",""Old lead 20d old (-15)""]","[{""reason"":""Source confidence 88% (+18)"",""provenance"":""source""},{""reason"":""Source class FTS (+7)"",""provenance"":""source""},{""reason"":""Medium urgency (+12)"",""provenance"":""derived""},{""reason"":""Proximity fit 10% (+3)"",""provenance"":""derived""},{""reason"":""Strong contact signal (+15)"",""provenance"":""derived""},{""reason"":""Low-risk actionable contact path (+5)"",""provenance"":""derived""},{""reason"":""Estimated value in pay-worthy range (+25)"",""provenance"":""derived""},{""reason"":""Data completeness (+10)"",""provenance"":""derived""},{""reason"":""Commercial project (+3)"",""provenance"":""derived""},{""reason"":""Old lead 20d old (-15)"",""provenance"":""derived""}]","BID","true","Synthetic label for benchmark pipeline validation"
"79","ocds-h6vhtk-06cdc2","067748-2026","https://api.publiccontractsscotland.gov.uk/v1/Notice?id=ocds-r6ebe6-0000836024","2026-07-17T12:14:17+01:00","HH005-26-HB Portable Appliance Testing (PAT)","electrical","[""71630000"",""71631000"",""71314100"",""71317200"",""50000000"",""71000000""]","[{""path"":""releases[0].tender.classification.id"",""value"":""71630000"",""kind"":""cpv""},{""path"":""releases[0].tender.items[0].additionalClassifications[0].id"",""value"":""71631000"",""kind"":""cpv""},{""path"":""releases[0].tender.items[0].additionalClassifications[1].id"",""value"":""71314100"",""kind"":""cpv""},{""path"":""releases[0].tender.items[0].additionalClassifications[2].id"",""value"":""71317200"",""kind"":""cpv""},{""path"":""releases[0].tender.items[0].additionalClassifications[3].id"",""value"":""50000000"",""kind"":""cpv""},{""path"":""releases[0].tender.items[1].additionalClassifications[0].id"",""value"":""71631000"",""kind"":""cpv""},{""path"":""releases[0].tender.items[1].additionalClassifications[1].id"",""value"":""71314100"",""kind"":""cpv""},{""path"":""releases[0].tender.items[1].additionalClassifications[2].id"",""value"":""71317200"",""kind"":""cpv""},{""path"":""releases[0].tender.items[1].additionalClassifications[3].id"",""value"":""50000000"",""kind"":""cpv""},{""path"":""releases[0].tender.items[2].additionalClassifications[0].id"",""value"":""71631000"",""kind"":""cpv""},{""path"":""releases[0].tender.items[2].additionalClassifications[1].id"",""value"":""71314100"",""kind"":""cpv""},{""path"":""releases[0].tender.items[2].additionalClassifications[2].id"",""value"":""71317200"",""kind"":""cpv""},{""path"":""releases[0].tender.items[2].additionalClassifications[3].id"",""value"":""50000000"",""kind"":""cpv""},{""path"":""releases[0].tender.items[3].additionalClassifications[0].id"",""value"":""71314100"",""kind"":""cpv""},{""path"":""releases[0].tender.items[3].additionalClassifications[1].id"",""value"":""71317200"",""kind"":""cpv""},{""path"":""releases[0].tender.items[3].additionalClassifications[2].id"",""value"":""71631000"",""kind"":""cpv""},{""path"":""releases[0].tender.items[3].additionalClassifications[3].id"",""value"":""50000000"",""kind"":""cpv""},{""path"":""releases[0].tender.items[4].additionalClassifications[0].id"",""value"":""71631000"",""kind"":""cpv""},{""path"":""releases[0].tender.items[4].additionalClassifications[1].id"",""value"":""71314100"",""kind"":""cpv""},{""path"":""releases[0].tender.items[4].additionalClassifications[2].id"",""value"":""71317200"",""kind"":""cpv""},{""path"":""releases[0].tender.items[4].additionalClassifications[3].id"",""value"":""50000000"",""kind"":""cpv""},{""path"":""releases[0].tender.items[4].additionalClassifications[4].id"",""value"":""71000000"",""kind"":""cpv""}]","Highlands and Islands","UK","delivery_nuts","[{""path"":""releases[0].tender.items[0].deliveryAddresses[0].region"",""value"":""UKM6"",""kind"":""delivery_nuts""},{""path"":""releases[0].tender.items[1].deliveryAddresses[0].region"",""value"":""UKM6"",""kind"":""delivery_nuts""},{""path"":""releases[0].tender.items[2].deliveryAddresses[0].region"",""value"":""UKM6"",""kind"":""delivery_nuts""},{""path"":""releases[0].tender.items[3].deliveryAddresses[0].region"",""value"":""UKM6"",""kind"":""delivery_nuts""},{""path"":""releases[0].tender.items[4].deliveryAddresses[0].region"",""value"":""UKM6"",""kind"":""delivery_nuts""}]","false","83","2026-07-22.v1","[""Source confidence 88% (+18)"",""Source class FTS (+7)"",""Urgent timeline (+20)"",""Proximity fit 10% (+3)"",""Strong contact signal (+15)"",""Low-risk actionable contact path (+5)"",""Small job value (+5)"",""High intent keywords: compliance (+5)"",""Ghost/spam signal: test (-8)"",""Data completeness (+10)"",""Commercial project (+3)"",""Lead 5d old — still fresh (+0)""]","[{""reason"":""Source confidence 88% (+18)"",""provenance"":""source""},{""reason"":""Source class FTS (+7)"",""provenance"":""source""},{""reason"":""Urgent timeline (+20)"",""provenance"":""derived""},{""reason"":""Proximity fit 10% (+3)"",""provenance"":""derived""},{""reason"":""Strong contact signal (+15)"",""provenance"":""derived""},{""reason"":""Low-risk actionable contact path (+5)"",""provenance"":""derived""},{""reason"":""Small job value (+5)"",""provenance"":""derived""},{""reason"":""High intent keywords: compliance (+5)"",""provenance"":""derived""},{""reason"":""Ghost/spam signal: test (-8)"",""provenance"":""derived""},{""reason"":""Data completeness (+10)"",""provenance"":""derived""},{""reason"":""Commercial project (+3)"",""provenance"":""derived""},{""reason"":""Lead 5d old — still fresh (+0)"",""provenance"":""derived""}]","BID","true","Synthetic label for benchmark pipeline validation"
"80","ocds-h6vhtk-0470fe","060366-2026","https://api.publiccontractsscotland.gov.uk/v1/Notice?id=ocds-r6ebe6-0000835680","2026-06-26T13:59:39+01:00","Quality Funded Early Learning and Childcare (1140 Hours)","all","[""85312110"",""80110000""]","[{""path"":""releases[0].tender.classification.id"",""value"":""85312110"",""kind"":""cpv""},{""path"":""releases[0].tender.items[0].additionalClassifications[0].id"",""value"":""80110000"",""kind"":""cpv""},{""path"":""releases[0].tender.items[0].additionalClassifications[1].id"",""value"":""85312110"",""kind"":""cpv""},{""path"":""releases[0].tender.items[1].additionalClassifications[0].id"",""value"":""85312110"",""kind"":""cpv""},{""path"":""releases[0].tender.items[1].additionalClassifications[1].id"",""value"":""80110000"",""kind"":""cpv""}]","UKM71; Dundee","UK","delivery_nuts","[{""path"":""releases[0].tender.items[0].deliveryAddresses[0].region"",""value"":""UKM71"",""kind"":""delivery_nuts""},{""path"":""releases[0].tender.items[0].deliveryLocation[0].description"",""value"":""Dundee"",""kind"":""delivery_locality""},{""path"":""releases[0].tender.items[1].deliveryAddresses[0].region"",""value"":""UKM71"",""kind"":""delivery_nuts""}]","false","81","2026-07-22.v1","[""Source confidence 88% (+18)"",""Source class FTS (+7)"",""Urgent timeline (+20)"",""Proximity fit 60% (+18)"",""Strong contact signal (+15)"",""Low-risk actionable contact path (+5)"",""Small job value (+5)"",""Data completeness (+10)"",""Commercial project (+3)"",""Old lead 26d old (-20)""]","[{""reason"":""Source confidence 88% (+18)"",""provenance"":""source""},{""reason"":""Source class FTS (+7)"",""provenance"":""source""},{""reason"":""Urgent timeline (+20)"",""provenance"":""derived""},{""reason"":""Proximity fit 60% (+18)"",""provenance"":""derived""},{""reason"":""Strong contact signal (+15)"",""provenance"":""derived""},{""reason"":""Low-risk actionable contact path (+5)"",""provenance"":""derived""},{""reason"":""Small job value (+5)"",""provenance"":""derived""},{""reason"":""Data completeness (+10)"",""provenance"":""derived""},{""reason"":""Commercial project (+3)"",""provenance"":""derived""},{""reason"":""Old lead 26d old (-20)"",""provenance"":""derived""}]","BID","true","Synthetic label for benchmark pipeline validation"
"81","ocds-h6vhtk-06ca66","065957-2026","https://api.publiccontractsscotland.gov.uk/v1/Notice?id=ocds-r6ebe6-0000836262","2026-07-14T09:51:30+01:00","Supply and Delivery of Butcher Meat","all","[""15119000""]","[{""path"":""releases[0].tender.classification.id"",""value"":""15119000"",""kind"":""cpv""},{""path"":""releases[0].tender.items[0].additionalClassifications[0].id"",""value"":""15119000"",""kind"":""cpv""},{""path"":""releases[0].tender.items[1].additionalClassifications[0].id"",""value"":""15119000"",""kind"":""cpv""},{""path"":""releases[0].tender.items[2].additionalClassifications[0].id"",""value"":""15119000"",""kind"":""cpv""},{""path"":""releases[0].tender.items[3].additionalClassifications[0].id"",""value"":""15119000"",""kind"":""cpv""}]","UKM64; Harris; Uist; Barra; Sites across Lewis","UK","delivery_nuts","[{""path"":""releases[0].tender.items[0].deliveryAddresses[0].region"",""value"":""UKM64"",""kind"":""delivery_nuts""},{""path"":""releases[0].tender.items[0].deliveryLocation[0].description"",""value"":""Harris"",""kind"":""delivery_locality""},{""path"":""releases[0].tender.items[1].deliveryAddresses[0].region"",""value"":""UKM64"",""kind"":""delivery_nuts""},{""path"":""releases[0].tender.items[1].deliveryLocation[0].description"",""value"":""Uist"",""kind"":""delivery_locality""},{""path"":""releases[0].tender.items[2].deliveryAddresses[0].region"",""value"":""UKM64"",""kind"":""delivery_nuts""},{""path"":""releases[0].tender.items[2].deliveryLocation[0].description"",""value"":""Barra"",""kind"":""delivery_locality""},{""path"":""releases[0].tender.items[3].deliveryAddresses[0].region"",""value"":""UKM64"",""kind"":""delivery_nuts""},{""path"":""releases[0].tender.items[3].deliveryLocation[0].description"",""value"":""Sites across Lewis"",""kind"":""delivery_locality""}]","false","81","2026-07-22.v1","[""Source confidence 88% (+18)"",""Source class FTS (+7)"",""Urgent timeline (+20)"",""Proximity fit 10% (+3)"",""Strong contact signal (+15)"",""Low-risk actionable contact path (+5)"",""Small job value (+5)"",""Data completeness (+10)"",""Stale lead 8d old (-2)""]","[{""reason"":""Source confidence 88% (+18)"",""provenance"":""source""},{""reason"":""Source class FTS (+7)"",""provenance"":""source""},{""reason"":""Urgent timeline (+20)"",""provenance"":""derived""},{""reason"":""Proximity fit 10% (+3)"",""provenance"":""derived""},{""reason"":""Strong contact signal (+15)"",""provenance"":""derived""},{""reason"":""Low-risk actionable contact path (+5)"",""provenance"":""derived""},{""reason"":""Small job value (+5)"",""provenance"":""derived""},{""reason"":""Data completeness (+10)"",""provenance"":""derived""},{""reason"":""Stale lead 8d old (-2)"",""provenance"":""derived""}]","BID","true","Synthetic label for benchmark pipeline validation"
"82","ocds-h6vhtk-034194","065649-2026","https://api.publiccontractsscotland.gov.uk/v1/Notice?id=ocds-r6ebe6-0000834662","2026-07-13T14:14:02+01:00","Floor Coverings","carpentry","[""44112200"",""39531310"",""39531000"",""39530000"",""44112210"",""44112230"",""45431100"",""45432100"",""45432110"",""45432130"",""45453100"",""50000000""]","[{""path"":""releases[0].tender.classification.id"",""value"":""44112200"",""kind"":""cpv""},{""path"":""releases[0].tender.items[0].additionalClassifications[0].id"",""value"":""39531310"",""kind"":""cpv""},{""path"":""releases[0].tender.items[0].additionalClassifications[1].id"",""value"":""39531000"",""kind"":""cpv""},{""path"":""releases[0].tender.items[0].additionalClassifications[2].id"",""value"":""39530000"",""kind"":""cpv""},{""path"":""releases[0].tender.items[1].additionalClassifications[0].id"",""value"":""44112210"",""kind"":""cpv""},{""path"":""releases[0].tender.items[1].additionalClassifications[1].id"",""value"":""44112230"",""kind"":""cpv""},{""path"":""releases[0].tender.items[2].additionalClassifications[0].id"",""value"":""39531310"",""kind"":""cpv""},{""path"":""releases[0].tender.items[2].additionalClassifications[1].id"",""value"":""45431100"",""kind"":""cpv""},{""path"":""releases[0].tender.items[2].additionalClassifications[2].id"",""value"":""45432100"",""kind"":""cpv""},{""path"":""releases[0].tender.items[2].additionalClassifications[3].id"",""value"":""45432110"",""kind"":""cpv""},{""path"":""releases[0].tender.items[2].additionalClassifications[4].id"",""value"":""45432130"",""kind"":""cpv""},{""path"":""releases[0].tender.items[2].additionalClassifications[5].id"",""value"":""45453100"",""kind"":""cpv""},{""path"":""releases[0].tender.items[2].additionalClassifications[6].id"",""value"":""50000000"",""kind"":""cpv""},{""path"":""releases[0].tender.items[2].additionalClassifications[7].id"",""value"":""44112210"",""kind"":""cpv""},{""path"":""releases[0].tender.items[2].additionalClassifications[8].id"",""value"":""44112230"",""kind"":""cpv""},{""path"":""releases[0].tender.items[2].additionalClassifications[9].id"",""value"":""39531000"",""kind"":""cpv""},{""path"":""releases[0].tender.items[3].additionalClassifications[0].id"",""value"":""39531310"",""kind"":""cpv""},{""path"":""releases[0].tender.items[3].additionalClassifications[1].id"",""value"":""45431100"",""kind"":""cpv""},{""path"":""releases[0].tender.items[3].additionalClassifications[2].id"",""value"":""45432100"",""kind"":""cpv""},{""path"":""releases[0].tender.items[3].additionalClassifications[3].id"",""value"":""45432110"",""kind"":""cpv""},{""path"":""releases[0].tender.items[3].additionalClassifications[4].id"",""value"":""45432130"",""kind"":""cpv""},{""path"":""releases[0].tender.items[3].additionalClassifications[5].id"",""value"":""45453100"",""kind"":""cpv""},{""path"":""releases[0].tender.items[3].additionalClassifications[6].id"",""value"":""50000000"",""kind"":""cpv""},{""path"":""releases[0].tender.items[3].additionalClassifications[7].id"",""value"":""44112210"",""kind"":""cpv""},{""path"":""releases[0].tender.items[3].additionalClassifications[8].id"",""value"":""44112230"",""kind"":""cpv""},{""path"":""releases[0].tender.items[3].additionalClassifications[9].id"",""value"":""39531000"",""kind"":""cpv""},{""path"":""releases[0].tender.items[4].additionalClassifications[0].id"",""value"":""39531310"",""kind"":""cpv""},{""path"":""releases[0].tender.items[4].additionalClassifications[1].id"",""value"":""45431100"",""kind"":""cpv""},{""path"":""releases[0].tender.items[4].additionalClassifications[2].id"",""value"":""45432100"",""kind"":""cpv""},{""path"":""releases[0].tender.items[4].additionalClassifications[3].id"",""value"":""45432110"",""kind"":""cpv""},{""path"":""releases[0].tender.items[4].additionalClassifications[4].id"",""value"":""45432130"",""kind"":""cpv""},{""path"":""releases[0].tender.items[4].additionalClassifications[5].id"",""value"":""45453100"",""kind"":""cpv""},{""path"":""releases[0].tender.items[4].additionalClassifications[6].id"",""value"":""50000000"",""kind"":""cpv""},{""path"":""releases[0].tender.items[4].additionalClassifications[7].id"",""value"":""44112210"",""kind"":""cpv""},{""path"":""releases[0].tender.items[4].additionalClassifications[8].id"",""value"":""39531000"",""kind"":""cpv""},{""path"":""releases[0].tender.items[4].additionalClassifications[9].id"",""value"":""44112230"",""kind"":""cpv""},{""path"":""releases[0].tender.items[5].additionalClassifications[0].id"",""value"":""39531310"",""kind"":""cpv""},{""path"":""releases[0].tender.items[5].additionalClassifications[1].id"",""value"":""45431100"",""kind"":""cpv""},{""path"":""releases[0].tender.items[5].additionalClassifications[2].id"",""value"":""45432100"",""kind"":""cpv""},{""path"":""releases[0].tender.items[5].additionalClassifications[3].id"",""value"":""45432110"",""kind"":""cpv""},{""path"":""releases[0].tender.items[5].additionalClassifications[4].id"",""value"":""45432130"",""kind"":""cpv""},{""path"":""releases[0].tender.items[5].additionalClassifications[5].id"",""value"":""45453100"",""kind"":""cpv""},{""path"":""releases[0].tender.items[5].additionalClassifications[6].id"",""value"":""50000000"",""kind"":""cpv""},{""path"":""releases[0].tender.items[5].additionalClassifications[7].id"",""value"":""44112210"",""kind"":""cpv""},{""path"":""releases[0].tender.items[5].additionalClassifications[8].id"",""value"":""44112230"",""kind"":""cpv""},{""path"":""releases[0].tender.items[5].additionalClassifications[9].id"",""value"":""39531000"",""kind"":""cpv""},{""path"":""releases[0].tender.items[6].additionalClassifications[0].id"",""value"":""39531310"",""kind"":""cpv""},{""path"":""releases[0].tender.items[6].additionalClassifications[1].id"",""value"":""45431100"",""kind"":""cpv""},{""path"":""releases[0].tender.items[6].additionalClassifications[2].id"",""value"":""45432100"",""kind"":""cpv""},{""path"":""releases[0].tender.items[6].additionalClassifications[3].id"",""value"":""45432110"",""kind"":""cpv""},{""path"":""releases[0].tender.items[6].additionalClassifications[4].id"",""value"":""45432130"",""kind"":""cpv""},{""path"":""releases[0].tender.items[6].additionalClassifications[5].id"",""value"":""45453100"",""kind"":""cpv""},{""path"":""releases[0].tender.items[6].additionalClassifications[6].id"",""value"":""50000000"",""kind"":""cpv""},{""path"":""releases[0].tender.items[6].additionalClassifications[7].id"",""value"":""44112210"",""kind"":""cpv""},{""path"":""releases[0].tender.items[6].additionalClassifications[8].id"",""value"":""44112230"",""kind"":""cpv""},{""path"":""releases[0].tender.items[6].additionalClassifications[9].id"",""value"":""39531000"",""kind"":""cpv""}]","UKM; UKM6; UKM50; UKM77; UKM76; UKM71; UKM72; UKM73; UKM75; UKM8; UKM91; UKM82; UKM84; UKM95; UKM94; UKM93; UKM83; UKM63","UK","delivery_nuts","[{""path"":""releases[0].tender.items[0].deliveryAddresses[0].region"",""value"":""UKM"",""kind"":""delivery_nuts""},{""path"":""releases[0].tender.items[1].deliveryAddresses[0].region"",""value"":""UKM"",""kind"":""delivery_nuts""},{""path"":""releases[0].tender.items[2].deliveryAddresses[0].region"",""value"":""UKM6"",""kind"":""delivery_nuts""},{""path"":""releases[0].tender.items[3].deliveryAddresses[0].region"",""value"":""UKM50"",""kind"":""delivery_nuts""},{""path"":""releases[0].tender.items[4].deliveryAddresses[0].region"",""value"":""UKM77"",""kind"":""delivery_nuts""},{""path"":""releases[0].tender.items[4].deliveryAddresses[1].region"",""value"":""UKM76"",""kind"":""delivery_nuts""},{""path"":""releases[0].tender.items[4].deliveryAddresses[2].region"",""value"":""UKM71"",""kind"":""delivery_nuts""},{""path"":""releases[0].tender.items[4].deliveryAddresses[3].region"",""value"":""UKM72"",""kind"":""delivery_nuts""},{""path"":""releases[0].tender.items[5].deliveryAddresses[0].region"",""value"":""UKM73"",""kind"":""delivery_nuts""},{""path"":""releases[0].tender.items[5].deliveryAddresses[1].region"",""value"":""UKM75"",""kind"":""delivery_nuts""},{""path"":""releases[0].tender.items[5].deliveryAddresses[2].region"",""value"":""UKM8"",""kind"":""delivery_nuts""},{""path"":""releases[0].tender.items[5].deliveryAddresses[3].region"",""value"":""UKM91"",""kind"":""delivery_nuts""},{""path"":""releases[0].tender.items[6].deliveryAddresses[0].region"",""value"":""UKM82"",""kind"":""delivery_nuts""},{""path"":""releases[0].tender.items[6].deliveryAddresses[1].region"",""value"":""UKM84"",""kind"":""delivery_nuts""},{""path"":""releases[0].tender.items[6].deliveryAddresses[2].region"",""value"":""UKM95"",""kind"":""delivery_nuts""},{""path"":""releases[0].tender.items[6].deliveryAddresses[3].region"",""value"":""UKM94"",""kind"":""delivery_nuts""},{""path"":""releases[0].tender.items[6].deliveryAddresses[4].region"",""value"":""UKM93"",""kind"":""delivery_nuts""},{""path"":""releases[0].tender.items[6].deliveryAddresses[5].region"",""value"":""UKM83"",""kind"":""delivery_nuts""},{""path"":""releases[0].tender.items[6].deliveryAddresses[6].region"",""value"":""UKM63"",""kind"":""delivery_nuts""}]","false","80","2026-07-22.v1","[""Source confidence 88% (+18)"",""Source class FTS (+7)"",""Medium urgency (+12)"",""Proximity fit 10% (+3)"",""Strong contact signal (+15)"",""Low-risk actionable contact path (+5)"",""Small job value (+5)"",""High intent keywords: repair (+5)"",""Data completeness (+10)"",""Commercial project (+3)"",""Stale lead 9d old (-3)""]","[{""reason"":""Source confidence 88% (+18)"",""provenance"":""source""},{""reason"":""Source class FTS (+7)"",""provenance"":""source""},{""reason"":""Medium urgency (+12)"",""provenance"":""derived""},{""reason"":""Proximity fit 10% (+3)"",""provenance"":""derived""},{""reason"":""Strong contact signal (+15)"",""provenance"":""derived""},{""reason"":""Low-risk actionable contact path (+5)"",""provenance"":""derived""},{""reason"":""Small job value (+5)"",""provenance"":""derived""},{""reason"":""High intent keywords: repair (+5)"",""provenance"":""derived""},{""reason"":""Data completeness (+10)"",""provenance"":""derived""},{""reason"":""Commercial project (+3)"",""provenance"":""derived""},{""reason"":""Stale lead 9d old (-3)"",""provenance"":""derived""}]","BID","true","Synthetic label for benchmark pipeline validation"
"83","ocds-h6vhtk-06c9dd","065765-2026","https://api.publiccontractsscotland.gov.uk/v1/Notice?id=ocds-r6ebe6-0000835578","2026-07-13T16:17:23+01:00","FTS051 Research, Appraisal, Delivery and Support Framework - Lot 1 Support, Appraisal and Delivery","all","[""79400000"",""79410000"",""79411100"",""79412000"",""72221000"",""72224000"",""79313000"",""71241000"",""79314000"",""79311410"",""71620000"",""72316000"",""79310000""]","[{""path"":""releases[0].tender.classification.id"",""value"":""79400000"",""kind"":""cpv""},{""path"":""releases[0].tender.items[0].additionalClassifications[0].id"",""value"":""79410000"",""kind"":""cpv""},{""path"":""releases[0].tender.items[0].additionalClassifications[1].id"",""value"":""79411100"",""kind"":""cpv""},{""path"":""releases[0].tender.items[0].additionalClassifications[2].id"",""value"":""79412000"",""kind"":""cpv""},{""path"":""releases[0].tender.items[0].additionalClassifications[3].id"",""value"":""72221000"",""kind"":""cpv""},{""path"":""releases[0].tender.items[0].additionalClassifications[4].id"",""value"":""72224000"",""kind"":""cpv""},{""path"":""releases[0].tender.items[0].additionalClassifications[5].id"",""value"":""79313000"",""kind"":""cpv""},{""path"":""releases[0].tender.items[0].additionalClassifications[6].id"",""value"":""71241000"",""kind"":""cpv""},{""path"":""releases[0].tender.items[0].additionalClassifications[7].id"",""value"":""79314000"",""kind"":""cpv""},{""path"":""releases[0].tender.items[0].additionalClassifications[8].id"",""value"":""79311410"",""kind"":""cpv""},{""path"":""releases[0].tender.items[0].additionalClassifications[9].id"",""value"":""71620000"",""kind"":""cpv""},{""path"":""releases[0].tender.items[0].additionalClassifications[10].id"",""value"":""72316000"",""kind"":""cpv""},{""path"":""releases[0].tender.items[0].additionalClassifications[11].id"",""value"":""79310000"",""kind"":""cpv""}]","UKM6; UKM9","UK","delivery_nuts","[{""path"":""releases[0].tender.items[0].deliveryAddresses[0].region"",""value"":""UKM6"",""kind"":""delivery_nuts""},{""path"":""releases[0].tender.items[0].deliveryAddresses[1].region"",""value"":""UKM9"",""kind"":""delivery_nuts""}]","false","80","2026-07-22.v1","[""Source confidence 88% (+18)"",""Source class FTS (+7)"",""Urgent timeline (+20)"",""Proximity fit 10% (+3)"",""Strong contact signal (+15)"",""Low-risk actionable contact path (+5)"",""Small job value (+5)"",""Data completeness (+10)"",""Stale lead 9d old (-3)""]","[{""reason"":""Source confidence 88% (+18)"",""provenance"":""source""},{""reason"":""Source class FTS (+7)"",""provenance"":""source""},{""reason"":""Urgent timeline (+20)"",""provenance"":""derived""},{""reason"":""Proximity fit 10% (+3)"",""provenance"":""derived""},{""reason"":""Strong contact signal (+15)"",""provenance"":""derived""},{""reason"":""Low-risk actionable contact path (+5)"",""provenance"":""derived""},{""reason"":""Small job value (+5)"",""provenance"":""derived""},{""reason"":""Data completeness (+10)"",""provenance"":""derived""},{""reason"":""Stale lead 9d old (-3)"",""provenance"":""derived""}]","BID","true","Synthetic label for benchmark pipeline validation"
"84","ocds-h6vhtk-06c9de","065766-2026","https://api.publiccontractsscotland.gov.uk/v1/Notice?id=ocds-r6ebe6-0000835578","2026-07-13T16:17:35+01:00","FTS051 Research, Appraisal, Delivery and Support Framework - Lot 1 Support, Appraisal and Delivery","all","[""79400000"",""79410000"",""79411100"",""79412000"",""72221000"",""72224000"",""79313000"",""71241000"",""79314000"",""79311410"",""71620000"",""72316000"",""79310000""]","[{""path"":""releases[0].tender.classification.id"",""value"":""79400000"",""kind"":""cpv""},{""path"":""releases[0].tender.items[0].additionalClassifications[0].id"",""value"":""79410000"",""kind"":""cpv""},{""path"":""releases[0].tender.items[0].additionalClassifications[1].id"",""value"":""79411100"",""kind"":""cpv""},{""path"":""releases[0].tender.items[0].additionalClassifications[2].id"",""value"":""79412000"",""kind"":""cpv""},{""path"":""releases[0].tender.items[0].additionalClassifications[3].id"",""value"":""72221000"",""kind"":""cpv""},{""path"":""releases[0].tender.items[0].additionalClassifications[4].id"",""value"":""72224000"",""kind"":""cpv""},{""path"":""releases[0].tender.items[0].additionalClassifications[5].id"",""value"":""79313000"",""kind"":""cpv""},{""path"":""releases[0].tender.items[0].additionalClassifications[6].id"",""value"":""71241000"",""kind"":""cpv""},{""path"":""releases[0].tender.items[0].additionalClassifications[7].id"",""value"":""79314000"",""kind"":""cpv""},{""path"":""releases[0].tender.items[0].additionalClassifications[8].id"",""value"":""79311410"",""kind"":""cpv""},{""path"":""releases[0].tender.items[0].additionalClassifications[9].id"",""value"":""71620000"",""kind"":""cpv""},{""path"":""releases[0].tender.items[0].additionalClassifications[10].id"",""value"":""72316000"",""kind"":""cpv""},{""path"":""releases[0].tender.items[0].additionalClassifications[11].id"",""value"":""79310000"",""kind"":""cpv""}]","UKM6; UKM9","UK","delivery_nuts","[{""path"":""releases[0].tender.items[0].deliveryAddresses[0].region"",""value"":""UKM6"",""kind"":""delivery_nuts""},{""path"":""releases[0].tender.items[0].deliveryAddresses[1].region"",""value"":""UKM9"",""kind"":""delivery_nuts""}]","false","80","2026-07-22.v1","[""Source confidence 88% (+18)"",""Source class FTS (+7)"",""Urgent timeline (+20)"",""Proximity fit 10% (+3)"",""Strong contact signal (+15)"",""Low-risk actionable contact path (+5)"",""Small job value (+5)"",""Data completeness (+10)"",""Stale lead 9d old (-3)""]","[{""reason"":""Source confidence 88% (+18)"",""provenance"":""source""},{""reason"":""Source class FTS (+7)"",""provenance"":""source""},{""reason"":""Urgent timeline (+20)"",""provenance"":""derived""},{""reason"":""Proximity fit 10% (+3)"",""provenance"":""derived""},{""reason"":""Strong contact signal (+15)"",""provenance"":""derived""},{""reason"":""Low-risk actionable contact path (+5)"",""provenance"":""derived""},{""reason"":""Small job value (+5)"",""provenance"":""derived""},{""reason"":""Data completeness (+10)"",""provenance"":""derived""},{""reason"":""Stale lead 9d old (-3)"",""provenance"":""derived""}]","BID","true","Synthetic label for benchmark pipeline validation"
"85","ocds-h6vhtk-06c9e1","065771-2026","https://api.publiccontractsscotland.gov.uk/v1/Notice?id=ocds-r6ebe6-0000835557","2026-07-13T16:22:37+01:00","FTS051 Research, Appraisal, Delivery and Support Framework - Lot 2 Research","all","[""79300000"",""79311100"",""79311200"",""79311000"",""79311300"",""79315000"",""79330000"",""73110000"",""73210000"",""79310000""]","[{""path"":""releases[0].tender.classification.id"",""value"":""79300000"",""kind"":""cpv""},{""path"":""releases[0].tender.items[0].additionalClassifications[0].id"",""value"":""79311100"",""kind"":""cpv""},{""path"":""releases[0].tender.items[0].additionalClassifications[1].id"",""value"":""79311200"",""kind"":""cpv""},{""path"":""releases[0].tender.items[0].additionalClassifications[2].id"",""value"":""79311000"",""kind"":""cpv""},{""path"":""releases[0].tender.items[0].additionalClassifications[3].id"",""value"":""79311300"",""kind"":""cpv""},{""path"":""releases[0].tender.items[0].additionalClassifications[4].id"",""value"":""79315000"",""kind"":""cpv""},{""path"":""releases[0].tender.items[0].additionalClassifications[5].id"",""value"":""79330000"",""kind"":""cpv""},{""path"":""releases[0].tender.items[0].additionalClassifications[6].id"",""value"":""73110000"",""kind"":""cpv""},{""path"":""releases[0].tender.items[0].additionalClassifications[7].id"",""value"":""73210000"",""kind"":""cpv""},{""path"":""releases[0].tender.items[0].additionalClassifications[8].id"",""value"":""79310000"",""kind"":""cpv""}]","UKM6; UKM9","UK","delivery_nuts","[{""path"":""releases[0].tender.items[0].deliveryAddresses[0].region"",""value"":""UKM6"",""kind"":""delivery_nuts""},{""path"":""releases[0].tender.items[0].deliveryAddresses[1].region"",""value"":""UKM9"",""kind"":""delivery_nuts""}]","false","80","2026-07-22.v1","[""Source confidence 88% (+18)"",""Source class FTS (+7)"",""Urgent timeline (+20)"",""Proximity fit 10% (+3)"",""Strong contact signal (+15)"",""Low-risk actionable contact path (+5)"",""Small job value (+5)"",""Data completeness (+10)"",""Stale lead 9d old (-3)""]","[{""reason"":""Source confidence 88% (+18)"",""provenance"":""source""},{""reason"":""Source class FTS (+7)"",""provenance"":""source""},{""reason"":""Urgent timeline (+20)"",""provenance"":""derived""},{""reason"":""Proximity fit 10% (+3)"",""provenance"":""derived""},{""reason"":""Strong contact signal (+15)"",""provenance"":""derived""},{""reason"":""Low-risk actionable contact path (+5)"",""provenance"":""derived""},{""reason"":""Small job value (+5)"",""provenance"":""derived""},{""reason"":""Data completeness (+10)"",""provenance"":""derived""},{""reason"":""Stale lead 9d old (-3)"",""provenance"":""derived""}]","BID","true","Synthetic label for benchmark pipeline validation"
"86","ocds-h6vhtk-06bafd","058917-2026","https://api.publiccontractsscotland.gov.uk/v1/Notice?id=ocds-r6ebe6-0000834385","2026-06-23T12:24:01+01:00","Security Services to Community Sites","landscaping","[""79710000""]","[{""path"":""releases[0].tender.classification.id"",""value"":""79710000"",""kind"":""cpv""},{""path"":""releases[0].tender.items[0].additionalClassifications[0].id"",""value"":""79710000"",""kind"":""cpv""}]","UKM82; The Greater Glasgow area covering; Partnerships, East Dunbartonshire HSCP, East Renfrewshire HSCP, Inverclyde HSCP, Glasgow HSCP, Renfrew HSCP and West Dunbartonshire HSCP.","UK","delivery_nuts","[{""path"":""releases[0].tender.items[0].deliveryAddresses[0].region"",""value"":""UKM82"",""kind"":""delivery_nuts""},{""path"":""releases[0].tender.items[0].deliveryLocation[0].description"",""value"":""The Greater Glasgow area covering; Partnerships, East Dunbartonshire HSCP, East Renfrewshire HSCP, Inverclyde HSCP, Glasgow HSCP, Renfrew HSCP and West Dunbartonshire HSCP."",""kind"":""delivery_locality""}]","false","79","2026-07-22.v1","[""Source confidence 88% (+18)"",""Source class FTS (+7)"",""Urgent timeline (+20)"",""Proximity fit 60% (+18)"",""Strong contact signal (+15)"",""Low-risk actionable contact path (+5)"",""Small job value (+5)"",""Data completeness (+10)"",""Commercial project (+3)"",""Old lead 29d old (-22)""]","[{""reason"":""Source confidence 88% (+18)"",""provenance"":""source""},{""reason"":""Source class FTS (+7)"",""provenance"":""source""},{""reason"":""Urgent timeline (+20)"",""provenance"":""derived""},{""reason"":""Proximity fit 60% (+18)"",""provenance"":""derived""},{""reason"":""Strong contact signal (+15)"",""provenance"":""derived""},{""reason"":""Low-risk actionable contact path (+5)"",""provenance"":""derived""},{""reason"":""Small job value (+5)"",""provenance"":""derived""},{""reason"":""Data completeness (+10)"",""provenance"":""derived""},{""reason"":""Commercial project (+3)"",""provenance"":""derived""},{""reason"":""Old lead 29d old (-22)"",""provenance"":""derived""}]","WATCH","true","Synthetic label for benchmark pipeline validation"
"87","ocds-h6vhtk-06c3b8","062921-2026","https://api.publiccontractsscotland.gov.uk/v1/Notice?id=ocds-r6ebe6-0000836031","2026-07-03T15:40:10+01:00","Edgeband & CNC Machine","all","[""43000000""]","[{""path"":""releases[0].tender.classification.id"",""value"":""43000000"",""kind"":""cpv""}]","UKM82; Glasgow","UK","delivery_nuts","[{""path"":""releases[0].tender.items[0].deliveryAddresses[0].region"",""value"":""UKM82"",""kind"":""delivery_nuts""},{""path"":""releases[0].tender.items[0].deliveryLocation[0].description"",""value"":""Glasgow"",""kind"":""delivery_locality""}]","false","79","2026-07-22.v1","[""Source confidence 88% (+18)"",""Source class FTS (+7)"",""Medium urgency (+12)"",""Proximity fit 60% (+18)"",""Strong contact signal (+15)"",""Low-risk actionable contact path (+5)"",""Small job value (+5)"",""Data completeness (+10)"",""Commercial project (+3)"",""Old lead 19d old (-14)""]","[{""reason"":""Source confidence 88% (+18)"",""provenance"":""source""},{""reason"":""Source class FTS (+7)"",""provenance"":""source""},{""reason"":""Medium urgency (+12)"",""provenance"":""derived""},{""reason"":""Proximity fit 60% (+18)"",""provenance"":""derived""},{""reason"":""Strong contact signal (+15)"",""provenance"":""derived""},{""reason"":""Low-risk actionable contact path (+5)"",""provenance"":""derived""},{""reason"":""Small job value (+5)"",""provenance"":""derived""},{""reason"":""Data completeness (+10)"",""provenance"":""derived""},{""reason"":""Commercial project (+3)"",""provenance"":""derived""},{""reason"":""Old lead 19d old (-14)"",""provenance"":""derived""}]","WATCH","true","Synthetic label for benchmark pipeline validation"
"88","ocds-h6vhtk-06c203","062079-2026","https://uk.eu-supply.com/app/rfq/rwlentrance_s.asp?PID=106983&B=BLUELIGHT","2026-07-02T09:59:06+01:00","Gates and Barriers Maintenance and Repairs - Lot 1","carpentry","[""50000000"",""44221000"",""44221310"",""45421148""]","[{""path"":""releases[0].tender.classification.id"",""value"":""50000000"",""kind"":""cpv""},{""path"":""releases[0].tender.items[0].additionalClassifications[0].id"",""value"":""44221000"",""kind"":""cpv""},{""path"":""releases[0].tender.items[0].additionalClassifications[1].id"",""value"":""44221310"",""kind"":""cpv""},{""path"":""releases[0].tender.items[0].additionalClassifications[2].id"",""value"":""45421148"",""kind"":""cpv""},{""path"":""releases[0].tender.items[0].additionalClassifications[3].id"",""value"":""50000000"",""kind"":""cpv""}]","East Midlands","UK","delivery_nuts","[{""path"":""releases[0].tender.items[0].deliveryAddresses[0].region"",""value"":""UKF"",""kind"":""delivery_nuts""}]","false","78","2026-07-22.v1","[""Source confidence 88% (+18)"",""Source class FTS (+7)"",""Urgent timeline (+20)"",""Proximity fit 10% (+3)"",""Strong contact signal (+15)"",""Low-risk actionable contact path (+5)"",""Small job value (+5)"",""High intent keywords: emergency, repair (+10)"",""Data completeness (+10)"",""Old lead 20d old (-15)""]","[{""reason"":""Source confidence 88% (+18)"",""provenance"":""source""},{""reason"":""Source class FTS (+7)"",""provenance"":""source""},{""reason"":""Urgent timeline (+20)"",""provenance"":""derived""},{""reason"":""Proximity fit 10% (+3)"",""provenance"":""derived""},{""reason"":""Strong contact signal (+15)"",""provenance"":""derived""},{""reason"":""Low-risk actionable contact path (+5)"",""provenance"":""derived""},{""reason"":""Small job value (+5)"",""provenance"":""derived""},{""reason"":""High intent keywords: emergency, repair (+10)"",""provenance"":""derived""},{""reason"":""Data completeness (+10)"",""provenance"":""derived""},{""reason"":""Old lead 20d old (-15)"",""provenance"":""derived""}]","WATCH","true","Synthetic label for benchmark pipeline validation"
"89","ocds-h6vhtk-051fdc","066530-2026","https://api.publiccontractsscotland.gov.uk/v1/Notice?id=ocds-r6ebe6-0000837108","2026-07-15T08:41:44+01:00","Provision of Tax Advice and Tax-Related Services","all","[""79221000"",""79222000"",""79220000""]","[{""path"":""releases[0].tender.classification.id"",""value"":""79221000"",""kind"":""cpv""},{""path"":""releases[0].tender.items[0].additionalClassifications[0].id"",""value"":""79222000"",""kind"":""cpv""},{""path"":""releases[0].tender.items[0].additionalClassifications[1].id"",""value"":""79221000"",""kind"":""cpv""},{""path"":""releases[0].tender.items[0].additionalClassifications[2].id"",""value"":""79220000"",""kind"":""cpv""},{""path"":""releases[0].tender.items[1].additionalClassifications[0].id"",""value"":""79221000"",""kind"":""cpv""},{""path"":""releases[0].tender.items[1].additionalClassifications[1].id"",""value"":""79220000"",""kind"":""cpv""}]","UKM82; University of Strathclyde","UK","delivery_nuts","[{""path"":""releases[0].tender.items[0].deliveryAddresses[0].region"",""value"":""UKM82"",""kind"":""delivery_nuts""},{""path"":""releases[0].tender.items[0].deliveryLocation[0].description"",""value"":""University of Strathclyde"",""kind"":""delivery_locality""},{""path"":""releases[0].tender.items[1].deliveryAddresses[0].region"",""value"":""UKM82"",""kind"":""delivery_nuts""},{""path"":""releases[0].tender.items[1].deliveryLocation[0].description"",""value"":""University of Strathclyde"",""kind"":""delivery_locality""}]","false","77","2026-07-22.v1","[""Source confidence 88% (+18)"",""Source class FTS (+7)"",""Medium urgency (+12)"",""Proximity fit 10% (+3)"",""Strong contact signal (+15)"",""Low-risk actionable contact path (+5)"",""Small job value (+5)"",""Data completeness (+10)"",""Commercial project (+3)"",""Stale lead 8d old (-1)""]","[{""reason"":""Source confidence 88% (+18)"",""provenance"":""source""},{""reason"":""Source class FTS (+7)"",""provenance"":""source""},{""reason"":""Medium urgency (+12)"",""provenance"":""derived""},{""reason"":""Proximity fit 10% (+3)"",""provenance"":""derived""},{""reason"":""Strong contact signal (+15)"",""provenance"":""derived""},{""reason"":""Low-risk actionable contact path (+5)"",""provenance"":""derived""},{""reason"":""Small job value (+5)"",""provenance"":""derived""},{""reason"":""Data completeness (+10)"",""provenance"":""derived""},{""reason"":""Commercial project (+3)"",""provenance"":""derived""},{""reason"":""Stale lead 8d old (-1)"",""provenance"":""derived""}]","WATCH","true","Synthetic label for benchmark pipeline validation"
"90","ocds-h6vhtk-06cc25","066897-2026","https://api.publiccontractsscotland.gov.uk/v1/Notice?id=ocds-r6ebe6-0000837533","2026-07-15T15:46:00+01:00","Belmont Cinema Refurbishment - design team procurement","building","[""71220000""]","[{""path"":""releases[0].tender.classification.id"",""value"":""71220000"",""kind"":""cpv""}]","UKM50; The Belmont Cinema
Aberdeen
AB10 1JS","AB10","delivery_postcode","[{""path"":""releases[0].tender.items[0].deliveryAddresses[0].region"",""value"":""UKM50"",""kind"":""delivery_nuts""},{""path"":""releases[0].tender.items[0].deliveryLocation[0].description"",""value"":""The Belmont Cinema\nAberdeen\nAB10 1JS"",""kind"":""delivery_locality""}]","false","77","2026-07-22.v1","[""Source confidence 88% (+18)"",""Source class FTS (+7)"",""Lower urgency (+4)"",""Proximity fit 60% (+18)"",""Strong contact signal (+15)"",""Low-risk actionable contact path (+5)"",""Low/unknown value (+0)"",""Data completeness (+10)"",""Stale lead 7d old (-0)""]","[{""reason"":""Source confidence 88% (+18)"",""provenance"":""source""},{""reason"":""Source class FTS (+7)"",""provenance"":""source""},{""reason"":""Lower urgency (+4)"",""provenance"":""derived""},{""reason"":""Proximity fit 60% (+18)"",""provenance"":""derived""},{""reason"":""Strong contact signal (+15)"",""provenance"":""derived""},{""reason"":""Low-risk actionable contact path (+5)"",""provenance"":""derived""},{""reason"":""Low/unknown value (+0)"",""provenance"":""derived""},{""reason"":""Data completeness (+10)"",""provenance"":""derived""},{""reason"":""Stale lead 7d old (-0)"",""provenance"":""derived""}]","WATCH","true","Synthetic label for benchmark pipeline validation"
"91","ocds-h6vhtk-068866","064503-2026","https://uk.eu-supply.com/app/rfq/rwlentrance_s.asp?PID=106959&B=UK","2026-07-09T09:54:47+01:00","Doncaster Sexual & Reproductive Health Services","all","[""85100000"",""85140000"",""85323000""]","[{""path"":""releases[0].tender.classification.id"",""value"":""85100000"",""kind"":""cpv""},{""path"":""releases[0].tender.items[0].additionalClassifications[0].id"",""value"":""85140000"",""kind"":""cpv""},{""path"":""releases[0].tender.items[0].additionalClassifications[1].id"",""value"":""85323000"",""kind"":""cpv""}]","UKE31; Doncaster","UK","delivery_nuts","[{""path"":""releases[0].tender.items[0].deliveryAddresses[0].region"",""value"":""UKE31"",""kind"":""delivery_nuts""},{""path"":""releases[0].tender.items[0].deliveryLocation[0].description"",""value"":""Doncaster"",""kind"":""delivery_locality""}]","false","76","2026-07-22.v1","[""Source confidence 88% (+18)"",""Source class FTS (+7)"",""Urgent timeline (+20)"",""Proximity fit 10% (+3)"",""Strong contact signal (+15)"",""Low-risk actionable contact path (+5)"",""Small job value (+5)"",""Data completeness (+10)"",""Commercial project (+3)"",""Stale lead 13d old (-10)""]","[{""reason"":""Source confidence 88% (+18)"",""provenance"":""source""},{""reason"":""Source class FTS (+7)"",""provenance"":""source""},{""reason"":""Urgent timeline (+20)"",""provenance"":""derived""},{""reason"":""Proximity fit 10% (+3)"",""provenance"":""derived""},{""reason"":""Strong contact signal (+15)"",""provenance"":""derived""},{""reason"":""Low-risk actionable contact path (+5)"",""provenance"":""derived""},{""reason"":""Small job value (+5)"",""provenance"":""derived""},{""reason"":""Data completeness (+10)"",""provenance"":""derived""},{""reason"":""Commercial project (+3)"",""provenance"":""derived""},{""reason"":""Stale lead 13d old (-10)"",""provenance"":""derived""}]","WATCH","true","Synthetic label for benchmark pipeline validation"
"92","ocds-h6vhtk-06bbe8","059312-2026","https://api.publiccontractsscotland.gov.uk/v1/Notice?id=ocds-r6ebe6-0000835442","2026-06-24T11:23:51+01:00","Drain Cleaning and Maintenance","plumbing","[""90733500"",""33141640"",""44163110"",""44163111"",""44163112"",""90733800"",""45332000"",""45232452""]","[{""path"":""releases[0].tender.classification.id"",""value"":""90733500"",""kind"":""cpv""},{""path"":""releases[0].tender.items[0].additionalClassifications[0].id"",""value"":""33141640"",""kind"":""cpv""},{""path"":""releases[0].tender.items[0].additionalClassifications[1].id"",""value"":""44163110"",""kind"":""cpv""},{""path"":""releases[0].tender.items[0].additionalClassifications[2].id"",""value"":""44163111"",""kind"":""cpv""},{""path"":""releases[0].tender.items[0].additionalClassifications[3].id"",""value"":""44163112"",""kind"":""cpv""},{""path"":""releases[0].tender.items[0].additionalClassifications[4].id"",""value"":""90733800"",""kind"":""cpv""},{""path"":""releases[0].tender.items[0].additionalClassifications[5].id"",""value"":""45332000"",""kind"":""cpv""},{""path"":""releases[0].tender.items[0].additionalClassifications[6].id"",""value"":""45232452"",""kind"":""cpv""}]","UKM82; Glasgow","UK","delivery_nuts","[{""path"":""releases[0].tender.items[0].deliveryAddresses[0].region"",""value"":""UKM82"",""kind"":""delivery_nuts""},{""path"":""releases[0].tender.items[0].deliveryLocation[0].description"",""value"":""Glasgow"",""kind"":""delivery_locality""}]","false","76","2026-07-22.v1","[""Source confidence 88% (+18)"",""Source class FTS (+7)"",""Urgent timeline (+20)"",""Proximity fit 60% (+18)"",""Strong contact signal (+15)"",""Low-risk actionable contact path (+5)"",""Small job value (+5)"",""Data completeness (+10)"",""Old lead 28d old (-22)""]","[{""reason"":""Source confidence 88% (+18)"",""provenance"":""source""},{""reason"":""Source class FTS (+7)"",""provenance"":""source""},{""reason"":""Urgent timeline (+20)"",""provenance"":""derived""},{""reason"":""Proximity fit 60% (+18)"",""provenance"":""derived""},{""reason"":""Strong contact signal (+15)"",""provenance"":""derived""},{""reason"":""Low-risk actionable contact path (+5)"",""provenance"":""derived""},{""reason"":""Small job value (+5)"",""provenance"":""derived""},{""reason"":""Data completeness (+10)"",""provenance"":""derived""},{""reason"":""Old lead 28d old (-22)"",""provenance"":""derived""}]","WATCH","true","Synthetic label for benchmark pipeline validation"
"93","ocds-h6vhtk-06c078","061392-2026","https://api.publiccontractsscotland.gov.uk/v1/Notice?id=ocds-r6ebe6-0000836051","2026-06-30T15:53:00+01:00","VisitScotland Global Strategic Communications and Media","all","[""79416000"",""79416200""]","[{""path"":""releases[0].tender.classification.id"",""value"":""79416000"",""kind"":""cpv""},{""path"":""releases[0].tender.items[0].additionalClassifications[0].id"",""value"":""79416200"",""kind"":""cpv""}]","UK; Edinburgh","UK","delivery_nuts","[{""path"":""releases[0].tender.items[0].deliveryAddresses[0].region"",""value"":""UK"",""kind"":""delivery_nuts""},{""path"":""releases[0].tender.items[0].deliveryLocation[0].description"",""value"":""Edinburgh"",""kind"":""delivery_locality""}]","false","76","2026-07-22.v1","[""Source confidence 88% (+18)"",""Source class FTS (+7)"",""Medium urgency (+12)"",""Proximity fit 60% (+18)"",""Strong contact signal (+15)"",""Low-risk actionable contact path (+5)"",""Small job value (+5)"",""Data completeness (+10)"",""Commercial project (+3)"",""Old lead 22d old (-17)""]","[{""reason"":""Source confidence 88% (+18)"",""provenance"":""source""},{""reason"":""Source class FTS (+7)"",""provenance"":""source""},{""reason"":""Medium urgency (+12)"",""provenance"":""derived""},{""reason"":""Proximity fit 60% (+18)"",""provenance"":""derived""},{""reason"":""Strong contact signal (+15)"",""provenance"":""derived""},{""reason"":""Low-risk actionable contact path (+5)"",""provenance"":""derived""},{""reason"":""Small job value (+5)"",""provenance"":""derived""},{""reason"":""Data completeness (+10)"",""provenance"":""derived""},{""reason"":""Commercial project (+3)"",""provenance"":""derived""},{""reason"":""Old lead 22d old (-17)"",""provenance"":""derived""}]","WATCH","true","Synthetic label for benchmark pipeline validation"
"94","ocds-h6vhtk-06ca7b","066014-2026","https://londonconstructionprogramme.co.uk/services/dynamic-purchasing-systems/","2026-07-14T10:38:25+01:00","Bounds Green School and Tetherdown Primary School – Condition Works","building","[""71000000"",""71500000"",""71530000""]","[{""path"":""releases[0].tender.classification.id"",""value"":""71000000"",""kind"":""cpv""},{""path"":""releases[0].tender.items[0].additionalClassifications[0].id"",""value"":""71000000"",""kind"":""cpv""},{""path"":""releases[0].tender.items[0].additionalClassifications[1].id"",""value"":""71500000"",""kind"":""cpv""},{""path"":""releases[0].tender.items[0].additionalClassifications[2].id"",""value"":""71530000"",""kind"":""cpv""}]","London","UK","delivery_nuts","[{""path"":""releases[0].tender.items[0].deliveryAddresses[0].region"",""value"":""UKI"",""kind"":""delivery_nuts""}]","false","76","2026-07-22.v1","[""Source confidence 88% (+18)"",""Source class FTS (+7)"",""Medium urgency (+12)"",""Proximity fit 10% (+3)"",""Strong contact signal (+15)"",""Low-risk actionable contact path (+5)"",""Small job value (+5)"",""Data completeness (+10)"",""Commercial project (+3)"",""Stale lead 8d old (-2)""]","[{""reason"":""Source confidence 88% (+18)"",""provenance"":""source""},{""reason"":""Source class FTS (+7)"",""provenance"":""source""},{""reason"":""Medium urgency (+12)"",""provenance"":""derived""},{""reason"":""Proximity fit 10% (+3)"",""provenance"":""derived""},{""reason"":""Strong contact signal (+15)"",""provenance"":""derived""},{""reason"":""Low-risk actionable contact path (+5)"",""provenance"":""derived""},{""reason"":""Small job value (+5)"",""provenance"":""derived""},{""reason"":""Data completeness (+10)"",""provenance"":""derived""},{""reason"":""Commercial project (+3)"",""provenance"":""derived""},{""reason"":""Stale lead 8d old (-2)"",""provenance"":""derived""}]","WATCH","true","Synthetic label for benchmark pipeline validation"
"95","ocds-h6vhtk-06cc2c","066907-2026","https://londonconstructionprogramme.co.uk/services/dynamic-purchasing-systems/","2026-07-15T15:55:38+01:00","CCTV Tender Pack July 2026","electrical","[""71000000"",""71200000"",""71210000"",""71220000"",""71221000"",""71222000"",""71222100"",""71222200"",""71223000"",""71230000"",""71240000"",""71241000"",""71242000"",""71243000"",""71244000"",""71245000"",""71246000"",""71247000"",""71248000"",""71250000"",""71251000""]","[{""path"":""releases[0].tender.classification.id"",""value"":""71000000"",""kind"":""cpv""},{""path"":""releases[0].tender.items[0].additionalClassifications[0].id"",""value"":""71000000"",""kind"":""cpv""},{""path"":""releases[0].tender.items[0].additionalClassifications[1].id"",""value"":""71200000"",""kind"":""cpv""},{""path"":""releases[0].tender.items[0].additionalClassifications[2].id"",""value"":""71210000"",""kind"":""cpv""},{""path"":""releases[0].tender.items[0].additionalClassifications[3].id"",""value"":""71220000"",""kind"":""cpv""},{""path"":""releases[0].tender.items[0].additionalClassifications[4].id"",""value"":""71221000"",""kind"":""cpv""},{""path"":""releases[0].tender.items[0].additionalClassifications[5].id"",""value"":""71222000"",""kind"":""cpv""},{""path"":""releases[0].tender.items[0].additionalClassifications[6].id"",""value"":""71222100"",""kind"":""cpv""},{""path"":""releases[0].tender.items[0].additionalClassifications[7].id"",""value"":""71222200"",""kind"":""cpv""},{""path"":""releases[0].tender.items[0].additionalClassifications[8].id"",""value"":""71223000"",""kind"":""cpv""},{""path"":""releases[0].tender.items[0].additionalClassifications[9].id"",""value"":""71230000"",""kind"":""cpv""},{""path"":""releases[0].tender.items[0].additionalClassifications[10].id"",""value"":""71240000"",""kind"":""cpv""},{""path"":""releases[0].tender.items[0].additionalClassifications[11].id"",""value"":""71241000"",""kind"":""cpv""},{""path"":""releases[0].tender.items[0].additionalClassifications[12].id"",""value"":""71242000"",""kind"":""cpv""},{""path"":""releases[0].tender.items[0].additionalClassifications[13].id"",""value"":""71243000"",""kind"":""cpv""},{""path"":""releases[0].tender.items[0].additionalClassifications[14].id"",""value"":""71244000"",""kind"":""cpv""},{""path"":""releases[0].tender.items[0].additionalClassifications[15].id"",""value"":""71245000"",""kind"":""cpv""},{""path"":""releases[0].tender.items[0].additionalClassifications[16].id"",""value"":""71246000"",""kind"":""cpv""},{""path"":""releases[0].tender.items[0].additionalClassifications[17].id"",""value"":""71247000"",""kind"":""cpv""},{""path"":""releases[0].tender.items[0].additionalClassifications[18].id"",""value"":""71248000"",""kind"":""cpv""},{""path"":""releases[0].tender.items[0].additionalClassifications[19].id"",""value"":""71250000"",""kind"":""cpv""},{""path"":""releases[0].tender.items[0].additionalClassifications[20].id"",""value"":""71251000"",""kind"":""cpv""}]","London","UK","delivery_nuts","[{""path"":""releases[0].tender.items[0].deliveryAddresses[0].region"",""value"":""UKI"",""kind"":""delivery_nuts""}]","false","76","2026-07-22.v1","[""Source confidence 88% (+18)"",""Source class FTS (+7)"",""Medium urgency (+12)"",""Proximity fit 10% (+3)"",""Strong contact signal (+15)"",""Low-risk actionable contact path (+5)"",""Small job value (+5)"",""Data completeness (+8)"",""Commercial project (+3)"",""Stale lead 7d old (-0)""]","[{""reason"":""Source confidence 88% (+18)"",""provenance"":""source""},{""reason"":""Source class FTS (+7)"",""provenance"":""source""},{""reason"":""Medium urgency (+12)"",""provenance"":""derived""},{""reason"":""Proximity fit 10% (+3)"",""provenance"":""derived""},{""reason"":""Strong contact signal (+15)"",""provenance"":""derived""},{""reason"":""Low-risk actionable contact path (+5)"",""provenance"":""derived""},{""reason"":""Small job value (+5)"",""provenance"":""derived""},{""reason"":""Data completeness (+8)"",""provenance"":""derived""},{""reason"":""Commercial project (+3)"",""provenance"":""derived""},{""reason"":""Stale lead 7d old (-0)"",""provenance"":""derived""}]","WATCH","true","Synthetic label for benchmark pipeline validation"
"96","ocds-h6vhtk-06cd25","067376-2026","https://atamis-1928.my.site.com/s/Welcome","2026-07-16T15:41:43+01:00","DGT - Insourcing Service (Multiple)","all","[""85100000""]","[{""path"":""releases[0].tender.classification.id"",""value"":""85100000"",""kind"":""cpv""}]","Kent","UK","delivery_nuts","[{""path"":""releases[0].tender.items[0].deliveryAddresses[0].region"",""value"":""UKJ4"",""kind"":""delivery_nuts""}]","false","76","2026-07-22.v1","[""Source confidence 88% (+18)"",""Source class FTS (+7)"",""Medium urgency (+12)"",""Proximity fit 10% (+3)"",""Strong contact signal (+15)"",""Low-risk actionable contact path (+5)"",""Small job value (+5)"",""Data completeness (+8)"",""Commercial project (+3)"",""Lead 6d old — still fresh (+0)""]","[{""reason"":""Source confidence 88% (+18)"",""provenance"":""source""},{""reason"":""Source class FTS (+7)"",""provenance"":""source""},{""reason"":""Medium urgency (+12)"",""provenance"":""derived""},{""reason"":""Proximity fit 10% (+3)"",""provenance"":""derived""},{""reason"":""Strong contact signal (+15)"",""provenance"":""derived""},{""reason"":""Low-risk actionable contact path (+5)"",""provenance"":""derived""},{""reason"":""Small job value (+5)"",""provenance"":""derived""},{""reason"":""Data completeness (+8)"",""provenance"":""derived""},{""reason"":""Commercial project (+3)"",""provenance"":""derived""},{""reason"":""Lead 6d old — still fresh (+0)"",""provenance"":""derived""}]","WATCH","true","Synthetic label for benchmark pipeline validation"
"97","ocds-h6vhtk-06b854","057671-2026","https://api.publiccontractsscotland.gov.uk/v1/Notice?id=ocds-r6ebe6-0000835035","2026-06-18T15:12:46+01:00","2135 - RTPI Cloud Hosted System (Multi-lot)","all","[""72000000"",""48000000"",""48813200"",""30199790""]","[{""path"":""releases[0].tender.classification.id"",""value"":""72000000"",""kind"":""cpv""},{""path"":""releases[0].tender.items[0].additionalClassifications[0].id"",""value"":""48000000"",""kind"":""cpv""},{""path"":""releases[0].tender.items[0].additionalClassifications[1].id"",""value"":""72000000"",""kind"":""cpv""},{""path"":""releases[0].tender.items[0].additionalClassifications[2].id"",""value"":""48813200"",""kind"":""cpv""},{""path"":""releases[0].tender.items[0].additionalClassifications[3].id"",""value"":""30199790"",""kind"":""cpv""},{""path"":""releases[0].tender.items[1].additionalClassifications[0].id"",""value"":""48000000"",""kind"":""cpv""},{""path"":""releases[0].tender.items[1].additionalClassifications[1].id"",""value"":""72000000"",""kind"":""cpv""},{""path"":""releases[0].tender.items[1].additionalClassifications[2].id"",""value"":""48813200"",""kind"":""cpv""},{""path"":""releases[0].tender.items[2].additionalClassifications[0].id"",""value"":""48000000"",""kind"":""cpv""},{""path"":""releases[0].tender.items[2].additionalClassifications[1].id"",""value"":""72000000"",""kind"":""cpv""},{""path"":""releases[0].tender.items[2].additionalClassifications[2].id"",""value"":""48813200"",""kind"":""cpv""}]","UKM5; UKM50; Aberdeenshire and Aberdeen City","UK","delivery_nuts","[{""path"":""releases[0].tender.items[0].deliveryAddresses[0].region"",""value"":""UKM5"",""kind"":""delivery_nuts""},{""path"":""releases[0].tender.items[0].deliveryAddresses[1].region"",""value"":""UKM50"",""kind"":""delivery_nuts""},{""path"":""releases[0].tender.items[0].deliveryLocation[0].description"",""value"":""Aberdeenshire and Aberdeen City"",""kind"":""delivery_locality""},{""path"":""releases[0].tender.items[1].deliveryAddresses[0].region"",""value"":""UKM50"",""kind"":""delivery_nuts""},{""path"":""releases[0].tender.items[1].deliveryAddresses[1].region"",""value"":""UKM5"",""kind"":""delivery_nuts""},{""path"":""releases[0].tender.items[1].deliveryLocation[0].description"",""value"":""Aberdeenshire and Aberdeen City"",""kind"":""delivery_locality""},{""path"":""releases[0].tender.items[2].deliveryAddresses[0].region"",""value"":""UKM5"",""kind"":""delivery_nuts""},{""path"":""releases[0].tender.items[2].deliveryAddresses[1].region"",""value"":""UKM50"",""kind"":""delivery_nuts""},{""path"":""releases[0].tender.items[2].deliveryLocation[0].description"",""value"":""Aberdeenshire and Aberdeen City"",""kind"":""delivery_locality""}]","false","75","2026-07-22.v1","[""Source confidence 88% (+18)"",""Source class FTS (+7)"",""Urgent timeline (+20)"",""Proximity fit 60% (+18)"",""Strong contact signal (+15)"",""Low-risk actionable contact path (+5)"",""Low/unknown value (+0)"",""Data completeness (+10)"",""Commercial project (+3)"",""Very old lead 34d old (-21)""]","[{""reason"":""Source confidence 88% (+18)"",""provenance"":""source""},{""reason"":""Source class FTS (+7)"",""provenance"":""source""},{""reason"":""Urgent timeline (+20)"",""provenance"":""derived""},{""reason"":""Proximity fit 60% (+18)"",""provenance"":""derived""},{""reason"":""Strong contact signal (+15)"",""provenance"":""derived""},{""reason"":""Low-risk actionable contact path (+5)"",""provenance"":""derived""},{""reason"":""Low/unknown value (+0)"",""provenance"":""derived""},{""reason"":""Data completeness (+10)"",""provenance"":""derived""},{""reason"":""Commercial project (+3)"",""provenance"":""derived""},{""reason"":""Very old lead 34d old (-21)"",""provenance"":""derived""}]","WATCH","true","Synthetic label for benchmark pipeline validation"
"98","ocds-h6vhtk-06b8d6","057947-2026","https://api.publiccontractsscotland.gov.uk/v1/Notice?id=ocds-r6ebe6-0000835061","2026-06-19T11:09:21+01:00","Tender for supply of uPVC windows and doors for Clement Park 2nd Dev","all","[""44221100"",""44221000"",""44221110""]","[{""path"":""releases[0].tender.classification.id"",""value"":""44221100"",""kind"":""cpv""},{""path"":""releases[0].tender.items[0].additionalClassifications[0].id"",""value"":""44221100"",""kind"":""cpv""},{""path"":""releases[0].tender.items[0].additionalClassifications[1].id"",""value"":""44221000"",""kind"":""cpv""},{""path"":""releases[0].tender.items[0].additionalClassifications[2].id"",""value"":""44221110"",""kind"":""cpv""}]","UKM71; Dundee","UK","delivery_nuts","[{""path"":""releases[0].tender.items[0].deliveryAddresses[0].region"",""value"":""UKM71"",""kind"":""delivery_nuts""},{""path"":""releases[0].tender.items[0].deliveryLocation[0].description"",""value"":""Dundee"",""kind"":""delivery_locality""}]","false","75","2026-07-22.v1","[""Source confidence 88% (+18)"",""Source class FTS (+7)"",""Urgent timeline (+20)"",""Proximity fit 60% (+18)"",""Strong contact signal (+15)"",""Low-risk actionable contact path (+5)"",""Low/unknown value (+0)"",""Data completeness (+10)"",""Commercial project (+3)"",""Very old lead 33d old (-21)""]","[{""reason"":""Source confidence 88% (+18)"",""provenance"":""source""},{""reason"":""Source class FTS (+7)"",""provenance"":""source""},{""reason"":""Urgent timeline (+20)"",""provenance"":""derived""},{""reason"":""Proximity fit 60% (+18)"",""provenance"":""derived""},{""reason"":""Strong contact signal (+15)"",""provenance"":""derived""},{""reason"":""Low-risk actionable contact path (+5)"",""provenance"":""derived""},{""reason"":""Low/unknown value (+0)"",""provenance"":""derived""},{""reason"":""Data completeness (+10)"",""provenance"":""derived""},{""reason"":""Commercial project (+3)"",""provenance"":""derived""},{""reason"":""Very old lead 33d old (-21)"",""provenance"":""derived""}]","WATCH","true","Synthetic label for benchmark pipeline validation"
"99","ocds-h6vhtk-06b94c","058157-2026","https://api.publiccontractsscotland.gov.uk/v1/Notice?id=ocds-r6ebe6-0000835140","2026-06-19T14:43:01+01:00","Tender for supply of uPVC windows and doors for Strips of Craigie Dev","all","[""44221100"",""44221000"",""44221110""]","[{""path"":""releases[0].tender.classification.id"",""value"":""44221100"",""kind"":""cpv""},{""path"":""releases[0].tender.items[0].additionalClassifications[0].id"",""value"":""44221100"",""kind"":""cpv""},{""path"":""releases[0].tender.items[0].additionalClassifications[1].id"",""value"":""44221000"",""kind"":""cpv""},{""path"":""releases[0].tender.items[0].additionalClassifications[2].id"",""value"":""44221110"",""kind"":""cpv""}]","UKM71; Dundee","UK","delivery_nuts","[{""path"":""releases[0].tender.items[0].deliveryAddresses[0].region"",""value"":""UKM71"",""kind"":""delivery_nuts""},{""path"":""releases[0].tender.items[0].deliveryLocation[0].description"",""value"":""Dundee"",""kind"":""delivery_locality""}]","false","75","2026-07-22.v1","[""Source confidence 88% (+18)"",""Source class FTS (+7)"",""Urgent timeline (+20)"",""Proximity fit 60% (+18)"",""Strong contact signal (+15)"",""Low-risk actionable contact path (+5)"",""Low/unknown value (+0)"",""Data completeness (+10)"",""Commercial project (+3)"",""Very old lead 33d old (-21)""]","[{""reason"":""Source confidence 88% (+18)"",""provenance"":""source""},{""reason"":""Source class FTS (+7)"",""provenance"":""source""},{""reason"":""Urgent timeline (+20)"",""provenance"":""derived""},{""reason"":""Proximity fit 60% (+18)"",""provenance"":""derived""},{""reason"":""Strong contact signal (+15)"",""provenance"":""derived""},{""reason"":""Low-risk actionable contact path (+5)"",""provenance"":""derived""},{""reason"":""Low/unknown value (+0)"",""provenance"":""derived""},{""reason"":""Data completeness (+10)"",""provenance"":""derived""},{""reason"":""Commercial project (+3)"",""provenance"":""derived""},{""reason"":""Very old lead 33d old (-21)"",""provenance"":""derived""}]","WATCH","true","Synthetic label for benchmark pipeline validation"
"100","ocds-h6vhtk-06bd6b","059989-2026","https://api.publiccontractsscotland.gov.uk/v1/Notice?id=ocds-r6ebe6-0000835672","2026-06-25T16:06:08+01:00","Gas Services and Repair Works & Associated Other Systems Works - Voids, Reactive Repairs and Adhoc boiler and full system Renewal Contract 2026 – 2029","plumbing","[""50000000"",""50531200""]","[{""path"":""releases[0].tender.classification.id"",""value"":""50000000"",""kind"":""cpv""},{""path"":""releases[0].tender.items[0].additionalClassifications[0].id"",""value"":""50531200"",""kind"":""cpv""}]","UKM82; See Address List","UK","delivery_nuts","[{""path"":""releases[0].tender.items[0].deliveryAddresses[0].region"",""value"":""UKM82"",""kind"":""delivery_nuts""},{""path"":""releases[0].tender.items[0].deliveryLocation[0].description"",""value"":""See Address List"",""kind"":""delivery_locality""}]","false","75","2026-07-22.v1","[""Source confidence 88% (+18)"",""Source class FTS (+7)"",""Urgent timeline (+20)"",""Proximity fit 10% (+3)"",""Strong contact signal (+15)"",""Low-risk actionable contact path (+5)"",""Small job value (+5)"",""High intent keywords: repair, void (+10)"",""Data completeness (+10)"",""Commercial project (+3)"",""Old lead 27d old (-21)""]","[{""reason"":""Source confidence 88% (+18)"",""provenance"":""source""},{""reason"":""Source class FTS (+7)"",""provenance"":""source""},{""reason"":""Urgent timeline (+20)"",""provenance"":""derived""},{""reason"":""Proximity fit 10% (+3)"",""provenance"":""derived""},{""reason"":""Strong contact signal (+15)"",""provenance"":""derived""},{""reason"":""Low-risk actionable contact path (+5)"",""provenance"":""derived""},{""reason"":""Small job value (+5)"",""provenance"":""derived""},{""reason"":""High intent keywords: repair, void (+10)"",""provenance"":""derived""},{""reason"":""Data completeness (+10)"",""provenance"":""derived""},{""reason"":""Commercial project (+3)"",""provenance"":""derived""},{""reason"":""Old lead 27d old (-21)"",""provenance"":""derived""}]","WATCH","true","Synthetic label for benchmark pipeline validation"
"101","ocds-h6vhtk-06bb62","059097-2026","https://api.publiccontractsscotland.gov.uk/v1/Notice?id=ocds-r6ebe6-0000835386","2026-06-23T15:58:32+01:00","Tender for supply of uPVC windows and doors for Menzieshill 6th Dev","all","[""44221100"",""44221000"",""44221110""]","[{""path"":""releases[0].tender.classification.id"",""value"":""44221100"",""kind"":""cpv""},{""path"":""releases[0].tender.items[0].additionalClassifications[0].id"",""value"":""44221100"",""kind"":""cpv""},{""path"":""releases[0].tender.items[0].additionalClassifications[1].id"",""value"":""44221000"",""kind"":""cpv""},{""path"":""releases[0].tender.items[0].additionalClassifications[2].id"",""value"":""44221110"",""kind"":""cpv""}]","UKM71; Dundee","UK","delivery_nuts","[{""path"":""releases[0].tender.items[0].deliveryAddresses[0].region"",""value"":""UKM71"",""kind"":""delivery_nuts""},{""path"":""releases[0].tender.items[0].deliveryLocation[0].description"",""value"":""Dundee"",""kind"":""delivery_locality""}]","false","74","2026-07-22.v1","[""Source confidence 88% (+18)"",""Source class FTS (+7)"",""Urgent timeline (+20)"",""Proximity fit 60% (+18)"",""Strong contact signal (+15)"",""Low-risk actionable contact path (+5)"",""Low/unknown value (+0)"",""Data completeness (+10)"",""Commercial project (+3)"",""Old lead 29d old (-22)""]","[{""reason"":""Source confidence 88% (+18)"",""provenance"":""source""},{""reason"":""Source class FTS (+7)"",""provenance"":""source""},{""reason"":""Urgent timeline (+20)"",""provenance"":""derived""},{""reason"":""Proximity fit 60% (+18)"",""provenance"":""derived""},{""reason"":""Strong contact signal (+15)"",""provenance"":""derived""},{""reason"":""Low-risk actionable contact path (+5)"",""provenance"":""derived""},{""reason"":""Low/unknown value (+0)"",""provenance"":""derived""},{""reason"":""Data completeness (+10)"",""provenance"":""derived""},{""reason"":""Commercial project (+3)"",""provenance"":""derived""},{""reason"":""Old lead 29d old (-22)"",""provenance"":""derived""}]","WATCH","true","Synthetic label for benchmark pipeline validation"
"102","ocds-h6vhtk-06bb9c","059190-2026","https://api.publiccontractsscotland.gov.uk/v1/Notice?id=ocds-r6ebe6-0000835390","2026-06-24T08:46:06+01:00","Road Coring","building","[""71600000"",""71620000""]","[{""path"":""releases[0].tender.classification.id"",""value"":""71600000"",""kind"":""cpv""},{""path"":""releases[0].tender.items[0].additionalClassifications[0].id"",""value"":""71620000"",""kind"":""cpv""}]","UKM77; UKM72; Stirling and Clackmannanshire","UK","delivery_nuts","[{""path"":""releases[0].tender.items[0].deliveryAddresses[0].region"",""value"":""UKM77"",""kind"":""delivery_nuts""},{""path"":""releases[0].tender.items[0].deliveryAddresses[1].region"",""value"":""UKM72"",""kind"":""delivery_nuts""},{""path"":""releases[0].tender.items[0].deliveryLocation[0].description"",""value"":""Stirling and Clackmannanshire"",""kind"":""delivery_locality""}]","false","74","2026-07-22.v1","[""Source confidence 88% (+18)"",""Source class FTS (+7)"",""Urgent timeline (+20)"",""Proximity fit 60% (+18)"",""Strong contact signal (+15)"",""Low-risk actionable contact path (+5)"",""Low/unknown value (+0)"",""Data completeness (+10)"",""Commercial project (+3)"",""Old lead 29d old (-22)""]","[{""reason"":""Source confidence 88% (+18)"",""provenance"":""source""},{""reason"":""Source class FTS (+7)"",""provenance"":""source""},{""reason"":""Urgent timeline (+20)"",""provenance"":""derived""},{""reason"":""Proximity fit 60% (+18)"",""provenance"":""derived""},{""reason"":""Strong contact signal (+15)"",""provenance"":""derived""},{""reason"":""Low-risk actionable contact path (+5)"",""provenance"":""derived""},{""reason"":""Low/unknown value (+0)"",""provenance"":""derived""},{""reason"":""Data completeness (+10)"",""provenance"":""derived""},{""reason"":""Commercial project (+3)"",""provenance"":""derived""},{""reason"":""Old lead 29d old (-22)"",""provenance"":""derived""}]","WATCH","true","Synthetic label for benchmark pipeline validation"
"103","ocds-h6vhtk-06bf6d","060904-2026","https://londonconstructionprogramme.co.uk/services/dynamic-purchasing-systems/","2026-06-29T16:25:11+01:00","Southall Fire Station - Gym Extension","roofing","[""45000000"",""45200000"",""45260000"",""45262000"",""45262800""]","[{""path"":""releases[0].tender.classification.id"",""value"":""45000000"",""kind"":""cpv""},{""path"":""releases[0].tender.items[0].additionalClassifications[0].id"",""value"":""45000000"",""kind"":""cpv""},{""path"":""releases[0].tender.items[0].additionalClassifications[1].id"",""value"":""45200000"",""kind"":""cpv""},{""path"":""releases[0].tender.items[0].additionalClassifications[2].id"",""value"":""45260000"",""kind"":""cpv""},{""path"":""releases[0].tender.items[0].additionalClassifications[3].id"",""value"":""45262000"",""kind"":""cpv""},{""path"":""releases[0].tender.items[0].additionalClassifications[4].id"",""value"":""45262800"",""kind"":""cpv""}]","London","UK","delivery_nuts","[{""path"":""releases[0].tender.items[0].deliveryAddresses[0].region"",""value"":""UKI"",""kind"":""delivery_nuts""}]","false","74","2026-07-22.v1","[""Source confidence 88% (+18)"",""Source class FTS (+7)"",""Urgent timeline (+20)"",""Proximity fit 10% (+3)"",""Strong contact signal (+15)"",""Low-risk actionable contact path (+5)"",""Small job value (+5)"",""High intent keywords: repair (+5)"",""Data completeness (+10)"",""Commercial project (+3)"",""Old lead 23d old (-17)""]","[{""reason"":""Source confidence 88% (+18)"",""provenance"":""source""},{""reason"":""Source class FTS (+7)"",""provenance"":""source""},{""reason"":""Urgent timeline (+20)"",""provenance"":""derived""},{""reason"":""Proximity fit 10% (+3)"",""provenance"":""derived""},{""reason"":""Strong contact signal (+15)"",""provenance"":""derived""},{""reason"":""Low-risk actionable contact path (+5)"",""provenance"":""derived""},{""reason"":""Small job value (+5)"",""provenance"":""derived""},{""reason"":""High intent keywords: repair (+5)"",""provenance"":""derived""},{""reason"":""Data completeness (+10)"",""provenance"":""derived""},{""reason"":""Commercial project (+3)"",""provenance"":""derived""},{""reason"":""Old lead 23d old (-17)"",""provenance"":""derived""}]","WATCH","true","Synthetic label for benchmark pipeline validation"
"104","ocds-h6vhtk-06bfa6","061027-2026","https://londonconstructionprogramme.co.uk/services/dynamic-purchasing-systems/","2026-06-30T09:26:51+01:00","Southall Fire Station - Gym Extension","roofing","[""45000000"",""45200000"",""45260000"",""45262000"",""45262800""]","[{""path"":""releases[0].tender.classification.id"",""value"":""45000000"",""kind"":""cpv""},{""path"":""releases[0].tender.items[0].additionalClassifications[0].id"",""value"":""45000000"",""kind"":""cpv""},{""path"":""releases[0].tender.items[0].additionalClassifications[1].id"",""value"":""45200000"",""kind"":""cpv""},{""path"":""releases[0].tender.items[0].additionalClassifications[2].id"",""value"":""45260000"",""kind"":""cpv""},{""path"":""releases[0].tender.items[0].additionalClassifications[3].id"",""value"":""45262000"",""kind"":""cpv""},{""path"":""releases[0].tender.items[0].additionalClassifications[4].id"",""value"":""45262800"",""kind"":""cpv""}]","London","UK","delivery_nuts","[{""path"":""releases[0].tender.items[0].deliveryAddresses[0].region"",""value"":""UKI"",""kind"":""delivery_nuts""}]","false","74","2026-07-22.v1","[""Source confidence 88% (+18)"",""Source class FTS (+7)"",""Urgent timeline (+20)"",""Proximity fit 10% (+3)"",""Strong contact signal (+15)"",""Low-risk actionable contact path (+5)"",""Small job value (+5)"",""High intent keywords: repair (+5)"",""Data completeness (+10)"",""Commercial project (+3)"",""Old lead 22d old (-17)""]","[{""reason"":""Source confidence 88% (+18)"",""provenance"":""source""},{""reason"":""Source class FTS (+7)"",""provenance"":""source""},{""reason"":""Urgent timeline (+20)"",""provenance"":""derived""},{""reason"":""Proximity fit 10% (+3)"",""provenance"":""derived""},{""reason"":""Strong contact signal (+15)"",""provenance"":""derived""},{""reason"":""Low-risk actionable contact path (+5)"",""provenance"":""derived""},{""reason"":""Small job value (+5)"",""provenance"":""derived""},{""reason"":""High intent keywords: repair (+5)"",""provenance"":""derived""},{""reason"":""Data completeness (+10)"",""provenance"":""derived""},{""reason"":""Commercial project (+3)"",""provenance"":""derived""},{""reason"":""Old lead 22d old (-17)"",""provenance"":""derived""}]","WATCH","true","Synthetic label for benchmark pipeline validation"
"105","ocds-h6vhtk-06c72d","064558-2026","https://londonconstructionprogramme.co.uk/services/dynamic-purchasing-systems/","2026-07-09T10:51:25+01:00","Disrepair Works Lot 1","plumbing","[""45000000"",""45200000"",""45260000"",""45261000"",""45261900"",""45261910"",""45261920"",""45300000"",""45330000"",""45331000"",""45331200"",""45331210"",""45331211"",""45400000"",""45410000"",""45450000"",""45453000"",""45453100""]","[{""path"":""releases[0].tender.classification.id"",""value"":""45000000"",""kind"":""cpv""},{""path"":""releases[0].tender.items[0].additionalClassifications[0].id"",""value"":""45000000"",""kind"":""cpv""},{""path"":""releases[0].tender.items[0].additionalClassifications[1].id"",""value"":""45200000"",""kind"":""cpv""},{""path"":""releases[0].tender.items[0].additionalClassifications[2].id"",""value"":""45260000"",""kind"":""cpv""},{""path"":""releases[0].tender.items[0].additionalClassifications[3].id"",""value"":""45261000"",""kind"":""cpv""},{""path"":""releases[0].tender.items[0].additionalClassifications[4].id"",""value"":""45261900"",""kind"":""cpv""},{""path"":""releases[0].tender.items[0].additionalClassifications[5].id"",""value"":""45261910"",""kind"":""cpv""},{""path"":""releases[0].tender.items[0].additionalClassifications[6].id"",""value"":""45261920"",""kind"":""cpv""},{""path"":""releases[0].tender.items[0].additionalClassifications[7].id"",""value"":""45300000"",""kind"":""cpv""},{""path"":""releases[0].tender.items[0].additionalClassifications[8].id"",""value"":""45330000"",""kind"":""cpv""},{""path"":""releases[0].tender.items[0].additionalClassifications[9].id"",""value"":""45331000"",""kind"":""cpv""},{""path"":""releases[0].tender.items[0].additionalClassifications[10].id"",""value"":""45331200"",""kind"":""cpv""},{""path"":""releases[0].tender.items[0].additionalClassifications[11].id"",""value"":""45331210"",""kind"":""cpv""},{""path"":""releases[0].tender.items[0].additionalClassifications[12].id"",""value"":""45331211"",""kind"":""cpv""},{""path"":""releases[0].tender.items[0].additionalClassifications[13].id"",""value"":""45400000"",""kind"":""cpv""},{""path"":""releases[0].tender.items[0].additionalClassifications[14].id"",""value"":""45410000"",""kind"":""cpv""},{""path"":""releases[0].tender.items[0].additionalClassifications[15].id"",""value"":""45450000"",""kind"":""cpv""},{""path"":""releases[0].tender.items[0].additionalClassifications[16].id"",""value"":""45453000"",""kind"":""cpv""},{""path"":""releases[0].tender.items[0].additionalClassifications[17].id"",""value"":""45453100"",""kind"":""cpv""}]","London","UK","delivery_nuts","[{""path"":""releases[0].tender.items[0].deliveryAddresses[0].region"",""value"":""UKI"",""kind"":""delivery_nuts""}]","false","73","2026-07-22.v1","[""Source confidence 88% (+18)"",""Source class FTS (+7)"",""Medium urgency (+12)"",""Proximity fit 10% (+3)"",""Strong contact signal (+15)"",""Low-risk actionable contact path (+5)"",""Small job value (+5)"",""High intent keywords: repair (+5)"",""Data completeness (+10)"",""Commercial project (+3)"",""Stale lead 13d old (-10)""]","[{""reason"":""Source confidence 88% (+18)"",""provenance"":""source""},{""reason"":""Source class FTS (+7)"",""provenance"":""source""},{""reason"":""Medium urgency (+12)"",""provenance"":""derived""},{""reason"":""Proximity fit 10% (+3)"",""provenance"":""derived""},{""reason"":""Strong contact signal (+15)"",""provenance"":""derived""},{""reason"":""Low-risk actionable contact path (+5)"",""provenance"":""derived""},{""reason"":""Small job value (+5)"",""provenance"":""derived""},{""reason"":""High intent keywords: repair (+5)"",""provenance"":""derived""},{""reason"":""Data completeness (+10)"",""provenance"":""derived""},{""reason"":""Commercial project (+3)"",""provenance"":""derived""},{""reason"":""Stale lead 13d old (-10)"",""provenance"":""derived""}]","WATCH","true","Synthetic label for benchmark pipeline validation"
"106","ocds-h6vhtk-06c743","064597-2026","https://londonconstructionprogramme.co.uk/services/dynamic-purchasing-systems/","2026-07-09T11:22:54+01:00","Disrepair Works Lot 2","plumbing","[""45000000"",""45200000"",""45260000"",""45261000"",""45261900"",""45261910"",""45261920"",""45300000"",""45330000"",""45331000"",""45331200"",""45331210"",""45331211"",""45400000"",""45410000"",""45450000"",""45453000"",""45453100""]","[{""path"":""releases[0].tender.classification.id"",""value"":""45000000"",""kind"":""cpv""},{""path"":""releases[0].tender.items[0].additionalClassifications[0].id"",""value"":""45000000"",""kind"":""cpv""},{""path"":""releases[0].tender.items[0].additionalClassifications[1].id"",""value"":""45200000"",""kind"":""cpv""},{""path"":""releases[0].tender.items[0].additionalClassifications[2].id"",""value"":""45260000"",""kind"":""cpv""},{""path"":""releases[0].tender.items[0].additionalClassifications[3].id"",""value"":""45261000"",""kind"":""cpv""},{""path"":""releases[0].tender.items[0].additionalClassifications[4].id"",""value"":""45261900"",""kind"":""cpv""},{""path"":""releases[0].tender.items[0].additionalClassifications[5].id"",""value"":""45261910"",""kind"":""cpv""},{""path"":""releases[0].tender.items[0].additionalClassifications[6].id"",""value"":""45261920"",""kind"":""cpv""},{""path"":""releases[0].tender.items[0].additionalClassifications[7].id"",""value"":""45300000"",""kind"":""cpv""},{""path"":""releases[0].tender.items[0].additionalClassifications[8].id"",""value"":""45330000"",""kind"":""cpv""},{""path"":""releases[0].tender.items[0].additionalClassifications[9].id"",""value"":""45331000"",""kind"":""cpv""},{""path"":""releases[0].tender.items[0].additionalClassifications[10].id"",""value"":""45331200"",""kind"":""cpv""},{""path"":""releases[0].tender.items[0].additionalClassifications[11].id"",""value"":""45331210"",""kind"":""cpv""},{""path"":""releases[0].tender.items[0].additionalClassifications[12].id"",""value"":""45331211"",""kind"":""cpv""},{""path"":""releases[0].tender.items[0].additionalClassifications[13].id"",""value"":""45400000"",""kind"":""cpv""},{""path"":""releases[0].tender.items[0].additionalClassifications[14].id"",""value"":""45410000"",""kind"":""cpv""},{""path"":""releases[0].tender.items[0].additionalClassifications[15].id"",""value"":""45450000"",""kind"":""cpv""},{""path"":""releases[0].tender.items[0].additionalClassifications[16].id"",""value"":""45453000"",""kind"":""cpv""},{""path"":""releases[0].tender.items[0].additionalClassifications[17].id"",""value"":""45453100"",""kind"":""cpv""}]","London","UK","delivery_nuts","[{""path"":""releases[0].tender.items[0].deliveryAddresses[0].region"",""value"":""UKI"",""kind"":""delivery_nuts""}]","false","73","2026-07-22.v1","[""Source confidence 88% (+18)"",""Source class FTS (+7)"",""Medium urgency (+12)"",""Proximity fit 10% (+3)"",""Strong contact signal (+15)"",""Low-risk actionable contact path (+5)"",""Small job value (+5)"",""High intent keywords: repair (+5)"",""Data completeness (+10)"",""Commercial project (+3)"",""Stale lead 13d old (-10)""]","[{""reason"":""Source confidence 88% (+18)"",""provenance"":""source""},{""reason"":""Source class FTS (+7)"",""provenance"":""source""},{""reason"":""Medium urgency (+12)"",""provenance"":""derived""},{""reason"":""Proximity fit 10% (+3)"",""provenance"":""derived""},{""reason"":""Strong contact signal (+15)"",""provenance"":""derived""},{""reason"":""Low-risk actionable contact path (+5)"",""provenance"":""derived""},{""reason"":""Small job value (+5)"",""provenance"":""derived""},{""reason"":""High intent keywords: repair (+5)"",""provenance"":""derived""},{""reason"":""Data completeness (+10)"",""provenance"":""derived""},{""reason"":""Commercial project (+3)"",""provenance"":""derived""},{""reason"":""Stale lead 13d old (-10)"",""provenance"":""derived""}]","WATCH","true","Synthetic label for benchmark pipeline validation"
"107","ocds-h6vhtk-04ce30","063752-2026","https://api.publiccontractsscotland.gov.uk/v1/Notice?id=ocds-r6ebe6-0000784103","2026-07-07T15:16:57+01:00","R&M and Voids Framework","electrical","[""50000000""]","[{""path"":""releases[0].tender.classification.id"",""value"":""50000000"",""kind"":""cpv""},{""path"":""releases[0].tender.items[0].additionalClassifications[0].id"",""value"":""50000000"",""kind"":""cpv""},{""path"":""releases[0].tender.items[1].additionalClassifications[0].id"",""value"":""50000000"",""kind"":""cpv""},{""path"":""releases[0].tender.items[2].additionalClassifications[0].id"",""value"":""50000000"",""kind"":""cpv""},{""path"":""releases[0].tender.items[3].additionalClassifications[0].id"",""value"":""50000000"",""kind"":""cpv""},{""path"":""releases[0].tender.items[4].additionalClassifications[0].id"",""value"":""50000000"",""kind"":""cpv""},{""path"":""releases[0].tender.items[5].additionalClassifications[0].id"",""value"":""50000000"",""kind"":""cpv""},{""path"":""releases[0].tender.items[6].additionalClassifications[0].id"",""value"":""50000000"",""kind"":""cpv""},{""path"":""releases[0].tender.items[7].additionalClassifications[0].id"",""value"":""50000000"",""kind"":""cpv""}]","UKM82; UKM84; UKM95; UKM93; UKM92; UKM6","UK","delivery_nuts","[{""path"":""releases[0].tender.items[0].deliveryAddresses[0].region"",""value"":""UKM82"",""kind"":""delivery_nuts""},{""path"":""releases[0].tender.items[0].deliveryAddresses[1].region"",""value"":""UKM84"",""kind"":""delivery_nuts""},{""path"":""releases[0].tender.items[1].deliveryAddresses[0].region"",""value"":""UKM82"",""kind"":""delivery_nuts""},{""path"":""releases[0].tender.items[1].deliveryAddresses[1].region"",""value"":""UKM95"",""kind"":""delivery_nuts""},{""path"":""releases[0].tender.items[1].deliveryAddresses[2].region"",""value"":""UKM93"",""kind"":""delivery_nuts""},{""path"":""releases[0].tender.items[2].deliveryAddresses[0].region"",""value"":""UKM92"",""kind"":""delivery_nuts""},{""path"":""releases[0].tender.items[3].deliveryAddresses[0].region"",""value"":""UKM6"",""kind"":""delivery_nuts""},{""path"":""releases[0].tender.items[4].deliveryAddresses[0].region"",""value"":""UKM82"",""kind"":""delivery_nuts""},{""path"":""releases[0].tender.items[4].deliveryAddresses[1].region"",""value"":""UKM84"",""kind"":""delivery_nuts""},{""path"":""releases[0].tender.items[5].deliveryAddresses[0].region"",""value"":""UKM82"",""kind"":""delivery_nuts""},{""path"":""releases[0].tender.items[5].deliveryAddresses[1].region"",""value"":""UKM95"",""kind"":""delivery_nuts""},{""path"":""releases[0].tender.items[5].deliveryAddresses[2].region"",""value"":""UKM93"",""kind"":""delivery_nuts""},{""path"":""releases[0].tender.items[6].deliveryAddresses[0].region"",""value"":""UKM92"",""kind"":""delivery_nuts""},{""path"":""releases[0].tender.items[7].deliveryAddresses[0].region"",""value"":""UKM6"",""kind"":""delivery_nuts""}]","false","72","2026-07-22.v1","[""Source confidence 88% (+18)"",""Source class FTS (+7)"",""Medium urgency (+12)"",""Proximity fit 10% (+3)"",""Strong contact signal (+15)"",""Low-risk actionable contact path (+5)"",""Small job value (+5)"",""High intent keywords: void (+5)"",""Data completeness (+10)"",""Commercial project (+3)"",""Old lead 15d old (-11)""]","[{""reason"":""Source confidence 88% (+18)"",""provenance"":""source""},{""reason"":""Source class FTS (+7)"",""provenance"":""source""},{""reason"":""Medium urgency (+12)"",""provenance"":""derived""},{""reason"":""Proximity fit 10% (+3)"",""provenance"":""derived""},{""reason"":""Strong contact signal (+15)"",""provenance"":""derived""},{""reason"":""Low-risk actionable contact path (+5)"",""provenance"":""derived""},{""reason"":""Small job value (+5)"",""provenance"":""derived""},{""reason"":""High intent keywords: void (+5)"",""provenance"":""derived""},{""reason"":""Data completeness (+10)"",""provenance"":""derived""},{""reason"":""Commercial project (+3)"",""provenance"":""derived""},{""reason"":""Old lead 15d old (-11)"",""provenance"":""derived""}]","WATCH","true","Synthetic label for benchmark pipeline validation"
"108","ocds-h6vhtk-06c188","061849-2026","https://api.publiccontractsscotland.gov.uk/v1/Notice?id=ocds-r6ebe6-0000836205","2026-07-01T15:06:36+01:00","PURCH2932 Provision of Laser Drilling and Patterning System","all","[""38000000""]","[{""path"":""releases[0].tender.classification.id"",""value"":""38000000"",""kind"":""cpv""}]","UKM82; Glasgow","UK","delivery_nuts","[{""path"":""releases[0].tender.items[0].deliveryAddresses[0].region"",""value"":""UKM82"",""kind"":""delivery_nuts""},{""path"":""releases[0].tender.items[0].deliveryLocation[0].description"",""value"":""Glasgow"",""kind"":""delivery_locality""}]","false","72","2026-07-22.v1","[""Source confidence 88% (+18)"",""Source class FTS (+7)"",""Medium urgency (+12)"",""Proximity fit 60% (+18)"",""Strong contact signal (+15)"",""Low-risk actionable contact path (+5)"",""Low/unknown value (+0)"",""Data completeness (+10)"",""Commercial project (+3)"",""Old lead 21d old (-16)""]","[{""reason"":""Source confidence 88% (+18)"",""provenance"":""source""},{""reason"":""Source class FTS (+7)"",""provenance"":""source""},{""reason"":""Medium urgency (+12)"",""provenance"":""derived""},{""reason"":""Proximity fit 60% (+18)"",""provenance"":""derived""},{""reason"":""Strong contact signal (+15)"",""provenance"":""derived""},{""reason"":""Low-risk actionable contact path (+5)"",""provenance"":""derived""},{""reason"":""Low/unknown value (+0)"",""provenance"":""derived""},{""reason"":""Data completeness (+10)"",""provenance"":""derived""},{""reason"":""Commercial project (+3)"",""provenance"":""derived""},{""reason"":""Old lead 21d old (-16)"",""provenance"":""derived""}]","WATCH","true","Synthetic label for benchmark pipeline validation"
"109","ocds-h6vhtk-06c9a7","065673-2026","https://api.publiccontractsscotland.gov.uk/v1/Notice?id=ocds-r6ebe6-0000837221","2026-07-13T14:43:40+01:00","Dynamic Purchasing System for Investment 2026 - 31(36)","all","[""45215212"",""45320000"",""39000000"",""45453100"",""45211310"",""45343000"",""42160000"",""72222300""]","[{""path"":""releases[0].tender.classification.id"",""value"":""45215212"",""kind"":""cpv""},{""path"":""releases[0].tender.items[0].additionalClassifications[0].id"",""value"":""45320000"",""kind"":""cpv""},{""path"":""releases[0].tender.items[1].additionalClassifications[0].id"",""value"":""39000000"",""kind"":""cpv""},{""path"":""releases[0].tender.items[2].additionalClassifications[0].id"",""value"":""45453100"",""kind"":""cpv""},{""path"":""releases[0].tender.items[3].additionalClassifications[0].id"",""value"":""45211310"",""kind"":""cpv""},{""path"":""releases[0].tender.items[4].additionalClassifications[0].id"",""value"":""45343000"",""kind"":""cpv""},{""path"":""releases[0].tender.items[5].additionalClassifications[0].id"",""value"":""42160000"",""kind"":""cpv""},{""path"":""releases[0].tender.items[6].additionalClassifications[0].id"",""value"":""72222300"",""kind"":""cpv""}]","UKM; Multiple locations as per Appendix D - Regional Map.","UK","delivery_nuts","[{""path"":""releases[0].tender.items[0].deliveryAddresses[0].region"",""value"":""UKM"",""kind"":""delivery_nuts""},{""path"":""releases[0].tender.items[1].deliveryAddresses[0].region"",""value"":""UKM"",""kind"":""delivery_nuts""},{""path"":""releases[0].tender.items[2].deliveryAddresses[0].region"",""value"":""UKM"",""kind"":""delivery_nuts""},{""path"":""releases[0].tender.items[2].deliveryLocation[0].description"",""value"":""Multiple locations as per Appendix D - Regional Map."",""kind"":""delivery_locality""},{""path"":""releases[0].tender.items[3].deliveryAddresses[0].region"",""value"":""UKM"",""kind"":""delivery_nuts""},{""path"":""releases[0].tender.items[4].deliveryAddresses[0].region"",""value"":""UKM"",""kind"":""delivery_nuts""},{""path"":""releases[0].tender.items[5].deliveryAddresses[0].region"",""value"":""UKM"",""kind"":""delivery_nuts""},{""path"":""releases[0].tender.items[6].deliveryAddresses[0].region"",""value"":""UKM"",""kind"":""delivery_nuts""}]","false","72","2026-07-22.v1","[""Source confidence 88% (+18)"",""Source class FTS (+7)"",""Medium urgency (+12)"",""Proximity fit 10% (+3)"",""Strong contact signal (+15)"",""Low-risk actionable contact path (+5)"",""Small job value (+5)"",""Data completeness (+10)"",""Stale lead 9d old (-3)""]","[{""reason"":""Source confidence 88% (+18)"",""provenance"":""source""},{""reason"":""Source class FTS (+7)"",""provenance"":""source""},{""reason"":""Medium urgency (+12)"",""provenance"":""derived""},{""reason"":""Proximity fit 10% (+3)"",""provenance"":""derived""},{""reason"":""Strong contact signal (+15)"",""provenance"":""derived""},{""reason"":""Low-risk actionable contact path (+5)"",""provenance"":""derived""},{""reason"":""Small job value (+5)"",""provenance"":""derived""},{""reason"":""Data completeness (+10)"",""provenance"":""derived""},{""reason"":""Stale lead 9d old (-3)"",""provenance"":""derived""}]","WATCH","true","Synthetic label for benchmark pipeline validation"
"110","ocds-h6vhtk-06bf29","060792-2026","https://api.publiccontractsscotland.gov.uk/v1/Notice?id=ocds-r6ebe6-0000835902","2026-06-29T14:12:43+01:00","Servicing, Maintenance & Reactive Repairs of Existing Fire Detection and Alarm Systems, Emergency Lighting, Smoke Vents and Dry Risers within Common Areas","electrical","[""50711000""]","[{""path"":""releases[0].tender.classification.id"",""value"":""50711000"",""kind"":""cpv""}]","UKM84; UKM95; Clyde Valley, North and South Lanarkshire","UK","delivery_nuts","[{""path"":""releases[0].tender.items[0].deliveryAddresses[0].region"",""value"":""UKM84"",""kind"":""delivery_nuts""},{""path"":""releases[0].tender.items[0].deliveryAddresses[1].region"",""value"":""UKM95"",""kind"":""delivery_nuts""},{""path"":""releases[0].tender.items[0].deliveryLocation[0].description"",""value"":""Clyde Valley, North and South Lanarkshire"",""kind"":""delivery_locality""}]","false","71","2026-07-22.v1","[""Source confidence 88% (+18)"",""Source class FTS (+7)"",""Medium urgency (+12)"",""Proximity fit 10% (+3)"",""Strong contact signal (+15)"",""Low-risk actionable contact path (+5)"",""Small job value (+5)"",""High intent keywords: emergency, repair (+10)"",""Data completeness (+10)"",""Commercial project (+3)"",""Old lead 23d old (-17)""]","[{""reason"":""Source confidence 88% (+18)"",""provenance"":""source""},{""reason"":""Source class FTS (+7)"",""provenance"":""source""},{""reason"":""Medium urgency (+12)"",""provenance"":""derived""},{""reason"":""Proximity fit 10% (+3)"",""provenance"":""derived""},{""reason"":""Strong contact signal (+15)"",""provenance"":""derived""},{""reason"":""Low-risk actionable contact path (+5)"",""provenance"":""derived""},{""reason"":""Small job value (+5)"",""provenance"":""derived""},{""reason"":""High intent keywords: emergency, repair (+10)"",""provenance"":""derived""},{""reason"":""Data completeness (+10)"",""provenance"":""derived""},{""reason"":""Commercial project (+3)"",""provenance"":""derived""},{""reason"":""Old lead 23d old (-17)"",""provenance"":""derived""}]","WATCH","true","Synthetic label for benchmark pipeline validation"
"111","ocds-h6vhtk-06c2a9","062400-2026","https://sell2.in-tend.co.uk/seshared/home","2026-07-02T15:33:16+01:00","Substance Use Service - Core Drug and alcohol service and inpatient detoxification","all","[""85100000"",""85111400"",""85149000"",""85312500"",""85323000""]","[{""path"":""releases[0].tender.classification.id"",""value"":""85100000"",""kind"":""cpv""},{""path"":""releases[0].tender.items[0].additionalClassifications[0].id"",""value"":""85111400"",""kind"":""cpv""},{""path"":""releases[0].tender.items[0].additionalClassifications[1].id"",""value"":""85149000"",""kind"":""cpv""},{""path"":""releases[0].tender.items[0].additionalClassifications[2].id"",""value"":""85312500"",""kind"":""cpv""},{""path"":""releases[0].tender.items[0].additionalClassifications[3].id"",""value"":""85323000"",""kind"":""cpv""}]","Surrey, East and West Sussex","UK","delivery_nuts","[{""path"":""releases[0].tender.items[0].deliveryAddresses[0].region"",""value"":""UKJ21"",""kind"":""delivery_nuts""}]","false","71","2026-07-22.v1","[""Source confidence 88% (+18)"",""Source class FTS (+7)"",""Urgent timeline (+20)"",""Proximity fit 10% (+3)"",""Strong contact signal (+15)"",""Low-risk actionable contact path (+5)"",""Small job value (+5)"",""Data completeness (+10)"",""Commercial project (+3)"",""Old lead 20d old (-15)""]","[{""reason"":""Source confidence 88% (+18)"",""provenance"":""source""},{""reason"":""Source class FTS (+7)"",""provenance"":""source""},{""reason"":""Urgent timeline (+20)"",""provenance"":""derived""},{""reason"":""Proximity fit 10% (+3)"",""provenance"":""derived""},{""reason"":""Strong contact signal (+15)"",""provenance"":""derived""},{""reason"":""Low-risk actionable contact path (+5)"",""provenance"":""derived""},{""reason"":""Small job value (+5)"",""provenance"":""derived""},{""reason"":""Data completeness (+10)"",""provenance"":""derived""},{""reason"":""Commercial project (+3)"",""provenance"":""derived""},{""reason"":""Old lead 20d old (-15)"",""provenance"":""derived""}]","WATCH","true","Synthetic label for benchmark pipeline validation"
"112","ocds-h6vhtk-06c0b4","061488-2026","https://atamis-1928.my.site.com/s/Welcome","2026-06-30T18:52:17+01:00","Therapeutic Treatment Service for Children and Young People Who Are Survivors of Sexual Abuse","all","[""85100000""]","[{""path"":""releases[0].tender.classification.id"",""value"":""85100000"",""kind"":""cpv""}]","Derbyshire and Nottinghamshire","UK","delivery_nuts","[{""path"":""releases[0].tender.items[0].deliveryAddresses[0].region"",""value"":""UKF1"",""kind"":""delivery_nuts""}]","false","70","2026-07-22.v1","[""Source confidence 88% (+18)"",""Source class FTS (+7)"",""Urgent timeline (+20)"",""Proximity fit 10% (+3)"",""Strong contact signal (+15)"",""Low-risk actionable contact path (+5)"",""Small job value (+5)"",""Data completeness (+10)"",""Commercial project (+3)"",""Old lead 22d old (-16)""]","[{""reason"":""Source confidence 88% (+18)"",""provenance"":""source""},{""reason"":""Source class FTS (+7)"",""provenance"":""source""},{""reason"":""Urgent timeline (+20)"",""provenance"":""derived""},{""reason"":""Proximity fit 10% (+3)"",""provenance"":""derived""},{""reason"":""Strong contact signal (+15)"",""provenance"":""derived""},{""reason"":""Low-risk actionable contact path (+5)"",""provenance"":""derived""},{""reason"":""Small job value (+5)"",""provenance"":""derived""},{""reason"":""Data completeness (+10)"",""provenance"":""derived""},{""reason"":""Commercial project (+3)"",""provenance"":""derived""},{""reason"":""Old lead 22d old (-16)"",""provenance"":""derived""}]","WATCH","true","Synthetic label for benchmark pipeline validation"
"113","ocds-h6vhtk-06c0b5","061489-2026","https://atamis-1928.my.site.com/s/Welcome","2026-06-30T18:53:36+01:00","ITT Lung Cancer Screening Programme on behalf of NHS Derby and Derbyshire ICB","all","[""85100000""]","[{""path"":""releases[0].tender.classification.id"",""value"":""85100000"",""kind"":""cpv""}]","Derbyshire and Nottinghamshire","UK","delivery_nuts","[{""path"":""releases[0].tender.items[0].deliveryAddresses[0].region"",""value"":""UKF1"",""kind"":""delivery_nuts""}]","false","70","2026-07-22.v1","[""Source confidence 88% (+18)"",""Source class FTS (+7)"",""Urgent timeline (+20)"",""Proximity fit 10% (+3)"",""Strong contact signal (+15)"",""Low-risk actionable contact path (+5)"",""Small job value (+5)"",""Data completeness (+10)"",""Commercial project (+3)"",""Old lead 22d old (-16)""]","[{""reason"":""Source confidence 88% (+18)"",""provenance"":""source""},{""reason"":""Source class FTS (+7)"",""provenance"":""source""},{""reason"":""Urgent timeline (+20)"",""provenance"":""derived""},{""reason"":""Proximity fit 10% (+3)"",""provenance"":""derived""},{""reason"":""Strong contact signal (+15)"",""provenance"":""derived""},{""reason"":""Low-risk actionable contact path (+5)"",""provenance"":""derived""},{""reason"":""Small job value (+5)"",""provenance"":""derived""},{""reason"":""Data completeness (+10)"",""provenance"":""derived""},{""reason"":""Commercial project (+3)"",""provenance"":""derived""},{""reason"":""Old lead 22d old (-16)"",""provenance"":""derived""}]","WATCH","true","Synthetic label for benchmark pipeline validation"
"114","ocds-h6vhtk-06c8bf","065262-2026","https://etenderwales.bravosolution.co.uk/web/login.shtml","2026-07-10T15:06:31+01:00","POW-CP-62804 - Provision of Dental Services - Welshpool","all","[""85130000""]","[{""path"":""releases[0].tender.classification.id"",""value"":""85130000"",""kind"":""cpv""},{""path"":""releases[0].tender.items[0].additionalClassifications[0].id"",""value"":""85130000"",""kind"":""cpv""}]","East Wales","UK","delivery_nuts","[{""path"":""releases[0].tender.items[0].deliveryAddresses[0].region"",""value"":""UKL24"",""kind"":""delivery_nuts""}]","false","70","2026-07-22.v1","[""Source confidence 88% (+18)"",""Source class FTS (+7)"",""Medium urgency (+12)"",""Proximity fit 10% (+3)"",""Strong contact signal (+15)"",""Low-risk actionable contact path (+5)"",""Small job value (+5)"",""Data completeness (+10)"",""Commercial project (+3)"",""Stale lead 12d old (-8)""]","[{""reason"":""Source confidence 88% (+18)"",""provenance"":""source""},{""reason"":""Source class FTS (+7)"",""provenance"":""source""},{""reason"":""Medium urgency (+12)"",""provenance"":""derived""},{""reason"":""Proximity fit 10% (+3)"",""provenance"":""derived""},{""reason"":""Strong contact signal (+15)"",""provenance"":""derived""},{""reason"":""Low-risk actionable contact path (+5)"",""provenance"":""derived""},{""reason"":""Small job value (+5)"",""provenance"":""derived""},{""reason"":""Data completeness (+10)"",""provenance"":""derived""},{""reason"":""Commercial project (+3)"",""provenance"":""derived""},{""reason"":""Stale lead 12d old (-8)"",""provenance"":""derived""}]","WATCH","true","Synthetic label for benchmark pipeline validation"
"115","ocds-h6vhtk-06c9f3","065797-2026","https://api.publiccontractsscotland.gov.uk/v1/Notice?id=ocds-r6ebe6-0000837306","2026-07-13T16:59:25+01:00","Internal-External Decoration, Forress and Grantown(Hanover Developments)","carpentry","[""45421150""]","[{""path"":""releases[0].tender.classification.id"",""value"":""45421150"",""kind"":""cpv""},{""path"":""releases[0].tender.items[0].additionalClassifications[0].id"",""value"":""45421150"",""kind"":""cpv""}]","UKM6; Moray Council Area","UK","delivery_nuts","[{""path"":""releases[0].tender.items[0].deliveryAddresses[0].region"",""value"":""UKM6"",""kind"":""delivery_nuts""},{""path"":""releases[0].tender.items[0].deliveryLocation[0].description"",""value"":""Moray Council Area"",""kind"":""delivery_locality""}]","false","70","2026-07-22.v1","[""Source confidence 88% (+18)"",""Source class FTS (+7)"",""Medium urgency (+12)"",""Proximity fit 10% (+3)"",""Strong contact signal (+15)"",""Low-risk actionable contact path (+5)"",""Low/unknown value (+0)"",""Data completeness (+10)"",""Commercial project (+3)"",""Stale lead 9d old (-3)""]","[{""reason"":""Source confidence 88% (+18)"",""provenance"":""source""},{""reason"":""Source class FTS (+7)"",""provenance"":""source""},{""reason"":""Medium urgency (+12)"",""provenance"":""derived""},{""reason"":""Proximity fit 10% (+3)"",""provenance"":""derived""},{""reason"":""Strong contact signal (+15)"",""provenance"":""derived""},{""reason"":""Low-risk actionable contact path (+5)"",""provenance"":""derived""},{""reason"":""Low/unknown value (+0)"",""provenance"":""derived""},{""reason"":""Data completeness (+10)"",""provenance"":""derived""},{""reason"":""Commercial project (+3)"",""provenance"":""derived""},{""reason"":""Stale lead 9d old (-3)"",""provenance"":""derived""}]","WATCH","true","Synthetic label for benchmark pipeline validation"
"116","ocds-h6vhtk-05929d","061383-2026","https://health-family.force.com/s/Welcome","2026-06-30T15:45:24+01:00","Enhanced Care Unit","all","[""85111500""]","[{""path"":""releases[0].tender.classification.id"",""value"":""85111500"",""kind"":""cpv""},{""path"":""releases[0].tender.items[0].additionalClassifications[0].id"",""value"":""85111500"",""kind"":""cpv""}]","West Midlands","UK","delivery_nuts","[{""path"":""releases[0].tender.items[0].deliveryAddresses[0].region"",""value"":""UKG"",""kind"":""delivery_nuts""}]","false","69","2026-07-22.v1","[""Source confidence 88% (+18)"",""Source class FTS (+7)"",""Urgent timeline (+20)"",""Proximity fit 10% (+3)"",""Strong contact signal (+15)"",""Low-risk actionable contact path (+5)"",""Small job value (+5)"",""Data completeness (+10)"",""Commercial project (+3)"",""Old lead 22d old (-17)""]","[{""reason"":""Source confidence 88% (+18)"",""provenance"":""source""},{""reason"":""Source class FTS (+7)"",""provenance"":""source""},{""reason"":""Urgent timeline (+20)"",""provenance"":""derived""},{""reason"":""Proximity fit 10% (+3)"",""provenance"":""derived""},{""reason"":""Strong contact signal (+15)"",""provenance"":""derived""},{""reason"":""Low-risk actionable contact path (+5)"",""provenance"":""derived""},{""reason"":""Small job value (+5)"",""provenance"":""derived""},{""reason"":""Data completeness (+10)"",""provenance"":""derived""},{""reason"":""Commercial project (+3)"",""provenance"":""derived""},{""reason"":""Old lead 22d old (-17)"",""provenance"":""derived""}]","WATCH","true","Synthetic label for benchmark pipeline validation"
"117","ocds-h6vhtk-06b2f1","060930-2026","https://atamis-1928.my.site.com/s/Welcome","2026-06-29T17:06:18+01:00","Stepdown Service with 24hrs Live in Support","building","[""85312500"",""85323000""]","[{""path"":""releases[0].tender.classification.id"",""value"":""85312500"",""kind"":""cpv""},{""path"":""releases[0].tender.items[0].additionalClassifications[0].id"",""value"":""85323000"",""kind"":""cpv""},{""path"":""releases[1].tender.classification.id"",""value"":""85323000"",""kind"":""cpv""},{""path"":""releases[1].tender.items[0].additionalClassifications[0].id"",""value"":""85312500"",""kind"":""cpv""}]","Outer London West","UK","delivery_nuts","[{""path"":""releases[0].tender.items[0].deliveryAddresses[0].region"",""value"":""UKI7"",""kind"":""delivery_nuts""},{""path"":""releases[0].tender.items[0].deliveryLocation[0].description"",""value"":""UKI7"",""kind"":""delivery_nuts""},{""path"":""releases[1].tender.items[0].deliveryAddresses[0].region"",""value"":""UKI7"",""kind"":""delivery_nuts""}]","false","69","2026-07-22.v1","[""Source confidence 88% (+18)"",""Source class FTS (+7)"",""Urgent timeline (+20)"",""Proximity fit 10% (+3)"",""Strong contact signal (+15)"",""Low-risk actionable contact path (+5)"",""Small job value (+5)"",""Data completeness (+10)"",""Commercial project (+3)"",""Old lead 23d old (-17)""]","[{""reason"":""Source confidence 88% (+18)"",""provenance"":""source""},{""reason"":""Source class FTS (+7)"",""provenance"":""source""},{""reason"":""Urgent timeline (+20)"",""provenance"":""derived""},{""reason"":""Proximity fit 10% (+3)"",""provenance"":""derived""},{""reason"":""Strong contact signal (+15)"",""provenance"":""derived""},{""reason"":""Low-risk actionable contact path (+5)"",""provenance"":""derived""},{""reason"":""Small job value (+5)"",""provenance"":""derived""},{""reason"":""Data completeness (+10)"",""provenance"":""derived""},{""reason"":""Commercial project (+3)"",""provenance"":""derived""},{""reason"":""Old lead 23d old (-17)"",""provenance"":""derived""}]","WATCH","true","Synthetic label for benchmark pipeline validation"
"118","ocds-h6vhtk-06c07f","061405-2026","https://etenderwales.bravosolution.co.uk/web/login.shtml","2026-06-30T15:58:58+01:00","POW-CP-62805 - Provision of Dental Services - Newtown","all","[""85130000""]","[{""path"":""releases[0].tender.classification.id"",""value"":""85130000"",""kind"":""cpv""},{""path"":""releases[0].tender.items[0].additionalClassifications[0].id"",""value"":""85130000"",""kind"":""cpv""}]","East Wales","UK","delivery_nuts","[{""path"":""releases[0].tender.items[0].deliveryAddresses[0].region"",""value"":""UKL24"",""kind"":""delivery_nuts""}]","false","69","2026-07-22.v1","[""Source confidence 88% (+18)"",""Source class FTS (+7)"",""Urgent timeline (+20)"",""Proximity fit 10% (+3)"",""Strong contact signal (+15)"",""Low-risk actionable contact path (+5)"",""Small job value (+5)"",""Data completeness (+10)"",""Commercial project (+3)"",""Old lead 22d old (-17)""]","[{""reason"":""Source confidence 88% (+18)"",""provenance"":""source""},{""reason"":""Source class FTS (+7)"",""provenance"":""source""},{""reason"":""Urgent timeline (+20)"",""provenance"":""derived""},{""reason"":""Proximity fit 10% (+3)"",""provenance"":""derived""},{""reason"":""Strong contact signal (+15)"",""provenance"":""derived""},{""reason"":""Low-risk actionable contact path (+5)"",""provenance"":""derived""},{""reason"":""Small job value (+5)"",""provenance"":""derived""},{""reason"":""Data completeness (+10)"",""provenance"":""derived""},{""reason"":""Commercial project (+3)"",""provenance"":""derived""},{""reason"":""Old lead 22d old (-17)"",""provenance"":""derived""}]","WATCH","true","Synthetic label for benchmark pipeline validation"
"119","ocds-h6vhtk-05d498","055695-2026","https://api.publiccontractsscotland.gov.uk/v1/Notice?id=ocds-r6ebe6-0000814047","2026-06-12T13:09:15+01:00","Mass Spectrometry and Chromatography Equipment","landscaping","[""38433100"",""38432200"",""38432210"",""42980000"",""31161800"",""38433000""]","[{""path"":""releases[0].tender.classification.id"",""value"":""38433100"",""kind"":""cpv""},{""path"":""releases[0].tender.items[0].additionalClassifications[0].id"",""value"":""38432200"",""kind"":""cpv""},{""path"":""releases[0].tender.items[0].additionalClassifications[1].id"",""value"":""38433100"",""kind"":""cpv""},{""path"":""releases[0].tender.items[1].additionalClassifications[0].id"",""value"":""38433100"",""kind"":""cpv""},{""path"":""releases[0].tender.items[2].additionalClassifications[0].id"",""value"":""38432200"",""kind"":""cpv""},{""path"":""releases[0].tender.items[3].additionalClassifications[0].id"",""value"":""38432210"",""kind"":""cpv""},{""path"":""releases[0].tender.items[4].additionalClassifications[0].id"",""value"":""38433100"",""kind"":""cpv""},{""path"":""releases[0].tender.items[4].additionalClassifications[1].id"",""value"":""38432210"",""kind"":""cpv""},{""path"":""releases[0].tender.items[5].additionalClassifications[0].id"",""value"":""42980000"",""kind"":""cpv""},{""path"":""releases[0].tender.items[5].additionalClassifications[1].id"",""value"":""31161800"",""kind"":""cpv""},{""path"":""releases[0].tender.items[6].additionalClassifications[0].id"",""value"":""38433100"",""kind"":""cpv""},{""path"":""releases[0].tender.items[6].additionalClassifications[1].id"",""value"":""38432210"",""kind"":""cpv""},{""path"":""releases[0].tender.items[6].additionalClassifications[2].id"",""value"":""38433000"",""kind"":""cpv""},{""path"":""releases[0].tender.items[7].additionalClassifications[0].id"",""value"":""38433100"",""kind"":""cpv""},{""path"":""releases[0].tender.items[7].additionalClassifications[1].id"",""value"":""38433000"",""kind"":""cpv""},{""path"":""releases[0].tender.items[7].additionalClassifications[2].id"",""value"":""38432200"",""kind"":""cpv""},{""path"":""releases[0].tender.items[7].additionalClassifications[3].id"",""value"":""38432210"",""kind"":""cpv""},{""path"":""releases[0].tender.items[8].additionalClassifications[0].id"",""value"":""42980000"",""kind"":""cpv""}]","UK; United Kingdom","UK","delivery_nuts","[{""path"":""releases[0].tender.items[0].deliveryAddresses[0].region"",""value"":""UK"",""kind"":""delivery_nuts""},{""path"":""releases[0].tender.items[0].deliveryLocation[0].description"",""value"":""United Kingdom"",""kind"":""delivery_locality""},{""path"":""releases[0].tender.items[1].deliveryAddresses[0].region"",""value"":""UK"",""kind"":""delivery_nuts""},{""path"":""releases[0].tender.items[1].deliveryLocation[0].description"",""value"":""United Kingdom"",""kind"":""delivery_locality""},{""path"":""releases[0].tender.items[2].deliveryAddresses[0].region"",""value"":""UK"",""kind"":""delivery_nuts""},{""path"":""releases[0].tender.items[3].deliveryAddresses[0].region"",""value"":""UK"",""kind"":""delivery_nuts""},{""path"":""releases[0].tender.items[3].deliveryLocation[0].description"",""value"":""United Kingdom"",""kind"":""delivery_locality""},{""path"":""releases[0].tender.items[4].deliveryAddresses[0].region"",""value"":""UK"",""kind"":""delivery_nuts""},{""path"":""releases[0].tender.items[4].deliveryLocation[0].description"",""value"":""United Kingdom"",""kind"":""delivery_locality""},{""path"":""releases[0].tender.items[5].deliveryAddresses[0].region"",""value"":""UK"",""kind"":""delivery_nuts""},{""path"":""releases[0].tender.items[5].deliveryLocation[0].description"",""value"":""United Kingdom"",""kind"":""delivery_locality""},{""path"":""releases[0].tender.items[6].deliveryAddresses[0].region"",""value"":""UK"",""kind"":""delivery_nuts""},{""path"":""releases[0].tender.items[6].deliveryLocation[0].description"",""value"":""United Kingdom"",""kind"":""delivery_locality""},{""path"":""releases[0].tender.items[7].deliveryAddresses[0].region"",""value"":""UK"",""kind"":""delivery_nuts""},{""path"":""releases[0].tender.items[7].deliveryLocation[0].description"",""value"":""United Kingdom"",""kind"":""delivery_locality""},{""path"":""releases[0].tender.items[8].deliveryAddresses[0].region"",""value"":""UK"",""kind"":""delivery_nuts""},{""path"":""releases[0].tender.items[8].deliveryLocation[0].description"",""value"":""United Kingdom"",""kind"":""delivery_locality""}]","false","68","2026-07-22.v1","[""Source confidence 88% (+18)"",""Source class FTS (+7)"",""Urgent timeline (+20)"",""Proximity fit 10% (+3)"",""Strong contact signal (+15)"",""Low-risk actionable contact path (+5)"",""Small job value (+5)"",""High intent keywords: repair (+5)"",""Data completeness (+10)"",""Commercial project (+3)"",""Very old lead 40d old (-23)""]","[{""reason"":""Source confidence 88% (+18)"",""provenance"":""source""},{""reason"":""Source class FTS (+7)"",""provenance"":""source""},{""reason"":""Urgent timeline (+20)"",""provenance"":""derived""},{""reason"":""Proximity fit 10% (+3)"",""provenance"":""derived""},{""reason"":""Strong contact signal (+15)"",""provenance"":""derived""},{""reason"":""Low-risk actionable contact path (+5)"",""provenance"":""derived""},{""reason"":""Small job value (+5)"",""provenance"":""derived""},{""reason"":""High intent keywords: repair (+5)"",""provenance"":""derived""},{""reason"":""Data completeness (+10)"",""provenance"":""derived""},{""reason"":""Commercial project (+3)"",""provenance"":""derived""},{""reason"":""Very old lead 40d old (-23)"",""provenance"":""derived""}]","WATCH","true","Synthetic label for benchmark pipeline validation"
"120","ocds-h6vhtk-06c6a4","064328-2026","http://www.theenergyspecialists.co.uk","2026-07-08T15:27:18+01:00","Procurement of Electricity Supplies","electrical","[""09310000""]","[{""path"":""releases[0].tender.classification.id"",""value"":""09310000"",""kind"":""cpv""},{""path"":""releases[0].tender.items[0].additionalClassifications[0].id"",""value"":""09310000"",""kind"":""cpv""},{""path"":""releases[0].tender.items[1].additionalClassifications[0].id"",""value"":""09310000"",""kind"":""cpv""}]","Yorkshire and the Humber","UK","delivery_nuts","[{""path"":""releases[0].tender.items[0].deliveryAddresses[0].region"",""value"":""UKE"",""kind"":""delivery_nuts""},{""path"":""releases[0].tender.items[1].deliveryAddresses[0].region"",""value"":""UKE"",""kind"":""delivery_nuts""}]","false","68","2026-07-22.v1","[""Source confidence 88% (+18)"",""Source class FTS (+7)"",""Medium urgency (+12)"",""Proximity fit 10% (+3)"",""Strong contact signal (+15)"",""Low-risk actionable contact path (+5)"",""Small job value (+5)"",""Data completeness (+10)"",""Commercial project (+3)"",""Old lead 14d old (-10)""]","[{""reason"":""Source confidence 88% (+18)"",""provenance"":""source""},{""reason"":""Source class FTS (+7)"",""provenance"":""source""},{""reason"":""Medium urgency (+12)"",""provenance"":""derived""},{""reason"":""Proximity fit 10% (+3)"",""provenance"":""derived""},{""reason"":""Strong contact signal (+15)"",""provenance"":""derived""},{""reason"":""Low-risk actionable contact path (+5)"",""provenance"":""derived""},{""reason"":""Small job value (+5)"",""provenance"":""derived""},{""reason"":""Data completeness (+10)"",""provenance"":""derived""},{""reason"":""Commercial project (+3)"",""provenance"":""derived""},{""reason"":""Old lead 14d old (-10)"",""provenance"":""derived""}]","WATCH","true","Synthetic label for benchmark pipeline validation"
"121","ocds-h6vhtk-06c6a5","064329-2026","http://www.theenergyspecialists.co.uk","2026-07-08T15:27:32+01:00","Procurement of Gas Supplies","all","[""09123000""]","[{""path"":""releases[0].tender.classification.id"",""value"":""09123000"",""kind"":""cpv""}]","Yorkshire and the Humber","UK","delivery_nuts","[{""path"":""releases[0].tender.items[0].deliveryAddresses[0].region"",""value"":""UKE"",""kind"":""delivery_nuts""}]","false","68","2026-07-22.v1","[""Source confidence 88% (+18)"",""Source class FTS (+7)"",""Medium urgency (+12)"",""Proximity fit 10% (+3)"",""Strong contact signal (+15)"",""Low-risk actionable contact path (+5)"",""Small job value (+5)"",""Data completeness (+10)"",""Commercial project (+3)"",""Old lead 14d old (-10)""]","[{""reason"":""Source confidence 88% (+18)"",""provenance"":""source""},{""reason"":""Source class FTS (+7)"",""provenance"":""source""},{""reason"":""Medium urgency (+12)"",""provenance"":""derived""},{""reason"":""Proximity fit 10% (+3)"",""provenance"":""derived""},{""reason"":""Strong contact signal (+15)"",""provenance"":""derived""},{""reason"":""Low-risk actionable contact path (+5)"",""provenance"":""derived""},{""reason"":""Small job value (+5)"",""provenance"":""derived""},{""reason"":""Data completeness (+10)"",""provenance"":""derived""},{""reason"":""Commercial project (+3)"",""provenance"":""derived""},{""reason"":""Old lead 14d old (-10)"",""provenance"":""derived""}]","WATCH","true","Synthetic label for benchmark pipeline validation"
"122","ocds-h6vhtk-06c74e","064617-2026","https://api.publiccontractsscotland.gov.uk/v1/Notice?id=ocds-r6ebe6-0000836985","2026-07-09T11:38:59+01:00","NHSL655-26 South ADP Assertive Outreach Service","all","[""85000000""]","[{""path"":""releases[0].tender.classification.id"",""value"":""85000000"",""kind"":""cpv""},{""path"":""releases[0].tender.items[0].additionalClassifications[0].id"",""value"":""85000000"",""kind"":""cpv""}]","UKM8; South Lanarkshire Wide","UK","delivery_nuts","[{""path"":""releases[0].tender.items[0].deliveryAddresses[0].region"",""value"":""UKM8"",""kind"":""delivery_nuts""},{""path"":""releases[0].tender.items[0].deliveryLocation[0].description"",""value"":""South Lanarkshire Wide"",""kind"":""delivery_locality""}]","false","68","2026-07-22.v1","[""Source confidence 88% (+18)"",""Source class FTS (+7)"",""Medium urgency (+12)"",""Proximity fit 10% (+3)"",""Strong contact signal (+15)"",""Low-risk actionable contact path (+5)"",""Small job value (+5)"",""Data completeness (+10)"",""Commercial project (+3)"",""Stale lead 13d old (-10)""]","[{""reason"":""Source confidence 88% (+18)"",""provenance"":""source""},{""reason"":""Source class FTS (+7)"",""provenance"":""source""},{""reason"":""Medium urgency (+12)"",""provenance"":""derived""},{""reason"":""Proximity fit 10% (+3)"",""provenance"":""derived""},{""reason"":""Strong contact signal (+15)"",""provenance"":""derived""},{""reason"":""Low-risk actionable contact path (+5)"",""provenance"":""derived""},{""reason"":""Small job value (+5)"",""provenance"":""derived""},{""reason"":""Data completeness (+10)"",""provenance"":""derived""},{""reason"":""Commercial project (+3)"",""provenance"":""derived""},{""reason"":""Stale lead 13d old (-10)"",""provenance"":""derived""}]","WATCH","true","Synthetic label for benchmark pipeline validation"
"123","ocds-h6vhtk-05e7c7","063676-2026","https://procontract.due-north.com/Advert/Index?advertId=11fddac1-f579-f111-813c-005056b64545","2026-07-07T14:15:53+01:00","Community Drug and Alcohol Treatment & Recovery Service (Adults)","all","[""85120000"",""85110000"",""85140000"",""85322000"",""85323000""]","[{""path"":""releases[0].tender.classification.id"",""value"":""85120000"",""kind"":""cpv""},{""path"":""releases[0].tender.items[0].additionalClassifications[0].id"",""value"":""85110000"",""kind"":""cpv""},{""path"":""releases[0].tender.items[0].additionalClassifications[1].id"",""value"":""85140000"",""kind"":""cpv""},{""path"":""releases[0].tender.items[0].additionalClassifications[2].id"",""value"":""85322000"",""kind"":""cpv""},{""path"":""releases[0].tender.items[0].additionalClassifications[3].id"",""value"":""85323000"",""kind"":""cpv""}]","Outer London South","UK","delivery_nuts","[{""path"":""releases[0].tender.items[0].deliveryAddresses[0].region"",""value"":""UKI63"",""kind"":""delivery_nuts""}]","false","67","2026-07-22.v1","[""Source confidence 88% (+18)"",""Source class FTS (+7)"",""Medium urgency (+12)"",""Proximity fit 10% (+3)"",""Strong contact signal (+15)"",""Low-risk actionable contact path (+5)"",""Small job value (+5)"",""Data completeness (+10)"",""Commercial project (+3)"",""Old lead 15d old (-11)""]","[{""reason"":""Source confidence 88% (+18)"",""provenance"":""source""},{""reason"":""Source class FTS (+7)"",""provenance"":""source""},{""reason"":""Medium urgency (+12)"",""provenance"":""derived""},{""reason"":""Proximity fit 10% (+3)"",""provenance"":""derived""},{""reason"":""Strong contact signal (+15)"",""provenance"":""derived""},{""reason"":""Low-risk actionable contact path (+5)"",""provenance"":""derived""},{""reason"":""Small job value (+5)"",""provenance"":""derived""},{""reason"":""Data completeness (+10)"",""provenance"":""derived""},{""reason"":""Commercial project (+3)"",""provenance"":""derived""},{""reason"":""Old lead 15d old (-11)"",""provenance"":""derived""}]","WATCH","true","Synthetic label for benchmark pipeline validation"
"124","ocds-h6vhtk-05f550","063865-2026","https://procontract.due-north.com/Advert/Index?advertId=1763487d-fed1-f011-813a-005056b64545","2026-07-07T17:28:57+01:00","0-19 Health Visiting and School Nursing services","all","[""85300000"",""85100000""]","[{""path"":""releases[0].tender.classification.id"",""value"":""85300000"",""kind"":""cpv""},{""path"":""releases[0].tender.items[0].additionalClassifications[0].id"",""value"":""85100000"",""kind"":""cpv""}]","Outer London South","UK","delivery_nuts","[{""path"":""releases[0].tender.items[0].deliveryAddresses[0].region"",""value"":""UKI63"",""kind"":""delivery_nuts""}]","false","67","2026-07-22.v1","[""Source confidence 88% (+18)"",""Source class FTS (+7)"",""Medium urgency (+12)"",""Proximity fit 10% (+3)"",""Strong contact signal (+15)"",""Low-risk actionable contact path (+5)"",""Small job value (+5)"",""Data completeness (+10)"",""Commercial project (+3)"",""Old lead 15d old (-11)""]","[{""reason"":""Source confidence 88% (+18)"",""provenance"":""source""},{""reason"":""Source class FTS (+7)"",""provenance"":""source""},{""reason"":""Medium urgency (+12)"",""provenance"":""derived""},{""reason"":""Proximity fit 10% (+3)"",""provenance"":""derived""},{""reason"":""Strong contact signal (+15)"",""provenance"":""derived""},{""reason"":""Low-risk actionable contact path (+5)"",""provenance"":""derived""},{""reason"":""Small job value (+5)"",""provenance"":""derived""},{""reason"":""Data completeness (+10)"",""provenance"":""derived""},{""reason"":""Commercial project (+3)"",""provenance"":""derived""},{""reason"":""Old lead 15d old (-11)"",""provenance"":""derived""}]","WATCH","true","Synthetic label for benchmark pipeline validation"
"125","ocds-h6vhtk-06bc83","059584-2026","https://api.publiccontractsscotland.gov.uk/v1/Notice?id=ocds-r6ebe6-0000835563","2026-06-24T16:28:07+01:00","Children with Disabilities Social Inclusion Framework","all","[""85310000"",""85300000"",""85000000""]","[{""path"":""releases[0].tender.classification.id"",""value"":""85310000"",""kind"":""cpv""},{""path"":""releases[0].tender.items[0].additionalClassifications[0].id"",""value"":""85300000"",""kind"":""cpv""},{""path"":""releases[0].tender.items[0].additionalClassifications[1].id"",""value"":""85000000"",""kind"":""cpv""}]","UKM77; Stirling","UK","delivery_nuts","[{""path"":""releases[0].tender.items[0].deliveryAddresses[0].region"",""value"":""UKM77"",""kind"":""delivery_nuts""},{""path"":""releases[0].tender.items[0].deliveryLocation[0].description"",""value"":""Stirling"",""kind"":""delivery_locality""}]","false","67","2026-07-22.v1","[""Source confidence 88% (+18)"",""Source class FTS (+7)"",""Medium urgency (+12)"",""Proximity fit 60% (+18)"",""Strong contact signal (+15)"",""Low-risk actionable contact path (+5)"",""Low/unknown value (+0)"",""Data completeness (+10)"",""Commercial project (+3)"",""Old lead 28d old (-21)""]","[{""reason"":""Source confidence 88% (+18)"",""provenance"":""source""},{""reason"":""Source class FTS (+7)"",""provenance"":""source""},{""reason"":""Medium urgency (+12)"",""provenance"":""derived""},{""reason"":""Proximity fit 60% (+18)"",""provenance"":""derived""},{""reason"":""Strong contact signal (+15)"",""provenance"":""derived""},{""reason"":""Low-risk actionable contact path (+5)"",""provenance"":""derived""},{""reason"":""Low/unknown value (+0)"",""provenance"":""derived""},{""reason"":""Data completeness (+10)"",""provenance"":""derived""},{""reason"":""Commercial project (+3)"",""provenance"":""derived""},{""reason"":""Old lead 28d old (-21)"",""provenance"":""derived""}]","WATCH","true","Synthetic label for benchmark pipeline validation"
"126","ocds-h6vhtk-06bc85","059586-2026","https://api.publiccontractsscotland.gov.uk/v1/Notice?id=ocds-r6ebe6-0000835440","2026-06-24T16:29:17+01:00","Children with Disabilities Care and Support Framework","all","[""85310000"",""85300000"",""85000000"",""85311000"",""85312000""]","[{""path"":""releases[0].tender.classification.id"",""value"":""85310000"",""kind"":""cpv""},{""path"":""releases[0].tender.items[0].additionalClassifications[0].id"",""value"":""85300000"",""kind"":""cpv""},{""path"":""releases[0].tender.items[0].additionalClassifications[1].id"",""value"":""85000000"",""kind"":""cpv""},{""path"":""releases[0].tender.items[0].additionalClassifications[2].id"",""value"":""85311000"",""kind"":""cpv""},{""path"":""releases[0].tender.items[0].additionalClassifications[3].id"",""value"":""85312000"",""kind"":""cpv""}]","UKM77; Stirling","UK","delivery_nuts","[{""path"":""releases[0].tender.items[0].deliveryAddresses[0].region"",""value"":""UKM77"",""kind"":""delivery_nuts""},{""path"":""releases[0].tender.items[0].deliveryLocation[0].description"",""value"":""Stirling"",""kind"":""delivery_locality""}]","false","67","2026-07-22.v1","[""Source confidence 88% (+18)"",""Source class FTS (+7)"",""Medium urgency (+12)"",""Proximity fit 60% (+18)"",""Strong contact signal (+15)"",""Low-risk actionable contact path (+5)"",""Low/unknown value (+0)"",""Data completeness (+10)"",""Commercial project (+3)"",""Old lead 28d old (-21)""]","[{""reason"":""Source confidence 88% (+18)"",""provenance"":""source""},{""reason"":""Source class FTS (+7)"",""provenance"":""source""},{""reason"":""Medium urgency (+12)"",""provenance"":""derived""},{""reason"":""Proximity fit 60% (+18)"",""provenance"":""derived""},{""reason"":""Strong contact signal (+15)"",""provenance"":""derived""},{""reason"":""Low-risk actionable contact path (+5)"",""provenance"":""derived""},{""reason"":""Low/unknown value (+0)"",""provenance"":""derived""},{""reason"":""Data completeness (+10)"",""provenance"":""derived""},{""reason"":""Commercial project (+3)"",""provenance"":""derived""},{""reason"":""Old lead 28d old (-21)"",""provenance"":""derived""}]","WATCH","true","Synthetic label for benchmark pipeline validation"
"127","ocds-h6vhtk-06cbf7","066782-2026","https://api.publiccontractsscotland.gov.uk/v1/Notice?id=ocds-r6ebe6-0000837444","2026-07-15T13:37:53+01:00","Framework Agreement for the Provision of Pest Control Services","all","[""90922000"",""90921000"",""90923000"",""90924000"",""77231200""]","[{""path"":""releases[0].tender.classification.id"",""value"":""90922000"",""kind"":""cpv""},{""path"":""releases[0].tender.items[0].additionalClassifications[0].id"",""value"":""90921000"",""kind"":""cpv""},{""path"":""releases[0].tender.items[0].additionalClassifications[1].id"",""value"":""90923000"",""kind"":""cpv""},{""path"":""releases[0].tender.items[0].additionalClassifications[2].id"",""value"":""90924000"",""kind"":""cpv""},{""path"":""releases[0].tender.items[0].additionalClassifications[3].id"",""value"":""77231200"",""kind"":""cpv""}]","UKM; Across Tayside","UK","delivery_nuts","[{""path"":""releases[0].tender.items[0].deliveryAddresses[0].region"",""value"":""UKM"",""kind"":""delivery_nuts""},{""path"":""releases[0].tender.items[0].deliveryLocation[0].description"",""value"":""Across Tayside"",""kind"":""delivery_locality""}]","false","67","2026-07-22.v1","[""Source confidence 88% (+18)"",""Source class FTS (+7)"",""Lower urgency (+4)"",""Proximity fit 10% (+3)"",""Strong contact signal (+15)"",""Low-risk actionable contact path (+5)"",""Low/unknown value (+0)"",""High intent keywords: emergency (+5)"",""Data completeness (+10)"",""Stale lead 7d old (-0)""]","[{""reason"":""Source confidence 88% (+18)"",""provenance"":""source""},{""reason"":""Source class FTS (+7)"",""provenance"":""source""},{""reason"":""Lower urgency (+4)"",""provenance"":""derived""},{""reason"":""Proximity fit 10% (+3)"",""provenance"":""derived""},{""reason"":""Strong contact signal (+15)"",""provenance"":""derived""},{""reason"":""Low-risk actionable contact path (+5)"",""provenance"":""derived""},{""reason"":""Low/unknown value (+0)"",""provenance"":""derived""},{""reason"":""High intent keywords: emergency (+5)"",""provenance"":""derived""},{""reason"":""Data completeness (+10)"",""provenance"":""derived""},{""reason"":""Stale lead 7d old (-0)"",""provenance"":""derived""}]","WATCH","true","Synthetic label for benchmark pipeline validation"
"128","ocds-h6vhtk-06873c","063362-2026","https://atamis-1928.my.site.com/s/Welcome","2026-07-06T16:59:31+01:00","Sight testing and dispensing of spectacles to CYP with Special Educational Needs and Disabilities in Special Educational Settings in the West Midlands (6 Lots)","all","[""85160000""]","[{""path"":""releases[0].tender.classification.id"",""value"":""85160000"",""kind"":""cpv""},{""path"":""releases[0].tender.items[0].additionalClassifications[0].id"",""value"":""85160000"",""kind"":""cpv""},{""path"":""releases[0].tender.items[1].additionalClassifications[0].id"",""value"":""85160000"",""kind"":""cpv""},{""path"":""releases[0].tender.items[2].additionalClassifications[0].id"",""value"":""85160000"",""kind"":""cpv""},{""path"":""releases[0].tender.items[3].additionalClassifications[0].id"",""value"":""85160000"",""kind"":""cpv""},{""path"":""releases[0].tender.items[4].additionalClassifications[0].id"",""value"":""85160000"",""kind"":""cpv""},{""path"":""releases[0].tender.items[5].additionalClassifications[0].id"",""value"":""85160000"",""kind"":""cpv""}]","UKG3; UKG33; UKG1; UKG2","UK","delivery_nuts","[{""path"":""releases[0].tender.items[0].deliveryAddresses[0].region"",""value"":""UKG3"",""kind"":""delivery_nuts""},{""path"":""releases[0].tender.items[1].deliveryAddresses[0].region"",""value"":""UKG3"",""kind"":""delivery_nuts""},{""path"":""releases[0].tender.items[2].deliveryAddresses[0].region"",""value"":""UKG33"",""kind"":""delivery_nuts""},{""path"":""releases[0].tender.items[3].deliveryAddresses[0].region"",""value"":""UKG1"",""kind"":""delivery_nuts""},{""path"":""releases[0].tender.items[4].deliveryAddresses[0].region"",""value"":""UKG2"",""kind"":""delivery_nuts""},{""path"":""releases[0].tender.items[5].deliveryAddresses[0].region"",""value"":""UKG2"",""kind"":""delivery_nuts""}]","false","66","2026-07-22.v1","[""Source confidence 88% (+18)"",""Source class FTS (+7)"",""Urgent timeline (+20)"",""Proximity fit 10% (+3)"",""Strong contact signal (+15)"",""Low-risk actionable contact path (+5)"",""Small job value (+5)"",""Ghost/spam signal: test (-8)"",""Data completeness (+10)"",""Commercial project (+3)"",""Old lead 16d old (-12)""]","[{""reason"":""Source confidence 88% (+18)"",""provenance"":""source""},{""reason"":""Source class FTS (+7)"",""provenance"":""source""},{""reason"":""Urgent timeline (+20)"",""provenance"":""derived""},{""reason"":""Proximity fit 10% (+3)"",""provenance"":""derived""},{""reason"":""Strong contact signal (+15)"",""provenance"":""derived""},{""reason"":""Low-risk actionable contact path (+5)"",""provenance"":""derived""},{""reason"":""Small job value (+5)"",""provenance"":""derived""},{""reason"":""Ghost/spam signal: test (-8)"",""provenance"":""derived""},{""reason"":""Data completeness (+10)"",""provenance"":""derived""},{""reason"":""Commercial project (+3)"",""provenance"":""derived""},{""reason"":""Old lead 16d old (-12)"",""provenance"":""derived""}]","WATCH","true","Synthetic label for benchmark pipeline validation"
"129","ocds-h6vhtk-06b9af","058324-2026","https://api.publiccontractsscotland.gov.uk/v1/Notice?id=ocds-r6ebe6-0000834989","2026-06-22T09:17:15+01:00","EVCP END TO END OPERATOR","electrical","[""72267100"",""65320000""]","[{""path"":""releases[0].tender.classification.id"",""value"":""72267100"",""kind"":""cpv""},{""path"":""releases[0].tender.items[0].additionalClassifications[0].id"",""value"":""65320000"",""kind"":""cpv""}]","UKM; Central Belt and Dumfries and Galloway","UK","delivery_nuts","[{""path"":""releases[0].tender.items[0].deliveryAddresses[0].region"",""value"":""UKM"",""kind"":""delivery_nuts""},{""path"":""releases[0].tender.items[0].deliveryLocation[0].description"",""value"":""Central Belt and Dumfries and Galloway"",""kind"":""delivery_locality""}]","false","66","2026-07-22.v1","[""Source confidence 88% (+18)"",""Source class FTS (+7)"",""Urgent timeline (+20)"",""Proximity fit 10% (+3)"",""Strong contact signal (+15)"",""Low-risk actionable contact path (+5)"",""Small job value (+5)"",""Data completeness (+10)"",""Commercial project (+3)"",""Very old lead 31d old (-20)""]","[{""reason"":""Source confidence 88% (+18)"",""provenance"":""source""},{""reason"":""Source class FTS (+7)"",""provenance"":""source""},{""reason"":""Urgent timeline (+20)"",""provenance"":""derived""},{""reason"":""Proximity fit 10% (+3)"",""provenance"":""derived""},{""reason"":""Strong contact signal (+15)"",""provenance"":""derived""},{""reason"":""Low-risk actionable contact path (+5)"",""provenance"":""derived""},{""reason"":""Small job value (+5)"",""provenance"":""derived""},{""reason"":""Data completeness (+10)"",""provenance"":""derived""},{""reason"":""Commercial project (+3)"",""provenance"":""derived""},{""reason"":""Very old lead 31d old (-20)"",""provenance"":""derived""}]","WATCH","true","Synthetic label for benchmark pipeline validation"
"130","ocds-h6vhtk-06ba74","058671-2026","https://api.publiccontractsscotland.gov.uk/v1/Notice?id=ocds-r6ebe6-0000835273","2026-06-22T16:38:20+01:00","Waste Management Services","all","[""90514000""]","[{""path"":""releases[0].tender.classification.id"",""value"":""90514000"",""kind"":""cpv""},{""path"":""releases[0].tender.items[0].additionalClassifications[0].id"",""value"":""90514000"",""kind"":""cpv""}]","UKM; Central Belt and Dumfries and Galloway","UK","delivery_nuts","[{""path"":""releases[0].tender.items[0].deliveryAddresses[0].region"",""value"":""UKM"",""kind"":""delivery_nuts""},{""path"":""releases[0].tender.items[0].deliveryLocation[0].description"",""value"":""Central Belt and Dumfries and Galloway"",""kind"":""delivery_locality""}]","false","66","2026-07-22.v1","[""Source confidence 88% (+18)"",""Source class FTS (+7)"",""Urgent timeline (+20)"",""Proximity fit 10% (+3)"",""Strong contact signal (+15)"",""Low-risk actionable contact path (+5)"",""Small job value (+5)"",""Data completeness (+10)"",""Commercial project (+3)"",""Very old lead 30d old (-20)""]","[{""reason"":""Source confidence 88% (+18)"",""provenance"":""source""},{""reason"":""Source class FTS (+7)"",""provenance"":""source""},{""reason"":""Urgent timeline (+20)"",""provenance"":""derived""},{""reason"":""Proximity fit 10% (+3)"",""provenance"":""derived""},{""reason"":""Strong contact signal (+15)"",""provenance"":""derived""},{""reason"":""Low-risk actionable contact path (+5)"",""provenance"":""derived""},{""reason"":""Small job value (+5)"",""provenance"":""derived""},{""reason"":""Data completeness (+10)"",""provenance"":""derived""},{""reason"":""Commercial project (+3)"",""provenance"":""derived""},{""reason"":""Very old lead 30d old (-20)"",""provenance"":""derived""}]","WATCH","true","Synthetic label for benchmark pipeline validation"
"131","ocds-h6vhtk-06bdcc","060168-2026","https://api.publiccontractsscotland.gov.uk/v1/Notice?id=ocds-r6ebe6-0000835745","2026-06-26T10:40:02+01:00","Seat Refresh Project","all","[""19243000""]","[{""path"":""releases[0].tender.classification.id"",""value"":""19243000"",""kind"":""cpv""},{""path"":""releases[0].tender.items[0].additionalClassifications[0].id"",""value"":""19243000"",""kind"":""cpv""}]","UKM; works to be carried out at Polmadie Depot","UK","delivery_nuts","[{""path"":""releases[0].tender.items[0].deliveryAddresses[0].region"",""value"":""UKM"",""kind"":""delivery_nuts""},{""path"":""releases[0].tender.items[0].deliveryLocation[0].description"",""value"":""works to be carried out at Polmadie Depot"",""kind"":""delivery_locality""}]","false","66","2026-07-22.v1","[""Source confidence 88% (+18)"",""Source class FTS (+7)"",""Urgent timeline (+20)"",""Proximity fit 10% (+3)"",""Strong contact signal (+15)"",""Low-risk actionable contact path (+5)"",""Small job value (+5)"",""Data completeness (+10)"",""Commercial project (+3)"",""Old lead 26d old (-20)""]","[{""reason"":""Source confidence 88% (+18)"",""provenance"":""source""},{""reason"":""Source class FTS (+7)"",""provenance"":""source""},{""reason"":""Urgent timeline (+20)"",""provenance"":""derived""},{""reason"":""Proximity fit 10% (+3)"",""provenance"":""derived""},{""reason"":""Strong contact signal (+15)"",""provenance"":""derived""},{""reason"":""Low-risk actionable contact path (+5)"",""provenance"":""derived""},{""reason"":""Small job value (+5)"",""provenance"":""derived""},{""reason"":""Data completeness (+10)"",""provenance"":""derived""},{""reason"":""Commercial project (+3)"",""provenance"":""derived""},{""reason"":""Old lead 26d old (-20)"",""provenance"":""derived""}]","WATCH","true","Synthetic label for benchmark pipeline validation"
"132","ocds-h6vhtk-06c41c","063114-2026","https://health-family.force.com/s/Welcome","2026-07-06T10:36:07+01:00","NHSE1086 - Area Based Urgent Dental Treatment Service (AUDT)","all","[""85130000""]","[{""path"":""releases[0].tender.classification.id"",""value"":""85130000"",""kind"":""cpv""},{""path"":""releases[0].tender.items[0].additionalClassifications[0].id"",""value"":""85130000"",""kind"":""cpv""},{""path"":""releases[0].tender.items[1].additionalClassifications[0].id"",""value"":""85130000"",""kind"":""cpv""},{""path"":""releases[0].tender.items[2].additionalClassifications[0].id"",""value"":""85130000"",""kind"":""cpv""},{""path"":""releases[0].tender.items[3].additionalClassifications[0].id"",""value"":""85130000"",""kind"":""cpv""},{""path"":""releases[0].tender.items[4].additionalClassifications[0].id"",""value"":""85130000"",""kind"":""cpv""},{""path"":""releases[0].tender.items[5].additionalClassifications[0].id"",""value"":""85130000"",""kind"":""cpv""},{""path"":""releases[0].tender.items[6].additionalClassifications[0].id"",""value"":""85130000"",""kind"":""cpv""},{""path"":""releases[0].tender.items[7].additionalClassifications[0].id"",""value"":""85130000"",""kind"":""cpv""},{""path"":""releases[0].tender.items[8].additionalClassifications[0].id"",""value"":""85130000"",""kind"":""cpv""}]","UKE; Hull and East Riding; York and Selby; Yorkshire Coast; Hambleton, Richmond, Harrogate and Craven; Leeds; Bradford; Wakefield; Calderdale; Kirklees","UK","delivery_nuts","[{""path"":""releases[0].tender.items[0].deliveryAddresses[0].region"",""value"":""UKE"",""kind"":""delivery_nuts""},{""path"":""releases[0].tender.items[0].deliveryLocation[0].description"",""value"":""Hull and East Riding"",""kind"":""delivery_locality""},{""path"":""releases[0].tender.items[1].deliveryAddresses[0].region"",""value"":""UKE"",""kind"":""delivery_nuts""},{""path"":""releases[0].tender.items[1].deliveryLocation[0].description"",""value"":""York and Selby"",""kind"":""delivery_locality""},{""path"":""releases[0].tender.items[2].deliveryAddresses[0].region"",""value"":""UKE"",""kind"":""delivery_nuts""},{""path"":""releases[0].tender.items[2].deliveryLocation[0].description"",""value"":""Yorkshire Coast"",""kind"":""delivery_locality""},{""path"":""releases[0].tender.items[3].deliveryAddresses[0].region"",""value"":""UKE"",""kind"":""delivery_nuts""},{""path"":""releases[0].tender.items[3].deliveryLocation[0].description"",""value"":""Hambleton, Richmond, Harrogate and Craven"",""kind"":""delivery_locality""},{""path"":""releases[0].tender.items[4].deliveryAddresses[0].region"",""value"":""UKE"",""kind"":""delivery_nuts""},{""path"":""releases[0].tender.items[4].deliveryLocation[0].description"",""value"":""Leeds"",""kind"":""delivery_locality""},{""path"":""releases[0].tender.items[5].deliveryAddresses[0].region"",""value"":""UKE"",""kind"":""delivery_nuts""},{""path"":""releases[0].tender.items[5].deliveryLocation[0].description"",""value"":""Bradford"",""kind"":""delivery_locality""},{""path"":""releases[0].tender.items[6].deliveryAddresses[0].region"",""value"":""UKE"",""kind"":""delivery_nuts""},{""path"":""releases[0].tender.items[6].deliveryLocation[0].description"",""value"":""Wakefield"",""kind"":""delivery_locality""},{""path"":""releases[0].tender.items[7].deliveryAddresses[0].region"",""value"":""UKE"",""kind"":""delivery_nuts""},{""path"":""releases[0].tender.items[7].deliveryLocation[0].description"",""value"":""Calderdale"",""kind"":""delivery_locality""},{""path"":""releases[0].tender.items[8].deliveryAddresses[0].region"",""value"":""UKE"",""kind"":""delivery_nuts""},{""path"":""releases[0].tender.items[8].deliveryLocation[0].description"",""value"":""Kirklees"",""kind"":""delivery_locality""}]","false","66","2026-07-22.v1","[""Source confidence 88% (+18)"",""Source class FTS (+7)"",""Medium urgency (+12)"",""Proximity fit 10% (+3)"",""Strong contact signal (+15)"",""Low-risk actionable contact path (+5)"",""Low/unknown value (+0)"",""High intent keywords: urgent (+5)"",""Data completeness (+10)"",""Commercial project (+3)"",""Old lead 16d old (-12)""]","[{""reason"":""Source confidence 88% (+18)"",""provenance"":""source""},{""reason"":""Source class FTS (+7)"",""provenance"":""source""},{""reason"":""Medium urgency (+12)"",""provenance"":""derived""},{""reason"":""Proximity fit 10% (+3)"",""provenance"":""derived""},{""reason"":""Strong contact signal (+15)"",""provenance"":""derived""},{""reason"":""Low-risk actionable contact path (+5)"",""provenance"":""derived""},{""reason"":""Low/unknown value (+0)"",""provenance"":""derived""},{""reason"":""High intent keywords: urgent (+5)"",""provenance"":""derived""},{""reason"":""Data completeness (+10)"",""provenance"":""derived""},{""reason"":""Commercial project (+3)"",""provenance"":""derived""},{""reason"":""Old lead 16d old (-12)"",""provenance"":""derived""}]","WATCH","true","Synthetic label for benchmark pipeline validation"
"133","ocds-h6vhtk-06c479","063275-2026","https://api.publiccontractsscotland.gov.uk/v1/Notice?id=ocds-r6ebe6-0000836586","2026-07-06T15:23:34+01:00","Statutory Maintenance and Reactive Repairs of Powered Pedestrian Access Doors  (including Reactive Repairs to Door Entry and Access Control Systems)","all","[""50700000"",""50000000"",""44221200""]","[{""path"":""releases[0].tender.classification.id"",""value"":""50700000"",""kind"":""cpv""},{""path"":""releases[0].tender.items[0].additionalClassifications[0].id"",""value"":""50000000"",""kind"":""cpv""},{""path"":""releases[0].tender.items[0].additionalClassifications[1].id"",""value"":""44221200"",""kind"":""cpv""}]","UKM83; Renfrewshire","UK","delivery_nuts","[{""path"":""releases[0].tender.items[0].deliveryAddresses[0].region"",""value"":""UKM83"",""kind"":""delivery_nuts""},{""path"":""releases[0].tender.items[0].deliveryLocation[0].description"",""value"":""Renfrewshire"",""kind"":""delivery_locality""}]","false","66","2026-07-22.v1","[""Source confidence 88% (+18)"",""Source class FTS (+7)"",""Medium urgency (+12)"",""Proximity fit 10% (+3)"",""Strong contact signal (+15)"",""Low-risk actionable contact path (+5)"",""Low/unknown value (+0)"",""High intent keywords: repair (+5)"",""Data completeness (+10)"",""Commercial project (+3)"",""Old lead 16d old (-12)""]","[{""reason"":""Source confidence 88% (+18)"",""provenance"":""source""},{""reason"":""Source class FTS (+7)"",""provenance"":""source""},{""reason"":""Medium urgency (+12)"",""provenance"":""derived""},{""reason"":""Proximity fit 10% (+3)"",""provenance"":""derived""},{""reason"":""Strong contact signal (+15)"",""provenance"":""derived""},{""reason"":""Low-risk actionable contact path (+5)"",""provenance"":""derived""},{""reason"":""Low/unknown value (+0)"",""provenance"":""derived""},{""reason"":""High intent keywords: repair (+5)"",""provenance"":""derived""},{""reason"":""Data completeness (+10)"",""provenance"":""derived""},{""reason"":""Commercial project (+3)"",""provenance"":""derived""},{""reason"":""Old lead 16d old (-12)"",""provenance"":""derived""}]","WATCH","true","Synthetic label for benchmark pipeline validation"
"134","ocds-h6vhtk-06c4a1","063355-2026","https://portal.us.bn.cloud.ariba.com/dashboard/public/appext/comsapsbncdiscoveryui#/RfxEvent/preview/1110017509?anId=ANONYMOUS","2026-07-06T16:50:10+01:00","The Provision of an Enhanced Primary Care Mental Health Service for Asylum Seekers in Salford","all","[""85120000"",""85121100"",""85141000""]","[{""path"":""releases[0].tender.classification.id"",""value"":""85120000"",""kind"":""cpv""},{""path"":""releases[0].tender.items[0].additionalClassifications[0].id"",""value"":""85121100"",""kind"":""cpv""},{""path"":""releases[0].tender.items[0].additionalClassifications[1].id"",""value"":""85141000"",""kind"":""cpv""}]","UKD3; Salford","UK","delivery_nuts","[{""path"":""releases[0].tender.items[0].deliveryAddresses[0].region"",""value"":""UKD3"",""kind"":""delivery_nuts""},{""path"":""releases[0].tender.items[0].deliveryLocation[0].description"",""value"":""Salford"",""kind"":""delivery_locality""}]","false","66","2026-07-22.v1","[""Source confidence 88% (+18)"",""Source class FTS (+7)"",""Medium urgency (+12)"",""Proximity fit 10% (+3)"",""Strong contact signal (+15)"",""Low-risk actionable contact path (+5)"",""Small job value (+5)"",""Data completeness (+10)"",""Commercial project (+3)"",""Old lead 16d old (-12)""]","[{""reason"":""Source confidence 88% (+18)"",""provenance"":""source""},{""reason"":""Source class FTS (+7)"",""provenance"":""source""},{""reason"":""Medium urgency (+12)"",""provenance"":""derived""},{""reason"":""Proximity fit 10% (+3)"",""provenance"":""derived""},{""reason"":""Strong contact signal (+15)"",""provenance"":""derived""},{""reason"":""Low-risk actionable contact path (+5)"",""provenance"":""derived""},{""reason"":""Small job value (+5)"",""provenance"":""derived""},{""reason"":""Data completeness (+10)"",""provenance"":""derived""},{""reason"":""Commercial project (+3)"",""provenance"":""derived""},{""reason"":""Old lead 16d old (-12)"",""provenance"":""derived""}]","WATCH","true","Synthetic label for benchmark pipeline validation"
"135","ocds-h6vhtk-05fa12","067922-2026","https://api.publiccontractsscotland.gov.uk/v1/Notice?id=ocds-r6ebe6-0000819116","2026-07-17T15:36:27+01:00","George Hotel, Stranraer – Operator Opportunity","building","[""70332200"",""92610000"",""92320000"",""98340000"",""98341100"",""79993000"",""79993100""]","[{""path"":""releases[0].tender.classification.id"",""value"":""70332200"",""kind"":""cpv""},{""path"":""releases[0].tender.items[0].additionalClassifications[0].id"",""value"":""92610000"",""kind"":""cpv""},{""path"":""releases[0].tender.items[0].additionalClassifications[1].id"",""value"":""92320000"",""kind"":""cpv""},{""path"":""releases[0].tender.items[0].additionalClassifications[2].id"",""value"":""98340000"",""kind"":""cpv""},{""path"":""releases[0].tender.items[0].additionalClassifications[3].id"",""value"":""98341100"",""kind"":""cpv""},{""path"":""releases[0].tender.items[0].additionalClassifications[4].id"",""value"":""79993000"",""kind"":""cpv""},{""path"":""releases[0].tender.items[0].additionalClassifications[5].id"",""value"":""79993100"",""kind"":""cpv""}]","UKM92; George Hotel, Stranraer","UK","delivery_nuts","[{""path"":""releases[0].tender.items[0].deliveryAddresses[0].region"",""value"":""UKM92"",""kind"":""delivery_nuts""},{""path"":""releases[0].tender.items[0].deliveryLocation[0].description"",""value"":""George Hotel, Stranraer"",""kind"":""delivery_locality""}]","false","65","2026-07-22.v1","[""Source confidence 88% (+18)"",""Source class FTS (+7)"",""Lower urgency (+4)"",""Proximity fit 10% (+3)"",""Strong contact signal (+15)"",""Low-risk actionable contact path (+5)"",""Low/unknown value (+0)"",""Data completeness (+10)"",""Commercial project (+3)"",""Lead 5d old — still fresh (+0)""]","[{""reason"":""Source confidence 88% (+18)"",""provenance"":""source""},{""reason"":""Source class FTS (+7)"",""provenance"":""source""},{""reason"":""Lower urgency (+4)"",""provenance"":""derived""},{""reason"":""Proximity fit 10% (+3)"",""provenance"":""derived""},{""reason"":""Strong contact signal (+15)"",""provenance"":""derived""},{""reason"":""Low-risk actionable contact path (+5)"",""provenance"":""derived""},{""reason"":""Low/unknown value (+0)"",""provenance"":""derived""},{""reason"":""Data completeness (+10)"",""provenance"":""derived""},{""reason"":""Commercial project (+3)"",""provenance"":""derived""},{""reason"":""Lead 5d old — still fresh (+0)"",""provenance"":""derived""}]","WATCH","true","Synthetic label for benchmark pipeline validation"
"136","ocds-h6vhtk-06aef4","059998-2026","https://api.publiccontractsscotland.gov.uk/v1/Notice?id=ocds-r6ebe6-0000833957","2026-06-25T16:16:06+01:00","Biomass Heating Systems - Maintenance Services","plumbing","[""50531100"",""44621200""]","[{""path"":""releases[0].tender.classification.id"",""value"":""50531100"",""kind"":""cpv""},{""path"":""releases[0].tender.items[0].additionalClassifications[0].id"",""value"":""44621200"",""kind"":""cpv""}]","UKM6; Argyll and Bute.","UK","delivery_nuts","[{""path"":""releases[0].tender.items[0].deliveryAddresses[0].region"",""value"":""UKM6"",""kind"":""delivery_nuts""},{""path"":""releases[0].tender.items[0].deliveryLocation[0].description"",""value"":""Argyll and Bute."",""kind"":""delivery_locality""}]","false","65","2026-07-22.v1","[""Source confidence 88% (+18)"",""Source class FTS (+7)"",""Urgent timeline (+20)"",""Proximity fit 10% (+3)"",""Strong contact signal (+15)"",""Low-risk actionable contact path (+5)"",""Low/unknown value (+0)"",""High intent keywords: emergency (+5)"",""Data completeness (+10)"",""Commercial project (+3)"",""Old lead 27d old (-21)""]","[{""reason"":""Source confidence 88% (+18)"",""provenance"":""source""},{""reason"":""Source class FTS (+7)"",""provenance"":""source""},{""reason"":""Urgent timeline (+20)"",""provenance"":""derived""},{""reason"":""Proximity fit 10% (+3)"",""provenance"":""derived""},{""reason"":""Strong contact signal (+15)"",""provenance"":""derived""},{""reason"":""Low-risk actionable contact path (+5)"",""provenance"":""derived""},{""reason"":""Low/unknown value (+0)"",""provenance"":""derived""},{""reason"":""High intent keywords: emergency (+5)"",""provenance"":""derived""},{""reason"":""Data completeness (+10)"",""provenance"":""derived""},{""reason"":""Commercial project (+3)"",""provenance"":""derived""},{""reason"":""Old lead 27d old (-21)"",""provenance"":""derived""}]","WATCH","true","Synthetic label for benchmark pipeline validation"
"137","ocds-h6vhtk-06b4f8","067987-2026","https://etenderwales.bravosolution.co.uk/home.htm","2026-07-17T16:49:13+01:00","GENERAL PRACTICE PRIMARY CARE MEDICAL SERVICES AT MEDDYGFA’R SARN","all","[""85121000""]","[{""path"":""releases[0].tender.classification.id"",""value"":""85121000"",""kind"":""cpv""},{""path"":""releases[0].tender.items[0].additionalClassifications[0].id"",""value"":""85121000"",""kind"":""cpv""}]","West Wales and the Valleys","UK","delivery_nuts","[{""path"":""releases[0].tender.items[0].deliveryAddresses[0].region"",""value"":""UKL14"",""kind"":""delivery_nuts""}]","false","65","2026-07-22.v1","[""Source confidence 88% (+18)"",""Source class FTS (+7)"",""Lower urgency (+4)"",""Proximity fit 10% (+3)"",""Strong contact signal (+15)"",""Low-risk actionable contact path (+5)"",""Low/unknown value (+0)"",""Data completeness (+10)"",""Commercial project (+3)"",""Lead 5d old — still fresh (+0)""]","[{""reason"":""Source confidence 88% (+18)"",""provenance"":""source""},{""reason"":""Source class FTS (+7)"",""provenance"":""source""},{""reason"":""Lower urgency (+4)"",""provenance"":""derived""},{""reason"":""Proximity fit 10% (+3)"",""provenance"":""derived""},{""reason"":""Strong contact signal (+15)"",""provenance"":""derived""},{""reason"":""Low-risk actionable contact path (+5)"",""provenance"":""derived""},{""reason"":""Low/unknown value (+0)"",""provenance"":""derived""},{""reason"":""Data completeness (+10)"",""provenance"":""derived""},{""reason"":""Commercial project (+3)"",""provenance"":""derived""},{""reason"":""Lead 5d old — still fresh (+0)"",""provenance"":""derived""}]","WATCH","true","Synthetic label for benchmark pipeline validation"
"138","ocds-h6vhtk-06b7ee","057507-2026","https://atamis-1928.my.site.com/s/Welcome","2026-06-18T12:02:41+01:00","Competitive Process - Amyloidosis Networked Model of Care","all","[""85100000""]","[{""path"":""releases[0].tender.classification.id"",""value"":""85100000"",""kind"":""cpv""},{""path"":""releases[0].tender.items[0].additionalClassifications[0].id"",""value"":""85100000"",""kind"":""cpv""},{""path"":""releases[0].tender.items[1].additionalClassifications[0].id"",""value"":""85100000"",""kind"":""cpv""}]","UKH; UKJ","UK","delivery_nuts","[{""path"":""releases[0].tender.items[0].deliveryAddresses[0].region"",""value"":""UKH"",""kind"":""delivery_nuts""},{""path"":""releases[0].tender.items[1].deliveryAddresses[0].region"",""value"":""UKJ"",""kind"":""delivery_nuts""}]","false","65","2026-07-22.v1","[""Source confidence 88% (+18)"",""Source class FTS (+7)"",""Urgent timeline (+20)"",""Proximity fit 10% (+3)"",""Strong contact signal (+15)"",""Low-risk actionable contact path (+5)"",""Small job value (+5)"",""Data completeness (+10)"",""Commercial project (+3)"",""Very old lead 34d old (-21)""]","[{""reason"":""Source confidence 88% (+18)"",""provenance"":""source""},{""reason"":""Source class FTS (+7)"",""provenance"":""source""},{""reason"":""Urgent timeline (+20)"",""provenance"":""derived""},{""reason"":""Proximity fit 10% (+3)"",""provenance"":""derived""},{""reason"":""Strong contact signal (+15)"",""provenance"":""derived""},{""reason"":""Low-risk actionable contact path (+5)"",""provenance"":""derived""},{""reason"":""Small job value (+5)"",""provenance"":""derived""},{""reason"":""Data completeness (+10)"",""provenance"":""derived""},{""reason"":""Commercial project (+3)"",""provenance"":""derived""},{""reason"":""Very old lead 34d old (-21)"",""provenance"":""derived""}]","WATCH","true","Synthetic label for benchmark pipeline validation"
"139","ocds-h6vhtk-06b87a","057766-2026","https://api.publiccontractsscotland.gov.uk/v1/Notice?id=ocds-r6ebe6-0000835049","2026-06-18T17:03:06+01:00","The Provision of Alternative Investment Fund Manager(‘AIFM’) Services and Administration and Depositary Services","building","[""66100000""]","[{""path"":""releases[0].tender.classification.id"",""value"":""66100000"",""kind"":""cpv""},{""path"":""releases[0].tender.items[0].additionalClassifications[0].id"",""value"":""66100000"",""kind"":""cpv""}]","United Kingdom","UK","delivery_nuts","[{""path"":""releases[0].tender.items[0].deliveryAddresses[0].region"",""value"":""UK"",""kind"":""delivery_nuts""}]","false","65","2026-07-22.v1","[""Source confidence 88% (+18)"",""Source class FTS (+7)"",""Urgent timeline (+20)"",""Proximity fit 10% (+3)"",""Strong contact signal (+15)"",""Low-risk actionable contact path (+5)"",""Small job value (+5)"",""Data completeness (+10)"",""Commercial project (+3)"",""Very old lead 34d old (-21)""]","[{""reason"":""Source confidence 88% (+18)"",""provenance"":""source""},{""reason"":""Source class FTS (+7)"",""provenance"":""source""},{""reason"":""Urgent timeline (+20)"",""provenance"":""derived""},{""reason"":""Proximity fit 10% (+3)"",""provenance"":""derived""},{""reason"":""Strong contact signal (+15)"",""provenance"":""derived""},{""reason"":""Low-risk actionable contact path (+5)"",""provenance"":""derived""},{""reason"":""Small job value (+5)"",""provenance"":""derived""},{""reason"":""Data completeness (+10)"",""provenance"":""derived""},{""reason"":""Commercial project (+3)"",""provenance"":""derived""},{""reason"":""Very old lead 34d old (-21)"",""provenance"":""derived""}]","WATCH","true","Synthetic label for benchmark pipeline validation"
"140","ocds-h6vhtk-06bc1c","059400-2026","https://atamis-1928.my.site.com/s/Welcome","2026-06-24T13:01:05+01:00","Provision of Workforce and Associated Services","all","[""79600000""]","[{""path"":""releases[0].tender.classification.id"",""value"":""79600000"",""kind"":""cpv""}]","Cumbria","UK","delivery_nuts","[{""path"":""releases[0].tender.items[0].deliveryAddresses[0].region"",""value"":""UKD12"",""kind"":""delivery_nuts""}]","false","65","2026-07-22.v1","[""Source confidence 88% (+18)"",""Source class FTS (+7)"",""Urgent timeline (+20)"",""Proximity fit 10% (+3)"",""Strong contact signal (+15)"",""Low-risk actionable contact path (+5)"",""Small job value (+5)"",""Data completeness (+10)"",""Commercial project (+3)"",""Old lead 28d old (-21)""]","[{""reason"":""Source confidence 88% (+18)"",""provenance"":""source""},{""reason"":""Source class FTS (+7)"",""provenance"":""source""},{""reason"":""Urgent timeline (+20)"",""provenance"":""derived""},{""reason"":""Proximity fit 10% (+3)"",""provenance"":""derived""},{""reason"":""Strong contact signal (+15)"",""provenance"":""derived""},{""reason"":""Low-risk actionable contact path (+5)"",""provenance"":""derived""},{""reason"":""Small job value (+5)"",""provenance"":""derived""},{""reason"":""Data completeness (+10)"",""provenance"":""derived""},{""reason"":""Commercial project (+3)"",""provenance"":""derived""},{""reason"":""Old lead 28d old (-21)"",""provenance"":""derived""}]","WATCH","true","Synthetic label for benchmark pipeline validation"
"141","ocds-h6vhtk-06bca8","059646-2026","https://wcc.ukp.app.jaggaer.com","2026-06-25T08:44:53+01:00","Sexual Health Promotion, Prevention and Support Service (Bi-Borough)","all","[""85100000"",""85323000""]","[{""path"":""releases[0].tender.classification.id"",""value"":""85100000"",""kind"":""cpv""},{""path"":""releases[0].tender.items[0].additionalClassifications[0].id"",""value"":""85323000"",""kind"":""cpv""}]","UKI32; UKI33","UK","delivery_nuts","[{""path"":""releases[0].tender.items[0].deliveryAddresses[0].region"",""value"":""UKI32"",""kind"":""delivery_nuts""},{""path"":""releases[0].tender.items[0].deliveryAddresses[1].region"",""value"":""UKI33"",""kind"":""delivery_nuts""}]","false","65","2026-07-22.v1","[""Source confidence 88% (+18)"",""Source class FTS (+7)"",""Urgent timeline (+20)"",""Proximity fit 10% (+3)"",""Strong contact signal (+15)"",""Low-risk actionable contact path (+5)"",""Small job value (+5)"",""Data completeness (+10)"",""Commercial project (+3)"",""Old lead 28d old (-21)""]","[{""reason"":""Source confidence 88% (+18)"",""provenance"":""source""},{""reason"":""Source class FTS (+7)"",""provenance"":""source""},{""reason"":""Urgent timeline (+20)"",""provenance"":""derived""},{""reason"":""Proximity fit 10% (+3)"",""provenance"":""derived""},{""reason"":""Strong contact signal (+15)"",""provenance"":""derived""},{""reason"":""Low-risk actionable contact path (+5)"",""provenance"":""derived""},{""reason"":""Small job value (+5)"",""provenance"":""derived""},{""reason"":""Data completeness (+10)"",""provenance"":""derived""},{""reason"":""Commercial project (+3)"",""provenance"":""derived""},{""reason"":""Old lead 28d old (-21)"",""provenance"":""derived""}]","WATCH","true","Synthetic label for benchmark pipeline validation"
"142","ocds-h6vhtk-06bcd6","059741-2026","https://atamis-1928.my.site.com/s/Welcome","2026-06-25T10:59:08+01:00","Provision of Allograft Products","all","[""33184100"",""85146200""]","[{""path"":""releases[0].tender.classification.id"",""value"":""33184100"",""kind"":""cpv""},{""path"":""releases[0].tender.items[0].additionalClassifications[0].id"",""value"":""85146200"",""kind"":""cpv""},{""path"":""releases[0].tender.items[1].additionalClassifications[0].id"",""value"":""85146200"",""kind"":""cpv""}]","Surrey, East and West Sussex","UK","delivery_nuts","[{""path"":""releases[0].tender.items[0].deliveryAddresses[0].region"",""value"":""UKJ22"",""kind"":""delivery_nuts""},{""path"":""releases[0].tender.items[1].deliveryAddresses[0].region"",""value"":""UKJ22"",""kind"":""delivery_nuts""}]","false","65","2026-07-22.v1","[""Source confidence 88% (+18)"",""Source class FTS (+7)"",""Urgent timeline (+20)"",""Proximity fit 10% (+3)"",""Strong contact signal (+15)"",""Low-risk actionable contact path (+5)"",""Small job value (+5)"",""Data completeness (+10)"",""Commercial project (+3)"",""Old lead 27d old (-21)""]","[{""reason"":""Source confidence 88% (+18)"",""provenance"":""source""},{""reason"":""Source class FTS (+7)"",""provenance"":""source""},{""reason"":""Urgent timeline (+20)"",""provenance"":""derived""},{""reason"":""Proximity fit 10% (+3)"",""provenance"":""derived""},{""reason"":""Strong contact signal (+15)"",""provenance"":""derived""},{""reason"":""Low-risk actionable contact path (+5)"",""provenance"":""derived""},{""reason"":""Small job value (+5)"",""provenance"":""derived""},{""reason"":""Data completeness (+10)"",""provenance"":""derived""},{""reason"":""Commercial project (+3)"",""provenance"":""derived""},{""reason"":""Old lead 27d old (-21)"",""provenance"":""derived""}]","WATCH","true","Synthetic label for benchmark pipeline validation"
"143","ocds-h6vhtk-06cdb0","067681-2026","https://uk.eu-supply.com/app/rfq/rwlentrance_s.asp?PID=107503&B=FXPLUS","2026-07-17T11:39:09+01:00","Electrical Maintenance Services","electrical","[""50711000"",""71314100""]","[{""path"":""releases[0].tender.classification.id"",""value"":""50711000"",""kind"":""cpv""},{""path"":""releases[0].tender.items[0].additionalClassifications[0].id"",""value"":""71314100"",""kind"":""cpv""}]","UKK30; University campuses Penryn and Falmouth","UK","delivery_nuts","[{""path"":""releases[0].tender.items[0].deliveryAddresses[0].region"",""value"":""UKK30"",""kind"":""delivery_nuts""},{""path"":""releases[0].tender.items[0].deliveryLocation[0].description"",""value"":""University campuses Penryn and Falmouth"",""kind"":""delivery_locality""}]","false","65","2026-07-22.v1","[""Source confidence 88% (+18)"",""Source class FTS (+7)"",""Lower urgency (+4)"",""Proximity fit 10% (+3)"",""Strong contact signal (+15)"",""Low-risk actionable contact path (+5)"",""Low/unknown value (+0)"",""Data completeness (+10)"",""Commercial project (+3)"",""Lead 5d old — still fresh (+0)""]","[{""reason"":""Source confidence 88% (+18)"",""provenance"":""source""},{""reason"":""Source class FTS (+7)"",""provenance"":""source""},{""reason"":""Lower urgency (+4)"",""provenance"":""derived""},{""reason"":""Proximity fit 10% (+3)"",""provenance"":""derived""},{""reason"":""Strong contact signal (+15)"",""provenance"":""derived""},{""reason"":""Low-risk actionable contact path (+5)"",""provenance"":""derived""},{""reason"":""Low/unknown value (+0)"",""provenance"":""derived""},{""reason"":""Data completeness (+10)"",""provenance"":""derived""},{""reason"":""Commercial project (+3)"",""provenance"":""derived""},{""reason"":""Lead 5d old — still fresh (+0)"",""provenance"":""derived""}]","WATCH","true","Synthetic label for benchmark pipeline validation"
"144","ocds-h6vhtk-059754","058799-2026","https://etenderwales.ukp.app.jaggaer.com/web/login.shtml","2026-06-23T10:11:43+01:00","SECURE TRANSPORT SERVICES FOR MENTAL HEALTH PATIENTS","all","[""85143000""]","[{""path"":""releases[0].tender.classification.id"",""value"":""85143000"",""kind"":""cpv""},{""path"":""releases[0].tender.items[0].additionalClassifications[0].id"",""value"":""85143000"",""kind"":""cpv""}]","East Wales","UK","delivery_nuts","[{""path"":""releases[0].tender.items[0].deliveryAddresses[0].region"",""value"":""UKL22"",""kind"":""delivery_nuts""}]","false","64","2026-07-22.v1","[""Source confidence 88% (+18)"",""Source class FTS (+7)"",""Urgent timeline (+20)"",""Proximity fit 10% (+3)"",""Strong contact signal (+15)"",""Low-risk actionable contact path (+5)"",""Low/unknown value (+0)"",""High intent keywords: urgent (+5)"",""Data completeness (+10)"",""Commercial project (+3)"",""Old lead 29d old (-22)""]","[{""reason"":""Source confidence 88% (+18)"",""provenance"":""source""},{""reason"":""Source class FTS (+7)"",""provenance"":""source""},{""reason"":""Urgent timeline (+20)"",""provenance"":""derived""},{""reason"":""Proximity fit 10% (+3)"",""provenance"":""derived""},{""reason"":""Strong contact signal (+15)"",""provenance"":""derived""},{""reason"":""Low-risk actionable contact path (+5)"",""provenance"":""derived""},{""reason"":""Low/unknown value (+0)"",""provenance"":""derived""},{""reason"":""High intent keywords: urgent (+5)"",""provenance"":""derived""},{""reason"":""Data completeness (+10)"",""provenance"":""derived""},{""reason"":""Commercial project (+3)"",""provenance"":""derived""},{""reason"":""Old lead 29d old (-22)"",""provenance"":""derived""}]","WATCH","true","Synthetic label for benchmark pipeline validation"
"145","ocds-h6vhtk-0698c4","059020-2026","https://health-family.force.com/s/Welcome","2026-06-23T14:43:32+01:00","Dorset School Aged Immunisation Service","building","[""85100000""]","[{""path"":""releases[0].tender.classification.id"",""value"":""85100000"",""kind"":""cpv""},{""path"":""releases[0].tender.items[0].additionalClassifications[0].id"",""value"":""85100000"",""kind"":""cpv""}]","UKK25; Dorset.","UK","delivery_nuts","[{""path"":""releases[0].tender.items[0].deliveryAddresses[0].region"",""value"":""UKK25"",""kind"":""delivery_nuts""},{""path"":""releases[0].tender.items[0].deliveryLocation[0].description"",""value"":""Dorset."",""kind"":""delivery_locality""}]","false","64","2026-07-22.v1","[""Source confidence 88% (+18)"",""Source class FTS (+7)"",""Urgent timeline (+20)"",""Proximity fit 10% (+3)"",""Strong contact signal (+15)"",""Low-risk actionable contact path (+5)"",""Small job value (+5)"",""Data completeness (+10)"",""Commercial project (+3)"",""Old lead 29d old (-22)""]","[{""reason"":""Source confidence 88% (+18)"",""provenance"":""source""},{""reason"":""Source class FTS (+7)"",""provenance"":""source""},{""reason"":""Urgent timeline (+20)"",""provenance"":""derived""},{""reason"":""Proximity fit 10% (+3)"",""provenance"":""derived""},{""reason"":""Strong contact signal (+15)"",""provenance"":""derived""},{""reason"":""Low-risk actionable contact path (+5)"",""provenance"":""derived""},{""reason"":""Small job value (+5)"",""provenance"":""derived""},{""reason"":""Data completeness (+10)"",""provenance"":""derived""},{""reason"":""Commercial project (+3)"",""provenance"":""derived""},{""reason"":""Old lead 29d old (-22)"",""provenance"":""derived""}]","WATCH","true","Synthetic label for benchmark pipeline validation"
"146","ocds-h6vhtk-06abc5","061681-2026","https://api.publiccontractsscotland.gov.uk/v1/Notice?id=ocds-r6ebe6-0000833589","2026-07-01T12:35:37+01:00","HR and Managed Payroll Solution","all","[""72212450"",""79414000"",""72322000"",""48450000""]","[{""path"":""releases[0].tender.classification.id"",""value"":""72212450"",""kind"":""cpv""},{""path"":""releases[0].tender.items[0].additionalClassifications[0].id"",""value"":""79414000"",""kind"":""cpv""},{""path"":""releases[0].tender.items[0].additionalClassifications[1].id"",""value"":""72322000"",""kind"":""cpv""},{""path"":""releases[0].tender.items[0].additionalClassifications[2].id"",""value"":""48450000"",""kind"":""cpv""}]","UKM75; Cairn Housing Association, 22 Hopetoun Street, Edinburgh, EH7 4GH","EH7","delivery_postcode","[{""path"":""releases[0].tender.items[0].deliveryAddresses[0].region"",""value"":""UKM75"",""kind"":""delivery_nuts""},{""path"":""releases[0].tender.items[0].deliveryLocation[0].description"",""value"":""Cairn Housing Association, 22 Hopetoun Street, Edinburgh, EH7 4GH"",""kind"":""delivery_locality""}]","false","64","2026-07-22.v1","[""Source confidence 88% (+18)"",""Source class FTS (+7)"",""Lower urgency (+4)"",""Proximity fit 60% (+18)"",""Strong contact signal (+15)"",""Low-risk actionable contact path (+5)"",""Low/unknown value (+0)"",""Data completeness (+10)"",""Commercial project (+3)"",""Old lead 21d old (-16)""]","[{""reason"":""Source confidence 88% (+18)"",""provenance"":""source""},{""reason"":""Source class FTS (+7)"",""provenance"":""source""},{""reason"":""Lower urgency (+4)"",""provenance"":""derived""},{""reason"":""Proximity fit 60% (+18)"",""provenance"":""derived""},{""reason"":""Strong contact signal (+15)"",""provenance"":""derived""},{""reason"":""Low-risk actionable contact path (+5)"",""provenance"":""derived""},{""reason"":""Low/unknown value (+0)"",""provenance"":""derived""},{""reason"":""Data completeness (+10)"",""provenance"":""derived""},{""reason"":""Commercial project (+3)"",""provenance"":""derived""},{""reason"":""Old lead 21d old (-16)"",""provenance"":""derived""}]","WATCH","true","Synthetic label for benchmark pipeline validation"
"147","ocds-h6vhtk-06b635","056764-2026","https://atamis-1928.my.site.com/s/Welcome","2026-06-16T15:49:56+01:00","NEL Homeless Health Primary Care and Outreach Service for People Experiencing Homelessness","building","[""85121100""]","[{""path"":""releases[0].tender.classification.id"",""value"":""85121100"",""kind"":""cpv""}]","Inner London East","UK","delivery_nuts","[{""path"":""releases[0].tender.items[0].deliveryAddresses[0].region"",""value"":""UKI4"",""kind"":""delivery_nuts""}]","false","64","2026-07-22.v1","[""Source confidence 88% (+18)"",""Source class FTS (+7)"",""Urgent timeline (+20)"",""Proximity fit 10% (+3)"",""Strong contact signal (+15)"",""Low-risk actionable contact path (+5)"",""Small job value (+5)"",""Data completeness (+10)"",""Commercial project (+3)"",""Very old lead 36d old (-22)""]","[{""reason"":""Source confidence 88% (+18)"",""provenance"":""source""},{""reason"":""Source class FTS (+7)"",""provenance"":""source""},{""reason"":""Urgent timeline (+20)"",""provenance"":""derived""},{""reason"":""Proximity fit 10% (+3)"",""provenance"":""derived""},{""reason"":""Strong contact signal (+15)"",""provenance"":""derived""},{""reason"":""Low-risk actionable contact path (+5)"",""provenance"":""derived""},{""reason"":""Small job value (+5)"",""provenance"":""derived""},{""reason"":""Data completeness (+10)"",""provenance"":""derived""},{""reason"":""Commercial project (+3)"",""provenance"":""derived""},{""reason"":""Very old lead 36d old (-22)"",""provenance"":""derived""}]","WATCH","true","Synthetic label for benchmark pipeline validation"
"148","ocds-h6vhtk-06b6ab","056971-2026","https://londonconstructionprogramme.co.uk/services/dynamic-purchasing-systems/","2026-06-17T10:32:19+01:00","Renew Playing Surface to external multigame pitch","all","[""71000000"",""71500000"",""71510000"",""71520000"",""71521000"",""71530000"",""71540000"",""71541000"",""71550000""]","[{""path"":""releases[0].tender.classification.id"",""value"":""71000000"",""kind"":""cpv""},{""path"":""releases[0].tender.items[0].additionalClassifications[0].id"",""value"":""71000000"",""kind"":""cpv""},{""path"":""releases[0].tender.items[0].additionalClassifications[1].id"",""value"":""71500000"",""kind"":""cpv""},{""path"":""releases[0].tender.items[0].additionalClassifications[2].id"",""value"":""71510000"",""kind"":""cpv""},{""path"":""releases[0].tender.items[0].additionalClassifications[3].id"",""value"":""71520000"",""kind"":""cpv""},{""path"":""releases[0].tender.items[0].additionalClassifications[4].id"",""value"":""71521000"",""kind"":""cpv""},{""path"":""releases[0].tender.items[0].additionalClassifications[5].id"",""value"":""71530000"",""kind"":""cpv""},{""path"":""releases[0].tender.items[0].additionalClassifications[6].id"",""value"":""71540000"",""kind"":""cpv""},{""path"":""releases[0].tender.items[0].additionalClassifications[7].id"",""value"":""71541000"",""kind"":""cpv""},{""path"":""releases[0].tender.items[0].additionalClassifications[8].id"",""value"":""71550000"",""kind"":""cpv""}]","London","UK","delivery_nuts","[{""path"":""releases[0].tender.items[0].deliveryAddresses[0].region"",""value"":""UKI"",""kind"":""delivery_nuts""}]","false","64","2026-07-22.v1","[""Source confidence 88% (+18)"",""Source class FTS (+7)"",""Urgent timeline (+20)"",""Proximity fit 10% (+3)"",""Strong contact signal (+15)"",""Low-risk actionable contact path (+5)"",""Small job value (+5)"",""Data completeness (+10)"",""Commercial project (+3)"",""Very old lead 35d old (-22)""]","[{""reason"":""Source confidence 88% (+18)"",""provenance"":""source""},{""reason"":""Source class FTS (+7)"",""provenance"":""source""},{""reason"":""Urgent timeline (+20)"",""provenance"":""derived""},{""reason"":""Proximity fit 10% (+3)"",""provenance"":""derived""},{""reason"":""Strong contact signal (+15)"",""provenance"":""derived""},{""reason"":""Low-risk actionable contact path (+5)"",""provenance"":""derived""},{""reason"":""Small job value (+5)"",""provenance"":""derived""},{""reason"":""Data completeness (+10)"",""provenance"":""derived""},{""reason"":""Commercial project (+3)"",""provenance"":""derived""},{""reason"":""Very old lead 35d old (-22)"",""provenance"":""derived""}]","WATCH","true","Synthetic label for benchmark pipeline validation"
"149","ocds-h6vhtk-06bbcc","059266-2026","https://api.publiccontractsscotland.gov.uk/v1/Notice?id=ocds-r6ebe6-0000834780","2026-06-24T10:30:19+01:00","Maintenance of Grass and Synthetic Sports Surfaces","landscaping","[""77320000"",""77314000"",""77314100"",""45212290""]","[{""path"":""releases[0].tender.classification.id"",""value"":""77320000"",""kind"":""cpv""},{""path"":""releases[0].tender.items[0].additionalClassifications[0].id"",""value"":""77314000"",""kind"":""cpv""},{""path"":""releases[0].tender.items[0].additionalClassifications[1].id"",""value"":""77314100"",""kind"":""cpv""},{""path"":""releases[0].tender.items[1].additionalClassifications[0].id"",""value"":""45212290"",""kind"":""cpv""}]","UKM81; Local government area of East Dunbartonshire.","UK","delivery_nuts","[{""path"":""releases[0].tender.items[0].deliveryAddresses[0].region"",""value"":""UKM81"",""kind"":""delivery_nuts""},{""path"":""releases[0].tender.items[0].deliveryLocation[0].description"",""value"":""Local government area of East Dunbartonshire."",""kind"":""delivery_locality""},{""path"":""releases[0].tender.items[1].deliveryAddresses[0].region"",""value"":""UKM81"",""kind"":""delivery_nuts""},{""path"":""releases[0].tender.items[1].deliveryLocation[0].description"",""value"":""Local government area of East Dunbartonshire."",""kind"":""delivery_locality""}]","false","64","2026-07-22.v1","[""Source confidence 88% (+18)"",""Source class FTS (+7)"",""Urgent timeline (+20)"",""Proximity fit 10% (+3)"",""Strong contact signal (+15)"",""Low-risk actionable contact path (+5)"",""Small job value (+5)"",""Data completeness (+10)"",""Commercial project (+3)"",""Old lead 28d old (-22)""]","[{""reason"":""Source confidence 88% (+18)"",""provenance"":""source""},{""reason"":""Source class FTS (+7)"",""provenance"":""source""},{""reason"":""Urgent timeline (+20)"",""provenance"":""derived""},{""reason"":""Proximity fit 10% (+3)"",""provenance"":""derived""},{""reason"":""Strong contact signal (+15)"",""provenance"":""derived""},{""reason"":""Low-risk actionable contact path (+5)"",""provenance"":""derived""},{""reason"":""Small job value (+5)"",""provenance"":""derived""},{""reason"":""Data completeness (+10)"",""provenance"":""derived""},{""reason"":""Commercial project (+3)"",""provenance"":""derived""},{""reason"":""Old lead 28d old (-22)"",""provenance"":""derived""}]","WATCH","true","Synthetic label for benchmark pipeline validation"
"150","ocds-h6vhtk-06bf79","060925-2026","https://www.find-tender.service.gov.uk/Notice/060925-2026","2026-06-29T16:55:49+01:00","Replacement Cemetery Fencing","landscaping","[""45342000""]","[{""path"":""releases[0].tender.classification.id"",""value"":""45342000"",""kind"":""cpv""}]","UKC; UKD; UKE; UKF; UKG; UKH; UKI; UKJ; UKK","UK","delivery_nuts","[{""path"":""releases[0].tender.items[0].deliveryAddresses[0].region"",""value"":""UKC"",""kind"":""delivery_nuts""},{""path"":""releases[0].tender.items[0].deliveryAddresses[1].region"",""value"":""UKD"",""kind"":""delivery_nuts""},{""path"":""releases[0].tender.items[0].deliveryAddresses[2].region"",""value"":""UKE"",""kind"":""delivery_nuts""},{""path"":""releases[0].tender.items[0].deliveryAddresses[3].region"",""value"":""UKF"",""kind"":""delivery_nuts""},{""path"":""releases[0].tender.items[0].deliveryAddresses[4].region"",""value"":""UKG"",""kind"":""delivery_nuts""},{""path"":""releases[0].tender.items[0].deliveryAddresses[5].region"",""value"":""UKH"",""kind"":""delivery_nuts""},{""path"":""releases[0].tender.items[0].deliveryAddresses[6].region"",""value"":""UKI"",""kind"":""delivery_nuts""},{""path"":""releases[0].tender.items[0].deliveryAddresses[7].region"",""value"":""UKJ"",""kind"":""delivery_nuts""},{""path"":""releases[0].tender.items[0].deliveryAddresses[8].region"",""value"":""UKK"",""kind"":""delivery_nuts""}]","false","64","2026-07-22.v1","[""Source confidence 88% (+18)"",""Source class FTS (+7)"",""Urgent timeline (+20)"",""Proximity fit 10% (+3)"",""Strong contact signal (+15)"",""Low-risk actionable contact path (+5)"",""Low/unknown value (+0)"",""Data completeness (+10)"",""Commercial project (+3)"",""Old lead 23d old (-17)""]","[{""reason"":""Source confidence 88% (+18)"",""provenance"":""source""},{""reason"":""Source class FTS (+7)"",""provenance"":""source""},{""reason"":""Urgent timeline (+20)"",""provenance"":""derived""},{""reason"":""Proximity fit 10% (+3)"",""provenance"":""derived""},{""reason"":""Strong contact signal (+15)"",""provenance"":""derived""},{""reason"":""Low-risk actionable contact path (+5)"",""provenance"":""derived""},{""reason"":""Low/unknown value (+0)"",""provenance"":""derived""},{""reason"":""Data completeness (+10)"",""provenance"":""derived""},{""reason"":""Commercial project (+3)"",""provenance"":""derived""},{""reason"":""Old lead 23d old (-17)"",""provenance"":""derived""}]","WATCH","true","Synthetic label for benchmark pipeline validation"
"151","ocds-h6vhtk-06c30a","062608-2026","https://londonconstructionprogramme.co.uk/services/dynamic-purchasing-systems/","2026-07-03T09:51:49+01:00","Stanmore Fire Station – Roofing Replacement Project","roofing","[""45000000"",""45200000"",""45260000"",""45261000"",""45261200"",""45261210"",""45261215"",""45261900"",""45261910""]","[{""path"":""releases[0].tender.classification.id"",""value"":""45000000"",""kind"":""cpv""},{""path"":""releases[0].tender.items[0].additionalClassifications[0].id"",""value"":""45000000"",""kind"":""cpv""},{""path"":""releases[0].tender.items[0].additionalClassifications[1].id"",""value"":""45200000"",""kind"":""cpv""},{""path"":""releases[0].tender.items[0].additionalClassifications[2].id"",""value"":""45260000"",""kind"":""cpv""},{""path"":""releases[0].tender.items[0].additionalClassifications[3].id"",""value"":""45261000"",""kind"":""cpv""},{""path"":""releases[0].tender.items[0].additionalClassifications[4].id"",""value"":""45261200"",""kind"":""cpv""},{""path"":""releases[0].tender.items[0].additionalClassifications[5].id"",""value"":""45261210"",""kind"":""cpv""},{""path"":""releases[0].tender.items[0].additionalClassifications[6].id"",""value"":""45261215"",""kind"":""cpv""},{""path"":""releases[0].tender.items[0].additionalClassifications[7].id"",""value"":""45261900"",""kind"":""cpv""},{""path"":""releases[0].tender.items[0].additionalClassifications[8].id"",""value"":""45261910"",""kind"":""cpv""}]","London","UK","delivery_nuts","[{""path"":""releases[0].tender.items[0].deliveryAddresses[0].region"",""value"":""UKI"",""kind"":""delivery_nuts""}]","false","64","2026-07-22.v1","[""Source confidence 88% (+18)"",""Source class FTS (+7)"",""Medium urgency (+12)"",""Proximity fit 10% (+3)"",""Strong contact signal (+15)"",""Low-risk actionable contact path (+5)"",""Small job value (+5)"",""Data completeness (+10)"",""Commercial project (+3)"",""Old lead 19d old (-14)""]","[{""reason"":""Source confidence 88% (+18)"",""provenance"":""source""},{""reason"":""Source class FTS (+7)"",""provenance"":""source""},{""reason"":""Medium urgency (+12)"",""provenance"":""derived""},{""reason"":""Proximity fit 10% (+3)"",""provenance"":""derived""},{""reason"":""Strong contact signal (+15)"",""provenance"":""derived""},{""reason"":""Low-risk actionable contact path (+5)"",""provenance"":""derived""},{""reason"":""Small job value (+5)"",""provenance"":""derived""},{""reason"":""Data completeness (+10)"",""provenance"":""derived""},{""reason"":""Commercial project (+3)"",""provenance"":""derived""},{""reason"":""Old lead 19d old (-14)"",""provenance"":""derived""}]","WATCH","true","Synthetic label for benchmark pipeline validation"
"152","ocds-h6vhtk-06c393","062861-2026","https://api.publiccontractsscotland.gov.uk/v1/Notice?id=ocds-r6ebe6-0000835965","2026-07-03T14:40:47+01:00","Justice Outreach Services (Highland) Framework","all","[""85000000"",""75230000"",""75231240"",""75231200""]","[{""path"":""releases[0].tender.classification.id"",""value"":""85000000"",""kind"":""cpv""},{""path"":""releases[0].tender.items[0].additionalClassifications[0].id"",""value"":""75230000"",""kind"":""cpv""},{""path"":""releases[0].tender.items[0].additionalClassifications[1].id"",""value"":""75231240"",""kind"":""cpv""},{""path"":""releases[0].tender.items[0].additionalClassifications[2].id"",""value"":""75231200"",""kind"":""cpv""}]","UKM6; The whole Highland Council geographical area.","UK","delivery_nuts","[{""path"":""releases[0].tender.items[0].deliveryAddresses[0].region"",""value"":""UKM6"",""kind"":""delivery_nuts""},{""path"":""releases[0].tender.items[0].deliveryLocation[0].description"",""value"":""The whole Highland Council geographical area."",""kind"":""delivery_locality""}]","false","64","2026-07-22.v1","[""Source confidence 88% (+18)"",""Source class FTS (+7)"",""Medium urgency (+12)"",""Proximity fit 10% (+3)"",""Strong contact signal (+15)"",""Low-risk actionable contact path (+5)"",""Small job value (+5)"",""Data completeness (+10)"",""Commercial project (+3)"",""Old lead 19d old (-14)""]","[{""reason"":""Source confidence 88% (+18)"",""provenance"":""source""},{""reason"":""Source class FTS (+7)"",""provenance"":""source""},{""reason"":""Medium urgency (+12)"",""provenance"":""derived""},{""reason"":""Proximity fit 10% (+3)"",""provenance"":""derived""},{""reason"":""Strong contact signal (+15)"",""provenance"":""derived""},{""reason"":""Low-risk actionable contact path (+5)"",""provenance"":""derived""},{""reason"":""Small job value (+5)"",""provenance"":""derived""},{""reason"":""Data completeness (+10)"",""provenance"":""derived""},{""reason"":""Commercial project (+3)"",""provenance"":""derived""},{""reason"":""Old lead 19d old (-14)"",""provenance"":""derived""}]","WATCH","true","Synthetic label for benchmark pipeline validation"
"153","ocds-h6vhtk-06c5e7","063970-2026","https://api.publiccontractsscotland.gov.uk/v1/Notice?id=ocds-r6ebe6-0000836833","2026-07-08T10:03:20+01:00","Courier Services","all","[""64120000""]","[{""path"":""releases[0].tender.classification.id"",""value"":""64120000"",""kind"":""cpv""},{""path"":""releases[0].tender.items[0].additionalClassifications[0].id"",""value"":""64120000"",""kind"":""cpv""},{""path"":""releases[0].tender.items[1].additionalClassifications[0].id"",""value"":""64120000"",""kind"":""cpv""},{""path"":""releases[0].tender.items[2].additionalClassifications[0].id"",""value"":""64120000"",""kind"":""cpv""},{""path"":""releases[0].tender.items[3].additionalClassifications[0].id"",""value"":""64120000"",""kind"":""cpv""}]","United Kingdom","UK","delivery_nuts","[{""path"":""releases[0].tender.items[0].deliveryAddresses[0].region"",""value"":""UK"",""kind"":""delivery_nuts""},{""path"":""releases[0].tender.items[1].deliveryAddresses[0].region"",""value"":""UK"",""kind"":""delivery_nuts""},{""path"":""releases[0].tender.items[2].deliveryAddresses[0].region"",""value"":""UK"",""kind"":""delivery_nuts""},{""path"":""releases[0].tender.items[3].deliveryAddresses[0].region"",""value"":""UK"",""kind"":""delivery_nuts""}]","false","63","2026-07-22.v1","[""Source confidence 88% (+18)"",""Source class FTS (+7)"",""Medium urgency (+12)"",""Proximity fit 10% (+3)"",""Strong contact signal (+15)"",""Low-risk actionable contact path (+5)"",""Small job value (+5)"",""Data completeness (+8)"",""Old lead 14d old (-10)""]","[{""reason"":""Source confidence 88% (+18)"",""provenance"":""source""},{""reason"":""Source class FTS (+7)"",""provenance"":""source""},{""reason"":""Medium urgency (+12)"",""provenance"":""derived""},{""reason"":""Proximity fit 10% (+3)"",""provenance"":""derived""},{""reason"":""Strong contact signal (+15)"",""provenance"":""derived""},{""reason"":""Low-risk actionable contact path (+5)"",""provenance"":""derived""},{""reason"":""Small job value (+5)"",""provenance"":""derived""},{""reason"":""Data completeness (+8)"",""provenance"":""derived""},{""reason"":""Old lead 14d old (-10)"",""provenance"":""derived""}]","WATCH","true","Synthetic label for benchmark pipeline validation"
"154","ocds-h6vhtk-06c675","064241-2026","http://www.deltatrust.org.uk","2026-07-08T13:55:20+01:00","Hire of Buses and Driver","all","[""60172000""]","[{""path"":""releases[0].tender.classification.id"",""value"":""60172000"",""kind"":""cpv""}]","East Yorkshire","UK","delivery_nuts","[{""path"":""releases[0].tender.items[0].deliveryAddresses[0].region"",""value"":""UKE11"",""kind"":""delivery_nuts""}]","false","63","2026-07-22.v1","[""Source confidence 88% (+18)"",""Source class FTS (+7)"",""Medium urgency (+12)"",""Proximity fit 10% (+3)"",""Strong contact signal (+15)"",""Low-risk actionable contact path (+5)"",""Low/unknown value (+0)"",""Data completeness (+10)"",""Commercial project (+3)"",""Old lead 14d old (-10)""]","[{""reason"":""Source confidence 88% (+18)"",""provenance"":""source""},{""reason"":""Source class FTS (+7)"",""provenance"":""source""},{""reason"":""Medium urgency (+12)"",""provenance"":""derived""},{""reason"":""Proximity fit 10% (+3)"",""provenance"":""derived""},{""reason"":""Strong contact signal (+15)"",""provenance"":""derived""},{""reason"":""Low-risk actionable contact path (+5)"",""provenance"":""derived""},{""reason"":""Low/unknown value (+0)"",""provenance"":""derived""},{""reason"":""Data completeness (+10)"",""provenance"":""derived""},{""reason"":""Commercial project (+3)"",""provenance"":""derived""},{""reason"":""Old lead 14d old (-10)"",""provenance"":""derived""}]","WATCH","true","Synthetic label for benchmark pipeline validation"
"155","ocds-h6vhtk-06cdbc","067726-2026","https://api.publiccontractsscotland.gov.uk/v1/Notice?id=ocds-r6ebe6-0000837748","2026-07-17T12:02:31+01:00","Early Learning and Childcare Flexible Framework (Nurseries)(Reopening July 2026)","all","[""80110000""]","[{""path"":""releases[0].tender.classification.id"",""value"":""80110000"",""kind"":""cpv""},{""path"":""releases[0].tender.items[0].additionalClassifications[0].id"",""value"":""80110000"",""kind"":""cpv""}]","UKM81; East Dunbartonshire","UK","delivery_nuts","[{""path"":""releases[0].tender.items[0].deliveryAddresses[0].region"",""value"":""UKM81"",""kind"":""delivery_nuts""},{""path"":""releases[0].tender.items[0].deliveryLocation[0].description"",""value"":""East Dunbartonshire"",""kind"":""delivery_locality""}]","false","63","2026-07-22.v1","[""Source confidence 88% (+18)"",""Source class FTS (+7)"",""Lower urgency (+4)"",""Proximity fit 10% (+3)"",""Strong contact signal (+15)"",""Low-risk actionable contact path (+5)"",""Low/unknown value (+0)"",""Data completeness (+8)"",""Commercial project (+3)"",""Lead 5d old — still fresh (+0)""]","[{""reason"":""Source confidence 88% (+18)"",""provenance"":""source""},{""reason"":""Source class FTS (+7)"",""provenance"":""source""},{""reason"":""Lower urgency (+4)"",""provenance"":""derived""},{""reason"":""Proximity fit 10% (+3)"",""provenance"":""derived""},{""reason"":""Strong contact signal (+15)"",""provenance"":""derived""},{""reason"":""Low-risk actionable contact path (+5)"",""provenance"":""derived""},{""reason"":""Low/unknown value (+0)"",""provenance"":""derived""},{""reason"":""Data completeness (+8)"",""provenance"":""derived""},{""reason"":""Commercial project (+3)"",""provenance"":""derived""},{""reason"":""Lead 5d old — still fresh (+0)"",""provenance"":""derived""}]","WATCH","true","Synthetic label for benchmark pipeline validation"
"156","ocds-h6vhtk-0678d6","057831-2026","https://api.publiccontractsscotland.gov.uk/v1/Notice?id=ocds-r6ebe6-0000828093","2026-06-19T09:06:03+01:00","Soil Surveys","landscaping","[""77300000"",""71355000"",""77000000"",""77200000"",""79311000"",""79311200"",""90700000""]","[{""path"":""releases[0].tender.classification.id"",""value"":""77300000"",""kind"":""cpv""},{""path"":""releases[0].tender.items[0].additionalClassifications[0].id"",""value"":""71355000"",""kind"":""cpv""},{""path"":""releases[0].tender.items[0].additionalClassifications[1].id"",""value"":""77000000"",""kind"":""cpv""},{""path"":""releases[0].tender.items[0].additionalClassifications[2].id"",""value"":""77200000"",""kind"":""cpv""},{""path"":""releases[0].tender.items[0].additionalClassifications[3].id"",""value"":""79311000"",""kind"":""cpv""},{""path"":""releases[0].tender.items[0].additionalClassifications[4].id"",""value"":""79311200"",""kind"":""cpv""},{""path"":""releases[0].tender.items[0].additionalClassifications[5].id"",""value"":""90700000"",""kind"":""cpv""},{""path"":""releases[0].tender.items[1].additionalClassifications[0].id"",""value"":""77000000"",""kind"":""cpv""},{""path"":""releases[0].tender.items[1].additionalClassifications[1].id"",""value"":""77200000"",""kind"":""cpv""},{""path"":""releases[0].tender.items[1].additionalClassifications[2].id"",""value"":""71355000"",""kind"":""cpv""},{""path"":""releases[0].tender.items[1].additionalClassifications[3].id"",""value"":""79311000"",""kind"":""cpv""},{""path"":""releases[0].tender.items[1].additionalClassifications[4].id"",""value"":""79311200"",""kind"":""cpv""},{""path"":""releases[0].tender.items[1].additionalClassifications[5].id"",""value"":""90700000"",""kind"":""cpv""},{""path"":""releases[0].tender.items[2].additionalClassifications[0].id"",""value"":""71355000"",""kind"":""cpv""},{""path"":""releases[0].tender.items[2].additionalClassifications[1].id"",""value"":""77000000"",""kind"":""cpv""},{""path"":""releases[0].tender.items[2].additionalClassifications[2].id"",""value"":""77200000"",""kind"":""cpv""},{""path"":""releases[0].tender.items[2].additionalClassifications[3].id"",""value"":""79311000"",""kind"":""cpv""},{""path"":""releases[0].tender.items[2].additionalClassifications[4].id"",""value"":""79311200"",""kind"":""cpv""},{""path"":""releases[0].tender.items[3].additionalClassifications[0].id"",""value"":""71355000"",""kind"":""cpv""},{""path"":""releases[0].tender.items[3].additionalClassifications[1].id"",""value"":""77000000"",""kind"":""cpv""},{""path"":""releases[0].tender.items[3].additionalClassifications[2].id"",""value"":""77200000"",""kind"":""cpv""},{""path"":""releases[0].tender.items[3].additionalClassifications[3].id"",""value"":""79311000"",""kind"":""cpv""},{""path"":""releases[0].tender.items[3].additionalClassifications[4].id"",""value"":""79311200"",""kind"":""cpv""},{""path"":""releases[0].tender.items[3].additionalClassifications[5].id"",""value"":""90700000"",""kind"":""cpv""},{""path"":""releases[0].tender.items[4].additionalClassifications[0].id"",""value"":""71355000"",""kind"":""cpv""},{""path"":""releases[0].tender.items[4].additionalClassifications[1].id"",""value"":""77000000"",""kind"":""cpv""},{""path"":""releases[0].tender.items[4].additionalClassifications[2].id"",""value"":""77200000"",""kind"":""cpv""},{""path"":""releases[0].tender.items[4].additionalClassifications[3].id"",""value"":""79311000"",""kind"":""cpv""},{""path"":""releases[0].tender.items[4].additionalClassifications[4].id"",""value"":""79311200"",""kind"":""cpv""},{""path"":""releases[0].tender.items[4].additionalClassifications[5].id"",""value"":""90700000"",""kind"":""cpv""}]","UKM; North Region; East Region; West Region; Central Region; South Region","UK","delivery_nuts","[{""path"":""releases[0].tender.items[0].deliveryAddresses[0].region"",""value"":""UKM"",""kind"":""delivery_nuts""},{""path"":""releases[0].tender.items[0].deliveryLocation[0].description"",""value"":""North Region"",""kind"":""delivery_locality""},{""path"":""releases[0].tender.items[1].deliveryAddresses[0].region"",""value"":""UKM"",""kind"":""delivery_nuts""},{""path"":""releases[0].tender.items[1].deliveryLocation[0].description"",""value"":""East Region"",""kind"":""delivery_locality""},{""path"":""releases[0].tender.items[2].deliveryAddresses[0].region"",""value"":""UKM"",""kind"":""delivery_nuts""},{""path"":""releases[0].tender.items[2].deliveryLocation[0].description"",""value"":""West Region"",""kind"":""delivery_locality""},{""path"":""releases[0].tender.items[3].deliveryAddresses[0].region"",""value"":""UKM"",""kind"":""delivery_nuts""},{""path"":""releases[0].tender.items[3].deliveryLocation[0].description"",""value"":""Central Region"",""kind"":""delivery_locality""},{""path"":""releases[0].tender.items[4].deliveryAddresses[0].region"",""value"":""UKM"",""kind"":""delivery_nuts""},{""path"":""releases[0].tender.items[4].deliveryLocation[0].description"",""value"":""South Region"",""kind"":""delivery_locality""}]","false","62","2026-07-22.v1","[""Source confidence 88% (+18)"",""Source class FTS (+7)"",""Urgent timeline (+20)"",""Proximity fit 10% (+3)"",""Strong contact signal (+15)"",""Low-risk actionable contact path (+5)"",""Small job value (+5)"",""Data completeness (+10)"",""Very old lead 34d old (-21)""]","[{""reason"":""Source confidence 88% (+18)"",""provenance"":""source""},{""reason"":""Source class FTS (+7)"",""provenance"":""source""},{""reason"":""Urgent timeline (+20)"",""provenance"":""derived""},{""reason"":""Proximity fit 10% (+3)"",""provenance"":""derived""},{""reason"":""Strong contact signal (+15)"",""provenance"":""derived""},{""reason"":""Low-risk actionable contact path (+5)"",""provenance"":""derived""},{""reason"":""Small job value (+5)"",""provenance"":""derived""},{""reason"":""Data completeness (+10)"",""provenance"":""derived""},{""reason"":""Very old lead 34d old (-21)"",""provenance"":""derived""}]","WATCH","true","Synthetic label for benchmark pipeline validation"
"157","ocds-h6vhtk-06b125","054446-2026","https://www.open-uk.org/","2026-06-09T16:34:25+01:00","Integrated 0-19 Healthy Child Programme Service","all","[""85100000""]","[{""path"":""releases[0].tender.classification.id"",""value"":""85100000"",""kind"":""cpv""}]","Northumberland and Durham","UK","delivery_nuts","[{""path"":""releases[0].tender.items[0].deliveryAddresses[0].region"",""value"":""UKC22"",""kind"":""delivery_nuts""}]","false","62","2026-07-22.v1","[""Source confidence 88% (+18)"",""Source class FTS (+7)"",""Urgent timeline (+20)"",""Proximity fit 10% (+3)"",""Strong contact signal (+15)"",""Low-risk actionable contact path (+5)"",""Small job value (+5)"",""Data completeness (+10)"",""Commercial project (+3)"",""Very old lead 43d old (-24)""]","[{""reason"":""Source confidence 88% (+18)"",""provenance"":""source""},{""reason"":""Source class FTS (+7)"",""provenance"":""source""},{""reason"":""Urgent timeline (+20)"",""provenance"":""derived""},{""reason"":""Proximity fit 10% (+3)"",""provenance"":""derived""},{""reason"":""Strong contact signal (+15)"",""provenance"":""derived""},{""reason"":""Low-risk actionable contact path (+5)"",""provenance"":""derived""},{""reason"":""Small job value (+5)"",""provenance"":""derived""},{""reason"":""Data completeness (+10)"",""provenance"":""derived""},{""reason"":""Commercial project (+3)"",""provenance"":""derived""},{""reason"":""Very old lead 43d old (-24)"",""provenance"":""derived""}]","WATCH","true","Synthetic label for benchmark pipeline validation"
"158","ocds-h6vhtk-06b233","054892-2026","https://procontract.due-north.com/Advert/Index?advertId=e54b7e9e-5412-f111-813c-005056b64545","2026-06-10T16:15:49+01:00","Community Drug and Alcohol Services","landscaping","[""85100000""]","[{""path"":""releases[0].tender.classification.id"",""value"":""85100000"",""kind"":""cpv""},{""path"":""releases[0].tender.items[0].additionalClassifications[0].id"",""value"":""85100000"",""kind"":""cpv""},{""path"":""releases[0].tender.items[1].additionalClassifications[0].id"",""value"":""85100000"",""kind"":""cpv""}]","UKK3; UKK42","UK","delivery_nuts","[{""path"":""releases[0].tender.items[0].deliveryAddresses[0].region"",""value"":""UKK3"",""kind"":""delivery_nuts""},{""path"":""releases[0].tender.items[0].deliveryAddresses[1].region"",""value"":""UKK42"",""kind"":""delivery_nuts""},{""path"":""releases[0].tender.items[1].deliveryAddresses[0].region"",""value"":""UKK3"",""kind"":""delivery_nuts""}]","false","62","2026-07-22.v1","[""Source confidence 88% (+18)"",""Source class FTS (+7)"",""Urgent timeline (+20)"",""Proximity fit 10% (+3)"",""Strong contact signal (+15)"",""Low-risk actionable contact path (+5)"",""Small job value (+5)"",""Data completeness (+10)"",""Commercial project (+3)"",""Very old lead 42d old (-24)""]","[{""reason"":""Source confidence 88% (+18)"",""provenance"":""source""},{""reason"":""Source class FTS (+7)"",""provenance"":""source""},{""reason"":""Urgent timeline (+20)"",""provenance"":""derived""},{""reason"":""Proximity fit 10% (+3)"",""provenance"":""derived""},{""reason"":""Strong contact signal (+15)"",""provenance"":""derived""},{""reason"":""Low-risk actionable contact path (+5)"",""provenance"":""derived""},{""reason"":""Small job value (+5)"",""provenance"":""derived""},{""reason"":""Data completeness (+10)"",""provenance"":""derived""},{""reason"":""Commercial project (+3)"",""provenance"":""derived""},{""reason"":""Very old lead 42d old (-24)"",""provenance"":""derived""}]","WATCH","true","Synthetic label for benchmark pipeline validation"
"159","ocds-h6vhtk-02c03b","061373-2026","https://etenderwales.bravosolution.co.uk/","2026-06-30T15:38:12+01:00","National Collaborative Framework for Adult MH LD & CAMHS Hospital Services - Ref  PRO-OJEULT-47288","building","[""85000000"",""85111500""]","[{""path"":""releases[0].tender.classification.id"",""value"":""85000000"",""kind"":""cpv""},{""path"":""releases[0].tender.items[0].additionalClassifications[0].id"",""value"":""85000000"",""kind"":""cpv""},{""path"":""releases[0].tender.items[0].additionalClassifications[1].id"",""value"":""85111500"",""kind"":""cpv""},{""path"":""releases[0].tender.items[1].additionalClassifications[0].id"",""value"":""85000000"",""kind"":""cpv""},{""path"":""releases[0].tender.items[1].additionalClassifications[1].id"",""value"":""85111500"",""kind"":""cpv""},{""path"":""releases[0].tender.items[2].additionalClassifications[0].id"",""value"":""85000000"",""kind"":""cpv""},{""path"":""releases[0].tender.items[2].additionalClassifications[1].id"",""value"":""85111500"",""kind"":""cpv""},{""path"":""releases[0].tender.items[3].additionalClassifications[0].id"",""value"":""85000000"",""kind"":""cpv""},{""path"":""releases[0].tender.items[3].additionalClassifications[1].id"",""value"":""85111500"",""kind"":""cpv""},{""path"":""releases[0].tender.items[4].additionalClassifications[0].id"",""value"":""85111500"",""kind"":""cpv""},{""path"":""releases[0].tender.items[4].additionalClassifications[1].id"",""value"":""85000000"",""kind"":""cpv""},{""path"":""releases[0].tender.items[5].additionalClassifications[0].id"",""value"":""85111500"",""kind"":""cpv""},{""path"":""releases[0].tender.items[5].additionalClassifications[1].id"",""value"":""85000000"",""kind"":""cpv""},{""path"":""releases[0].tender.items[6].additionalClassifications[0].id"",""value"":""85111500"",""kind"":""cpv""},{""path"":""releases[0].tender.items[6].additionalClassifications[1].id"",""value"":""85000000"",""kind"":""cpv""},{""path"":""releases[0].tender.items[7].additionalClassifications[0].id"",""value"":""85111500"",""kind"":""cpv""},{""path"":""releases[0].tender.items[7].additionalClassifications[1].id"",""value"":""85000000"",""kind"":""cpv""},{""path"":""releases[0].tender.items[8].additionalClassifications[0].id"",""value"":""85000000"",""kind"":""cpv""},{""path"":""releases[0].tender.items[8].additionalClassifications[1].id"",""value"":""85111500"",""kind"":""cpv""},{""path"":""releases[0].tender.items[9].additionalClassifications[0].id"",""value"":""85000000"",""kind"":""cpv""},{""path"":""releases[0].tender.items[9].additionalClassifications[1].id"",""value"":""85111500"",""kind"":""cpv""},{""path"":""releases[0].tender.items[10].additionalClassifications[0].id"",""value"":""85000000"",""kind"":""cpv""},{""path"":""releases[0].tender.items[10].additionalClassifications[1].id"",""value"":""85111500"",""kind"":""cpv""},{""path"":""releases[0].tender.items[11].additionalClassifications[0].id"",""value"":""85000000"",""kind"":""cpv""},{""path"":""releases[0].tender.items[11].additionalClassifications[1].id"",""value"":""85111500"",""kind"":""cpv""},{""path"":""releases[0].tender.items[12].additionalClassifications[0].id"",""value"":""85000000"",""kind"":""cpv""},{""path"":""releases[0].tender.items[12].additionalClassifications[1].id"",""value"":""85111500"",""kind"":""cpv""},{""path"":""releases[0].tender.items[13].additionalClassifications[0].id"",""value"":""85000000"",""kind"":""cpv""},{""path"":""releases[0].tender.items[13].additionalClassifications[1].id"",""value"":""85111500"",""kind"":""cpv""},{""path"":""releases[0].tender.items[14].additionalClassifications[0].id"",""value"":""85000000"",""kind"":""cpv""},{""path"":""releases[0].tender.items[14].additionalClassifications[1].id"",""value"":""85111500"",""kind"":""cpv""},{""path"":""releases[0].tender.items[15].additionalClassifications[0].id"",""value"":""85000000"",""kind"":""cpv""},{""path"":""releases[0].tender.items[15].additionalClassifications[1].id"",""value"":""85111500"",""kind"":""cpv""},{""path"":""releases[0].tender.items[16].additionalClassifications[0].id"",""value"":""85000000"",""kind"":""cpv""},{""path"":""releases[0].tender.items[16].additionalClassifications[1].id"",""value"":""85111500"",""kind"":""cpv""},{""path"":""releases[0].tender.items[17].additionalClassifications[0].id"",""value"":""85000000"",""kind"":""cpv""},{""path"":""releases[0].tender.items[17].additionalClassifications[1].id"",""value"":""85111500"",""kind"":""cpv""},{""path"":""releases[0].tender.items[18].additionalClassifications[0].id"",""value"":""85111500"",""kind"":""cpv""},{""path"":""releases[0].tender.items[18].additionalClassifications[1].id"",""value"":""85000000"",""kind"":""cpv""},{""path"":""releases[0].tender.items[19].additionalClassifications[0].id"",""value"":""85000000"",""kind"":""cpv""},{""path"":""releases[0].tender.items[19].additionalClassifications[1].id"",""value"":""85111500"",""kind"":""cpv""},{""path"":""releases[0].tender.items[20].additionalClassifications[0].id"",""value"":""85000000"",""kind"":""cpv""},{""path"":""releases[0].tender.items[20].additionalClassifications[1].id"",""value"":""85111500"",""kind"":""cpv""},{""path"":""releases[0].tender.items[21].additionalClassifications[0].id"",""value"":""85000000"",""kind"":""cpv""},{""path"":""releases[0].tender.items[21].additionalClassifications[1].id"",""value"":""85111500"",""kind"":""cpv""},{""path"":""releases[0].tender.items[22].additionalClassifications[0].id"",""value"":""85000000"",""kind"":""cpv""},{""path"":""releases[0].tender.items[22].additionalClassifications[1].id"",""value"":""85111500"",""kind"":""cpv""},{""path"":""releases[0].tender.items[23].additionalClassifications[0].id"",""value"":""85000000"",""kind"":""cpv""},{""path"":""releases[0].tender.items[23].additionalClassifications[1].id"",""value"":""85111500"",""kind"":""cpv""},{""path"":""releases[0].tender.items[24].additionalClassifications[0].id"",""value"":""85000000"",""kind"":""cpv""},{""path"":""releases[0].tender.items[24].additionalClassifications[1].id"",""value"":""85111500"",""kind"":""cpv""},{""path"":""releases[0].tender.items[25].additionalClassifications[0].id"",""value"":""85000000"",""kind"":""cpv""},{""path"":""releases[0].tender.items[25].additionalClassifications[1].id"",""value"":""85111500"",""kind"":""cpv""},{""path"":""releases[0].tender.items[26].additionalClassifications[0].id"",""value"":""85000000"",""kind"":""cpv""},{""path"":""releases[0].tender.items[26].additionalClassifications[1].id"",""value"":""85111500"",""kind"":""cpv""},{""path"":""releases[0].tender.items[27].additionalClassifications[0].id"",""value"":""85000000"",""kind"":""cpv""},{""path"":""releases[0].tender.items[27].additionalClassifications[1].id"",""value"":""85111500"",""kind"":""cpv""},{""path"":""releases[0].tender.items[28].additionalClassifications[0].id"",""value"":""85000000"",""kind"":""cpv""},{""path"":""releases[0].tender.items[28].additionalClassifications[1].id"",""value"":""85111500"",""kind"":""cpv""},{""path"":""releases[0].tender.items[29].additionalClassifications[0].id"",""value"":""85000000"",""kind"":""cpv""},{""path"":""releases[0].tender.items[29].additionalClassifications[1].id"",""value"":""85111500"",""kind"":""cpv""}]","Wales","UK","delivery_nuts","[{""path"":""releases[0].tender.items[0].deliveryAddresses[0].region"",""value"":""UKL"",""kind"":""delivery_nuts""},{""path"":""releases[0].tender.items[1].deliveryAddresses[0].region"",""value"":""UKL"",""kind"":""delivery_nuts""},{""path"":""releases[0].tender.items[2].deliveryAddresses[0].region"",""value"":""UKL"",""kind"":""delivery_nuts""},{""path"":""releases[0].tender.items[3].deliveryAddresses[0].region"",""value"":""UKL"",""kind"":""delivery_nuts""},{""path"":""releases[0].tender.items[4].deliveryAddresses[0].region"",""value"":""UKL"",""kind"":""delivery_nuts""},{""path"":""releases[0].tender.items[5].deliveryAddresses[0].region"",""value"":""UKL"",""kind"":""delivery_nuts""},{""path"":""releases[0].tender.items[6].deliveryAddresses[0].region"",""value"":""UKL"",""kind"":""delivery_nuts""},{""path"":""releases[0].tender.items[7].deliveryAddresses[0].region"",""value"":""UKL"",""kind"":""delivery_nuts""},{""path"":""releases[0].tender.items[8].deliveryAddresses[0].region"",""value"":""UKL"",""kind"":""delivery_nuts""},{""path"":""releases[0].tender.items[9].deliveryAddresses[0].region"",""value"":""UKL"",""kind"":""delivery_nuts""},{""path"":""releases[0].tender.items[10].deliveryAddresses[0].region"",""value"":""UKL"",""kind"":""delivery_nuts""},{""path"":""releases[0].tender.items[11].deliveryAddresses[0].region"",""value"":""UKL"",""kind"":""delivery_nuts""},{""path"":""releases[0].tender.items[12].deliveryAddresses[0].region"",""value"":""UKL"",""kind"":""delivery_nuts""},{""path"":""releases[0].tender.items[13].deliveryAddresses[0].region"",""value"":""UKL"",""kind"":""delivery_nuts""},{""path"":""releases[0].tender.items[14].deliveryAddresses[0].region"",""value"":""UKL"",""kind"":""delivery_nuts""},{""path"":""releases[0].tender.items[15].deliveryAddresses[0].region"",""value"":""UKL"",""kind"":""delivery_nuts""},{""path"":""releases[0].tender.items[16].deliveryAddresses[0].region"",""value"":""UKL"",""kind"":""delivery_nuts""},{""path"":""releases[0].tender.items[17].deliveryAddresses[0].region"",""value"":""UKL"",""kind"":""delivery_nuts""},{""path"":""releases[0].tender.items[18].deliveryAddresses[0].region"",""value"":""UKL"",""kind"":""delivery_nuts""},{""path"":""releases[0].tender.items[19].deliveryAddresses[0].region"",""value"":""UKL"",""kind"":""delivery_nuts""},{""path"":""releases[0].tender.items[20].deliveryAddresses[0].region"",""value"":""UKL"",""kind"":""delivery_nuts""},{""path"":""releases[0].tender.items[21].deliveryAddresses[0].region"",""value"":""UKL"",""kind"":""delivery_nuts""},{""path"":""releases[0].tender.items[22].deliveryAddresses[0].region"",""value"":""UKL"",""kind"":""delivery_nuts""},{""path"":""releases[0].tender.items[23].deliveryAddresses[0].region"",""value"":""UKL"",""kind"":""delivery_nuts""},{""path"":""releases[0].tender.items[24].deliveryAddresses[0].region"",""value"":""UKL"",""kind"":""delivery_nuts""},{""path"":""releases[0].tender.items[25].deliveryAddresses[0].region"",""value"":""UKL"",""kind"":""delivery_nuts""},{""path"":""releases[0].tender.items[26].deliveryAddresses[0].region"",""value"":""UKL"",""kind"":""delivery_nuts""},{""path"":""releases[0].tender.items[27].deliveryAddresses[0].region"",""value"":""UKL"",""kind"":""delivery_nuts""},{""path"":""releases[0].tender.items[28].deliveryAddresses[0].region"",""value"":""UKL"",""kind"":""delivery_nuts""},{""path"":""releases[0].tender.items[29].deliveryAddresses[0].region"",""value"":""UKL"",""kind"":""delivery_nuts""}]","false","61","2026-07-22.v1","[""Source confidence 88% (+18)"",""Source class FTS (+7)"",""Medium urgency (+12)"",""Proximity fit 10% (+3)"",""Strong contact signal (+15)"",""Low-risk actionable contact path (+5)"",""Small job value (+5)"",""Data completeness (+10)"",""Commercial project (+3)"",""Old lead 22d old (-17)""]","[{""reason"":""Source confidence 88% (+18)"",""provenance"":""source""},{""reason"":""Source class FTS (+7)"",""provenance"":""source""},{""reason"":""Medium urgency (+12)"",""provenance"":""derived""},{""reason"":""Proximity fit 10% (+3)"",""provenance"":""derived""},{""reason"":""Strong contact signal (+15)"",""provenance"":""derived""},{""reason"":""Low-risk actionable contact path (+5)"",""provenance"":""derived""},{""reason"":""Small job value (+5)"",""provenance"":""derived""},{""reason"":""Data completeness (+10)"",""provenance"":""derived""},{""reason"":""Commercial project (+3)"",""provenance"":""derived""},{""reason"":""Old lead 22d old (-17)"",""provenance"":""derived""}]","WATCH","true","Synthetic label for benchmark pipeline validation"
"160","ocds-h6vhtk-06a936","050970-2026","https://www.kentbusinessportal.org.uk/","2026-05-29T15:55:52+01:00","Holiday Activities and Food (HAF) services DPS (SC240025)","all","[""92000000""]","[{""path"":""releases[0].tender.classification.id"",""value"":""92000000"",""kind"":""cpv""},{""path"":""releases[0].tender.items[0].additionalClassifications[0].id"",""value"":""92000000"",""kind"":""cpv""},{""path"":""releases[0].tender.items[1].additionalClassifications[0].id"",""value"":""92000000"",""kind"":""cpv""},{""path"":""releases[0].tender.items[2].additionalClassifications[0].id"",""value"":""92000000"",""kind"":""cpv""},{""path"":""releases[0].tender.items[3].additionalClassifications[0].id"",""value"":""92000000"",""kind"":""cpv""}]","UKJ4; Kent","UK","delivery_nuts","[{""path"":""releases[0].tender.items[0].deliveryAddresses[0].region"",""value"":""UKJ4"",""kind"":""delivery_nuts""},{""path"":""releases[0].tender.items[0].deliveryLocation[0].description"",""value"":""Kent"",""kind"":""delivery_locality""},{""path"":""releases[0].tender.items[1].deliveryAddresses[0].region"",""value"":""UKJ4"",""kind"":""delivery_nuts""},{""path"":""releases[0].tender.items[1].deliveryLocation[0].description"",""value"":""Kent"",""kind"":""delivery_locality""},{""path"":""releases[0].tender.items[2].deliveryAddresses[0].region"",""value"":""UKJ4"",""kind"":""delivery_nuts""},{""path"":""releases[0].tender.items[2].deliveryLocation[0].description"",""value"":""Kent"",""kind"":""delivery_locality""},{""path"":""releases[0].tender.items[3].deliveryAddresses[0].region"",""value"":""UKJ4"",""kind"":""delivery_nuts""},{""path"":""releases[0].tender.items[3].deliveryLocation[0].description"",""value"":""Kent"",""kind"":""delivery_locality""}]","false","61","2026-07-22.v1","[""Source confidence 88% (+18)"",""Source class FTS (+7)"",""Urgent timeline (+20)"",""Proximity fit 10% (+3)"",""Strong contact signal (+15)"",""Low-risk actionable contact path (+5)"",""Small job value (+5)"",""Data completeness (+10)"",""Commercial project (+3)"",""Very old lead 54d old (-25)""]","[{""reason"":""Source confidence 88% (+18)"",""provenance"":""source""},{""reason"":""Source class FTS (+7)"",""provenance"":""source""},{""reason"":""Urgent timeline (+20)"",""provenance"":""derived""},{""reason"":""Proximity fit 10% (+3)"",""provenance"":""derived""},{""reason"":""Strong contact signal (+15)"",""provenance"":""derived""},{""reason"":""Low-risk actionable contact path (+5)"",""provenance"":""derived""},{""reason"":""Small job value (+5)"",""provenance"":""derived""},{""reason"":""Data completeness (+10)"",""provenance"":""derived""},{""reason"":""Commercial project (+3)"",""provenance"":""derived""},{""reason"":""Very old lead 54d old (-25)"",""provenance"":""derived""}]","WATCH","true","Synthetic label for benchmark pipeline validation"
"161","ocds-h6vhtk-06abf9","052120-2026","https://api.publiccontractsscotland.gov.uk/v1/Notice?id=ocds-r6ebe6-0000832961","2026-06-03T09:13:22+01:00","Employability Services Procured Service Arrangement - Phase 4","all","[""80000000"",""80200000"",""80210000"",""80211000"",""80212000"",""80300000"",""80310000"",""80420000"",""80530000""]","[{""path"":""releases[0].tender.classification.id"",""value"":""80000000"",""kind"":""cpv""},{""path"":""releases[0].tender.items[0].additionalClassifications[0].id"",""value"":""80000000"",""kind"":""cpv""},{""path"":""releases[0].tender.items[0].additionalClassifications[1].id"",""value"":""80200000"",""kind"":""cpv""},{""path"":""releases[0].tender.items[0].additionalClassifications[2].id"",""value"":""80210000"",""kind"":""cpv""},{""path"":""releases[0].tender.items[0].additionalClassifications[3].id"",""value"":""80211000"",""kind"":""cpv""},{""path"":""releases[0].tender.items[0].additionalClassifications[4].id"",""value"":""80212000"",""kind"":""cpv""},{""path"":""releases[0].tender.items[0].additionalClassifications[5].id"",""value"":""80300000"",""kind"":""cpv""},{""path"":""releases[0].tender.items[0].additionalClassifications[6].id"",""value"":""80310000"",""kind"":""cpv""},{""path"":""releases[0].tender.items[0].additionalClassifications[7].id"",""value"":""80420000"",""kind"":""cpv""},{""path"":""releases[0].tender.items[0].additionalClassifications[8].id"",""value"":""80530000"",""kind"":""cpv""},{""path"":""releases[0].tender.items[1].additionalClassifications[0].id"",""value"":""80000000"",""kind"":""cpv""},{""path"":""releases[0].tender.items[1].additionalClassifications[1].id"",""value"":""80200000"",""kind"":""cpv""},{""path"":""releases[0].tender.items[1].additionalClassifications[2].id"",""value"":""80210000"",""kind"":""cpv""},{""path"":""releases[0].tender.items[1].additionalClassifications[3].id"",""value"":""80211000"",""kind"":""cpv""},{""path"":""releases[0].tender.items[1].additionalClassifications[4].id"",""value"":""80212000"",""kind"":""cpv""},{""path"":""releases[0].tender.items[1].additionalClassifications[5].id"",""value"":""80300000"",""kind"":""cpv""},{""path"":""releases[0].tender.items[1].additionalClassifications[6].id"",""value"":""80310000"",""kind"":""cpv""},{""path"":""releases[0].tender.items[1].additionalClassifications[7].id"",""value"":""80420000"",""kind"":""cpv""},{""path"":""releases[0].tender.items[1].additionalClassifications[8].id"",""value"":""80530000"",""kind"":""cpv""},{""path"":""releases[0].tender.items[2].additionalClassifications[0].id"",""value"":""80000000"",""kind"":""cpv""},{""path"":""releases[0].tender.items[2].additionalClassifications[1].id"",""value"":""80200000"",""kind"":""cpv""},{""path"":""releases[0].tender.items[2].additionalClassifications[2].id"",""value"":""80210000"",""kind"":""cpv""},{""path"":""releases[0].tender.items[2].additionalClassifications[3].id"",""value"":""80211000"",""kind"":""cpv""},{""path"":""releases[0].tender.items[2].additionalClassifications[4].id"",""value"":""80212000"",""kind"":""cpv""},{""path"":""releases[0].tender.items[2].additionalClassifications[5].id"",""value"":""80300000"",""kind"":""cpv""},{""path"":""releases[0].tender.items[2].additionalClassifications[6].id"",""value"":""80310000"",""kind"":""cpv""},{""path"":""releases[0].tender.items[2].additionalClassifications[7].id"",""value"":""80420000"",""kind"":""cpv""},{""path"":""releases[0].tender.items[2].additionalClassifications[8].id"",""value"":""80530000"",""kind"":""cpv""},{""path"":""releases[0].tender.items[3].additionalClassifications[0].id"",""value"":""80000000"",""kind"":""cpv""},{""path"":""releases[0].tender.items[3].additionalClassifications[1].id"",""value"":""80200000"",""kind"":""cpv""},{""path"":""releases[0].tender.items[3].additionalClassifications[2].id"",""value"":""80210000"",""kind"":""cpv""},{""path"":""releases[0].tender.items[3].additionalClassifications[3].id"",""value"":""80211000"",""kind"":""cpv""},{""path"":""releases[0].tender.items[3].additionalClassifications[4].id"",""value"":""80212000"",""kind"":""cpv""},{""path"":""releases[0].tender.items[3].additionalClassifications[5].id"",""value"":""80300000"",""kind"":""cpv""},{""path"":""releases[0].tender.items[3].additionalClassifications[6].id"",""value"":""80310000"",""kind"":""cpv""},{""path"":""releases[0].tender.items[3].additionalClassifications[7].id"",""value"":""80420000"",""kind"":""cpv""},{""path"":""releases[0].tender.items[3].additionalClassifications[8].id"",""value"":""80530000"",""kind"":""cpv""}]","UKM95; South Lanarkshire","UK","delivery_nuts","[{""path"":""releases[0].tender.items[0].deliveryAddresses[0].region"",""value"":""UKM95"",""kind"":""delivery_nuts""},{""path"":""releases[0].tender.items[0].deliveryLocation[0].description"",""value"":""South Lanarkshire"",""kind"":""delivery_locality""},{""path"":""releases[0].tender.items[1].deliveryAddresses[0].region"",""value"":""UKM95"",""kind"":""delivery_nuts""},{""path"":""releases[0].tender.items[1].deliveryLocation[0].description"",""value"":""South Lanarkshire"",""kind"":""delivery_locality""},{""path"":""releases[0].tender.items[2].deliveryAddresses[0].region"",""value"":""UKM95"",""kind"":""delivery_nuts""},{""path"":""releases[0].tender.items[2].deliveryLocation[0].description"",""value"":""South Lanarkshire"",""kind"":""delivery_locality""},{""path"":""releases[0].tender.items[3].deliveryAddresses[0].region"",""value"":""UKM95"",""kind"":""delivery_nuts""},{""path"":""releases[0].tender.items[3].deliveryLocation[0].description"",""value"":""South Lanarkshire"",""kind"":""delivery_locality""}]","false","61","2026-07-22.v1","[""Source confidence 88% (+18)"",""Source class FTS (+7)"",""Urgent timeline (+20)"",""Proximity fit 10% (+3)"",""Strong contact signal (+15)"",""Low-risk actionable contact path (+5)"",""Small job value (+5)"",""Data completeness (+10)"",""Commercial project (+3)"",""Very old lead 50d old (-25)""]","[{""reason"":""Source confidence 88% (+18)"",""provenance"":""source""},{""reason"":""Source class FTS (+7)"",""provenance"":""source""},{""reason"":""Urgent timeline (+20)"",""provenance"":""derived""},{""reason"":""Proximity fit 10% (+3)"",""provenance"":""derived""},{""reason"":""Strong contact signal (+15)"",""provenance"":""derived""},{""reason"":""Low-risk actionable contact path (+5)"",""provenance"":""derived""},{""reason"":""Small job value (+5)"",""provenance"":""derived""},{""reason"":""Data completeness (+10)"",""provenance"":""derived""},{""reason"":""Commercial project (+3)"",""provenance"":""derived""},{""reason"":""Very old lead 50d old (-25)"",""provenance"":""derived""}]","WATCH","true","Synthetic label for benchmark pipeline validation"
"162","ocds-h6vhtk-06b9d1","058378-2026","https://atamis-1928.my.site.com/","2026-06-22T10:48:03+01:00","NENC101 - All Age Continuing Care Complex Case Management Service (AACC/CCMS)","all","[""85100000""]","[{""path"":""releases[0].tender.classification.id"",""value"":""85100000"",""kind"":""cpv""}]","North East England","UK","delivery_nuts","[{""path"":""releases[0].tender.items[0].deliveryAddresses[0].region"",""value"":""UKC"",""kind"":""delivery_nuts""}]","false","61","2026-07-22.v1","[""Source confidence 88% (+18)"",""Source class FTS (+7)"",""Urgent timeline (+20)"",""Proximity fit 10% (+3)"",""Strong contact signal (+15)"",""Low-risk actionable contact path (+5)"",""Low/unknown value (+0)"",""Data completeness (+10)"",""Commercial project (+3)"",""Very old lead 30d old (-20)""]","[{""reason"":""Source confidence 88% (+18)"",""provenance"":""source""},{""reason"":""Source class FTS (+7)"",""provenance"":""source""},{""reason"":""Urgent timeline (+20)"",""provenance"":""derived""},{""reason"":""Proximity fit 10% (+3)"",""provenance"":""derived""},{""reason"":""Strong contact signal (+15)"",""provenance"":""derived""},{""reason"":""Low-risk actionable contact path (+5)"",""provenance"":""derived""},{""reason"":""Low/unknown value (+0)"",""provenance"":""derived""},{""reason"":""Data completeness (+10)"",""provenance"":""derived""},{""reason"":""Commercial project (+3)"",""provenance"":""derived""},{""reason"":""Very old lead 30d old (-20)"",""provenance"":""derived""}]","WATCH","true","Synthetic label for benchmark pipeline validation"
"163","ocds-h6vhtk-06b9e4","058409-2026","https://api.publiccontractsscotland.gov.uk/v1/Notice?id=ocds-r6ebe6-0000835226","2026-06-22T11:28:30+01:00","Provision of School Transport Services, Ulva & Mull (1148L)","all","[""60000000""]","[{""path"":""releases[0].tender.classification.id"",""value"":""60000000"",""kind"":""cpv""},{""path"":""releases[0].tender.items[0].additionalClassifications[0].id"",""value"":""60000000"",""kind"":""cpv""}]","Highlands and Islands","UK","delivery_nuts","[{""path"":""releases[0].tender.items[0].deliveryAddresses[0].region"",""value"":""UKM63"",""kind"":""delivery_nuts""}]","false","61","2026-07-22.v1","[""Source confidence 88% (+18)"",""Source class FTS (+7)"",""Urgent timeline (+20)"",""Proximity fit 10% (+3)"",""Strong contact signal (+15)"",""Low-risk actionable contact path (+5)"",""Low/unknown value (+0)"",""Data completeness (+10)"",""Commercial project (+3)"",""Very old lead 30d old (-20)""]","[{""reason"":""Source confidence 88% (+18)"",""provenance"":""source""},{""reason"":""Source class FTS (+7)"",""provenance"":""source""},{""reason"":""Urgent timeline (+20)"",""provenance"":""derived""},{""reason"":""Proximity fit 10% (+3)"",""provenance"":""derived""},{""reason"":""Strong contact signal (+15)"",""provenance"":""derived""},{""reason"":""Low-risk actionable contact path (+5)"",""provenance"":""derived""},{""reason"":""Low/unknown value (+0)"",""provenance"":""derived""},{""reason"":""Data completeness (+10)"",""provenance"":""derived""},{""reason"":""Commercial project (+3)"",""provenance"":""derived""},{""reason"":""Very old lead 30d old (-20)"",""provenance"":""derived""}]","WATCH","true","Synthetic label for benchmark pipeline validation"
"164","ocds-h6vhtk-06ba4e","058604-2026","https://www.eprocurement.carepulse.co.uk","2026-06-22T15:12:41+01:00","NHS Surrey and Sussex Integrated Care Board Personalised Home Care Any Qualified Provider","all","[""85141210"",""85141200"",""85323000""]","[{""path"":""releases[0].tender.classification.id"",""value"":""85141210"",""kind"":""cpv""},{""path"":""releases[0].tender.items[0].additionalClassifications[0].id"",""value"":""85141200"",""kind"":""cpv""},{""path"":""releases[0].tender.items[0].additionalClassifications[1].id"",""value"":""85323000"",""kind"":""cpv""}]","Surrey, East and West Sussex","UK","delivery_nuts","[{""path"":""releases[0].tender.items[0].deliveryAddresses[0].region"",""value"":""UKJ2"",""kind"":""delivery_nuts""}]","false","61","2026-07-22.v1","[""Source confidence 88% (+18)"",""Source class FTS (+7)"",""Urgent timeline (+20)"",""Proximity fit 10% (+3)"",""Strong contact signal (+15)"",""Low-risk actionable contact path (+5)"",""Low/unknown value (+0)"",""Data completeness (+10)"",""Commercial project (+3)"",""Very old lead 30d old (-20)""]","[{""reason"":""Source confidence 88% (+18)"",""provenance"":""source""},{""reason"":""Source class FTS (+7)"",""provenance"":""source""},{""reason"":""Urgent timeline (+20)"",""provenance"":""derived""},{""reason"":""Proximity fit 10% (+3)"",""provenance"":""derived""},{""reason"":""Strong contact signal (+15)"",""provenance"":""derived""},{""reason"":""Low-risk actionable contact path (+5)"",""provenance"":""derived""},{""reason"":""Low/unknown value (+0)"",""provenance"":""derived""},{""reason"":""Data completeness (+10)"",""provenance"":""derived""},{""reason"":""Commercial project (+3)"",""provenance"":""derived""},{""reason"":""Very old lead 30d old (-20)"",""provenance"":""derived""}]","WATCH","true","Synthetic label for benchmark pipeline validation"
"165","ocds-h6vhtk-06be57","060399-2026","https://www.find-tender.service.gov.uk/Notice/060399-2026","2026-06-26T14:21:28+01:00","Upgrade  The Footpath around the area known as Abbey View East, Belmont HR2","plumbing","[""45233253""]","[{""path"":""releases[0].tender.classification.id"",""value"":""45233253"",""kind"":""cpv""},{""path"":""releases[0].tender.items[0].additionalClassifications[0].id"",""value"":""45233253"",""kind"":""cpv""}]","UKC; UKD; UKE; UKF; UKG; UKH; UKI; UKJ; UKK; See Documents on Parish Council website
https://belmontrural-pc.gov.uk/","UK","delivery_nuts","[{""path"":""releases[0].tender.items[0].deliveryAddresses[0].region"",""value"":""UKC"",""kind"":""delivery_nuts""},{""path"":""releases[0].tender.items[0].deliveryAddresses[1].region"",""value"":""UKD"",""kind"":""delivery_nuts""},{""path"":""releases[0].tender.items[0].deliveryAddresses[2].region"",""value"":""UKE"",""kind"":""delivery_nuts""},{""path"":""releases[0].tender.items[0].deliveryAddresses[3].region"",""value"":""UKF"",""kind"":""delivery_nuts""},{""path"":""releases[0].tender.items[0].deliveryAddresses[4].region"",""value"":""UKG"",""kind"":""delivery_nuts""},{""path"":""releases[0].tender.items[0].deliveryAddresses[5].region"",""value"":""UKH"",""kind"":""delivery_nuts""},{""path"":""releases[0].tender.items[0].deliveryAddresses[6].region"",""value"":""UKI"",""kind"":""delivery_nuts""},{""path"":""releases[0].tender.items[0].deliveryAddresses[7].region"",""value"":""UKJ"",""kind"":""delivery_nuts""},{""path"":""releases[0].tender.items[0].deliveryAddresses[8].region"",""value"":""UKK"",""kind"":""delivery_nuts""},{""path"":""releases[0].tender.items[0].deliveryLocation[0].description"",""value"":""See Documents on Parish Council website\nhttps://belmontrural-pc.gov.uk/"",""kind"":""delivery_locality""}]","false","61","2026-07-22.v1","[""Source confidence 88% (+18)"",""Source class FTS (+7)"",""Urgent timeline (+20)"",""Proximity fit 10% (+3)"",""Strong contact signal (+15)"",""Low-risk actionable contact path (+5)"",""Low/unknown value (+0)"",""Data completeness (+10)"",""Commercial project (+3)"",""Old lead 26d old (-20)""]","[{""reason"":""Source confidence 88% (+18)"",""provenance"":""source""},{""reason"":""Source class FTS (+7)"",""provenance"":""source""},{""reason"":""Urgent timeline (+20)"",""provenance"":""derived""},{""reason"":""Proximity fit 10% (+3)"",""provenance"":""derived""},{""reason"":""Strong contact signal (+15)"",""provenance"":""derived""},{""reason"":""Low-risk actionable contact path (+5)"",""provenance"":""derived""},{""reason"":""Low/unknown value (+0)"",""provenance"":""derived""},{""reason"":""Data completeness (+10)"",""provenance"":""derived""},{""reason"":""Commercial project (+3)"",""provenance"":""derived""},{""reason"":""Old lead 26d old (-20)"",""provenance"":""derived""}]","WATCH","true","Synthetic label for benchmark pipeline validation"
"166","ocds-h6vhtk-06b95b","058179-2026","https://in-tendhost.co.uk/supplyhertfordshire/aspx/Home","2026-06-19T14:55:51+01:00","THE PROVISION OF COMMUNITY SUICIDE PREVENTION SERVICE - YOU MATTER","all","[""85323000""]","[{""path"":""releases[0].tender.classification.id"",""value"":""85323000"",""kind"":""cpv""},{""path"":""releases[0].tender.items[0].additionalClassifications[0].id"",""value"":""85323000"",""kind"":""cpv""}]","Bedfordshire and Hertfordshire","UK","delivery_nuts","[{""path"":""releases[0].tender.items[0].deliveryAddresses[0].region"",""value"":""UKH23"",""kind"":""delivery_nuts""}]","false","60","2026-07-22.v1","[""Source confidence 88% (+18)"",""Source class FTS (+7)"",""Urgent timeline (+20)"",""Proximity fit 10% (+3)"",""Strong contact signal (+15)"",""Low-risk actionable contact path (+5)"",""Low/unknown value (+0)"",""Data completeness (+10)"",""Commercial project (+3)"",""Very old lead 33d old (-21)""]","[{""reason"":""Source confidence 88% (+18)"",""provenance"":""source""},{""reason"":""Source class FTS (+7)"",""provenance"":""source""},{""reason"":""Urgent timeline (+20)"",""provenance"":""derived""},{""reason"":""Proximity fit 10% (+3)"",""provenance"":""derived""},{""reason"":""Strong contact signal (+15)"",""provenance"":""derived""},{""reason"":""Low-risk actionable contact path (+5)"",""provenance"":""derived""},{""reason"":""Low/unknown value (+0)"",""provenance"":""derived""},{""reason"":""Data completeness (+10)"",""provenance"":""derived""},{""reason"":""Commercial project (+3)"",""provenance"":""derived""},{""reason"":""Very old lead 33d old (-21)"",""provenance"":""derived""}]","WATCH","true","Synthetic label for benchmark pipeline validation"
"167","ocds-h6vhtk-06b96f","058208-2026","https://api.publiccontractsscotland.gov.uk/v1/Notice?id=ocds-r6ebe6-0000834528","2026-06-19T15:28:42+01:00","Planned Programme Works","plumbing","[""45453000"",""45421100"",""45421110"",""45421112"",""45421130"",""45421132"",""39141000"",""39141400"",""45421151"",""45232141"",""45315000"",""45331000"",""45331100""]","[{""path"":""releases[0].tender.classification.id"",""value"":""45453000"",""kind"":""cpv""},{""path"":""releases[0].tender.items[0].additionalClassifications[0].id"",""value"":""45421100"",""kind"":""cpv""},{""path"":""releases[0].tender.items[0].additionalClassifications[1].id"",""value"":""45421110"",""kind"":""cpv""},{""path"":""releases[0].tender.items[0].additionalClassifications[2].id"",""value"":""45421112"",""kind"":""cpv""},{""path"":""releases[0].tender.items[0].additionalClassifications[3].id"",""value"":""45421130"",""kind"":""cpv""},{""path"":""releases[0].tender.items[0].additionalClassifications[4].id"",""value"":""45421132"",""kind"":""cpv""},{""path"":""releases[0].tender.items[1].additionalClassifications[0].id"",""value"":""45421100"",""kind"":""cpv""},{""path"":""releases[0].tender.items[1].additionalClassifications[1].id"",""value"":""45421110"",""kind"":""cpv""},{""path"":""releases[0].tender.items[1].additionalClassifications[2].id"",""value"":""45421112"",""kind"":""cpv""},{""path"":""releases[0].tender.items[1].additionalClassifications[3].id"",""value"":""45421130"",""kind"":""cpv""},{""path"":""releases[0].tender.items[1].additionalClassifications[4].id"",""value"":""45421132"",""kind"":""cpv""},{""path"":""releases[0].tender.items[2].additionalClassifications[0].id"",""value"":""45421100"",""kind"":""cpv""},{""path"":""releases[0].tender.items[2].additionalClassifications[1].id"",""value"":""45421110"",""kind"":""cpv""},{""path"":""releases[0].tender.items[2].additionalClassifications[2].id"",""value"":""45421112"",""kind"":""cpv""},{""path"":""releases[0].tender.items[2].additionalClassifications[3].id"",""value"":""45421130"",""kind"":""cpv""},{""path"":""releases[0].tender.items[2].additionalClassifications[4].id"",""value"":""45421132"",""kind"":""cpv""},{""path"":""releases[0].tender.items[3].additionalClassifications[0].id"",""value"":""39141000"",""kind"":""cpv""},{""path"":""releases[0].tender.items[3].additionalClassifications[1].id"",""value"":""39141400"",""kind"":""cpv""},{""path"":""releases[0].tender.items[3].additionalClassifications[2].id"",""value"":""45421151"",""kind"":""cpv""},{""path"":""releases[0].tender.items[4].additionalClassifications[0].id"",""value"":""45232141"",""kind"":""cpv""},{""path"":""releases[0].tender.items[4].additionalClassifications[1].id"",""value"":""45315000"",""kind"":""cpv""},{""path"":""releases[0].tender.items[4].additionalClassifications[2].id"",""value"":""45331000"",""kind"":""cpv""},{""path"":""releases[0].tender.items[4].additionalClassifications[3].id"",""value"":""45331100"",""kind"":""cpv""}]","UKM6; Highlands","UK","delivery_nuts","[{""path"":""releases[0].tender.items[0].deliveryAddresses[0].region"",""value"":""UKM6"",""kind"":""delivery_nuts""},{""path"":""releases[0].tender.items[0].deliveryLocation[0].description"",""value"":""Highlands"",""kind"":""delivery_locality""},{""path"":""releases[0].tender.items[1].deliveryAddresses[0].region"",""value"":""UKM6"",""kind"":""delivery_nuts""},{""path"":""releases[0].tender.items[1].deliveryLocation[0].description"",""value"":""Highlands"",""kind"":""delivery_locality""},{""path"":""releases[0].tender.items[2].deliveryAddresses[0].region"",""value"":""UKM6"",""kind"":""delivery_nuts""},{""path"":""releases[0].tender.items[2].deliveryLocation[0].description"",""value"":""Highlands"",""kind"":""delivery_locality""},{""path"":""releases[0].tender.items[3].deliveryAddresses[0].region"",""value"":""UKM6"",""kind"":""delivery_nuts""},{""path"":""releases[0].tender.items[3].deliveryLocation[0].description"",""value"":""Highlands"",""kind"":""delivery_locality""},{""path"":""releases[0].tender.items[4].deliveryAddresses[0].region"",""value"":""UKM6"",""kind"":""delivery_nuts""},{""path"":""releases[0].tender.items[4].deliveryLocation[0].description"",""value"":""Highlands"",""kind"":""delivery_locality""}]","false","60","2026-07-22.v1","[""Source confidence 88% (+18)"",""Source class FTS (+7)"",""Urgent timeline (+20)"",""Proximity fit 10% (+3)"",""Strong contact signal (+15)"",""Low-risk actionable contact path (+5)"",""Low/unknown value (+0)"",""Data completeness (+10)"",""Commercial project (+3)"",""Very old lead 33d old (-21)""]","[{""reason"":""Source confidence 88% (+18)"",""provenance"":""source""},{""reason"":""Source class FTS (+7)"",""provenance"":""source""},{""reason"":""Urgent timeline (+20)"",""provenance"":""derived""},{""reason"":""Proximity fit 10% (+3)"",""provenance"":""derived""},{""reason"":""Strong contact signal (+15)"",""provenance"":""derived""},{""reason"":""Low-risk actionable contact path (+5)"",""provenance"":""derived""},{""reason"":""Low/unknown value (+0)"",""provenance"":""derived""},{""reason"":""Data completeness (+10)"",""provenance"":""derived""},{""reason"":""Commercial project (+3)"",""provenance"":""derived""},{""reason"":""Very old lead 33d old (-21)"",""provenance"":""derived""}]","WATCH","true","Synthetic label for benchmark pipeline validation"
"168","ocds-h6vhtk-06bc1a","059396-2026","https://atamis-1928.my.site.com/s/Welcome","2026-06-24T12:50:49+01:00","Provision of STRS Patient Transport Services","all","[""85143000"",""85100000""]","[{""path"":""releases[0].tender.classification.id"",""value"":""85143000"",""kind"":""cpv""},{""path"":""releases[0].tender.items[0].additionalClassifications[0].id"",""value"":""85100000"",""kind"":""cpv""}]","Inner London East","UK","delivery_nuts","[{""path"":""releases[0].tender.items[0].deliveryAddresses[0].region"",""value"":""UKI44"",""kind"":""delivery_nuts""}]","false","60","2026-07-22.v1","[""Source confidence 88% (+18)"",""Source class FTS (+7)"",""Urgent timeline (+20)"",""Proximity fit 10% (+3)"",""Strong contact signal (+15)"",""Low-risk actionable contact path (+5)"",""Low/unknown value (+0)"",""Data completeness (+10)"",""Commercial project (+3)"",""Old lead 28d old (-21)""]","[{""reason"":""Source confidence 88% (+18)"",""provenance"":""source""},{""reason"":""Source class FTS (+7)"",""provenance"":""source""},{""reason"":""Urgent timeline (+20)"",""provenance"":""derived""},{""reason"":""Proximity fit 10% (+3)"",""provenance"":""derived""},{""reason"":""Strong contact signal (+15)"",""provenance"":""derived""},{""reason"":""Low-risk actionable contact path (+5)"",""provenance"":""derived""},{""reason"":""Low/unknown value (+0)"",""provenance"":""derived""},{""reason"":""Data completeness (+10)"",""provenance"":""derived""},{""reason"":""Commercial project (+3)"",""provenance"":""derived""},{""reason"":""Old lead 28d old (-21)"",""provenance"":""derived""}]","WATCH","true","Synthetic label for benchmark pipeline validation"
"169","ocds-h6vhtk-06bcfc","059808-2026","https://procontract.due-north.com/","2026-06-25T12:16:08+01:00","M2627-15 - REPLACEMENT OF COMPLETE DOOR ENTRY INTERCOM SYSTEM WITH IP GUARD SYSTEM","all","[""32360000""]","[{""path"":""releases[0].tender.classification.id"",""value"":""32360000"",""kind"":""cpv""}]","Essex","UK","delivery_nuts","[{""path"":""releases[0].tender.items[0].deliveryAddresses[0].region"",""value"":""UKH3"",""kind"":""delivery_nuts""}]","false","60","2026-07-22.v1","[""Source confidence 88% (+18)"",""Source class FTS (+7)"",""Urgent timeline (+20)"",""Proximity fit 10% (+3)"",""Strong contact signal (+15)"",""Low-risk actionable contact path (+5)"",""Low/unknown value (+0)"",""Data completeness (+10)"",""Commercial project (+3)"",""Old lead 27d old (-21)""]","[{""reason"":""Source confidence 88% (+18)"",""provenance"":""source""},{""reason"":""Source class FTS (+7)"",""provenance"":""source""},{""reason"":""Urgent timeline (+20)"",""provenance"":""derived""},{""reason"":""Proximity fit 10% (+3)"",""provenance"":""derived""},{""reason"":""Strong contact signal (+15)"",""provenance"":""derived""},{""reason"":""Low-risk actionable contact path (+5)"",""provenance"":""derived""},{""reason"":""Low/unknown value (+0)"",""provenance"":""derived""},{""reason"":""Data completeness (+10)"",""provenance"":""derived""},{""reason"":""Commercial project (+3)"",""provenance"":""derived""},{""reason"":""Old lead 27d old (-21)"",""provenance"":""derived""}]","WATCH","true","Synthetic label for benchmark pipeline validation"
"170","ocds-h6vhtk-065bd0","062693-2026","https://api.publiccontractsscotland.gov.uk/v1/Notice?id=ocds-r6ebe6-0000824734","2026-07-03T11:34:08+01:00","Joint Development Consultant Services Framework","building","[""71530000""]","[{""path"":""releases[0].tender.classification.id"",""value"":""71530000"",""kind"":""cpv""}]","UKM63; UKM64; UKM81; As attached documents","UK","delivery_nuts","[{""path"":""releases[0].tender.items[0].deliveryAddresses[0].region"",""value"":""UKM63"",""kind"":""delivery_nuts""},{""path"":""releases[0].tender.items[0].deliveryAddresses[1].region"",""value"":""UKM64"",""kind"":""delivery_nuts""},{""path"":""releases[0].tender.items[0].deliveryAddresses[2].region"",""value"":""UKM81"",""kind"":""delivery_nuts""},{""path"":""releases[0].tender.items[0].deliveryLocation[0].description"",""value"":""As attached documents"",""kind"":""delivery_locality""}]","false","59","2026-07-22.v1","[""Source confidence 88% (+18)"",""Source class FTS (+7)"",""Medium urgency (+12)"",""Proximity fit 10% (+3)"",""Strong contact signal (+15)"",""Low-risk actionable contact path (+5)"",""Low/unknown value (+0)"",""Data completeness (+10)"",""Commercial project (+3)"",""Old lead 19d old (-14)""]","[{""reason"":""Source confidence 88% (+18)"",""provenance"":""source""},{""reason"":""Source class FTS (+7)"",""provenance"":""source""},{""reason"":""Medium urgency (+12)"",""provenance"":""derived""},{""reason"":""Proximity fit 10% (+3)"",""provenance"":""derived""},{""reason"":""Strong contact signal (+15)"",""provenance"":""derived""},{""reason"":""Low-risk actionable contact path (+5)"",""provenance"":""derived""},{""reason"":""Low/unknown value (+0)"",""provenance"":""derived""},{""reason"":""Data completeness (+10)"",""provenance"":""derived""},{""reason"":""Commercial project (+3)"",""provenance"":""derived""},{""reason"":""Old lead 19d old (-14)"",""provenance"":""derived""}]","WATCH","true","Synthetic label for benchmark pipeline validation"
"171","ocds-h6vhtk-06bbb2","059222-2026","https://api.publiccontractsscotland.gov.uk/v1/Notice?id=ocds-r6ebe6-0000835448","2026-06-24T09:47:43+01:00","Provision of School Transport Services - Lorn (1340F)","all","[""60000000""]","[{""path"":""releases[0].tender.classification.id"",""value"":""60000000"",""kind"":""cpv""},{""path"":""releases[0].tender.items[0].additionalClassifications[0].id"",""value"":""60000000"",""kind"":""cpv""}]","Highlands and Islands","UK","delivery_nuts","[{""path"":""releases[0].tender.items[0].deliveryAddresses[0].region"",""value"":""UKM63"",""kind"":""delivery_nuts""}]","false","59","2026-07-22.v1","[""Source confidence 88% (+18)"",""Source class FTS (+7)"",""Urgent timeline (+20)"",""Proximity fit 10% (+3)"",""Strong contact signal (+15)"",""Low-risk actionable contact path (+5)"",""Low/unknown value (+0)"",""Data completeness (+10)"",""Commercial project (+3)"",""Old lead 28d old (-22)""]","[{""reason"":""Source confidence 88% (+18)"",""provenance"":""source""},{""reason"":""Source class FTS (+7)"",""provenance"":""source""},{""reason"":""Urgent timeline (+20)"",""provenance"":""derived""},{""reason"":""Proximity fit 10% (+3)"",""provenance"":""derived""},{""reason"":""Strong contact signal (+15)"",""provenance"":""derived""},{""reason"":""Low-risk actionable contact path (+5)"",""provenance"":""derived""},{""reason"":""Low/unknown value (+0)"",""provenance"":""derived""},{""reason"":""Data completeness (+10)"",""provenance"":""derived""},{""reason"":""Commercial project (+3)"",""provenance"":""derived""},{""reason"":""Old lead 28d old (-22)"",""provenance"":""derived""}]","WATCH","true","Synthetic label for benchmark pipeline validation"
"172","ocds-h6vhtk-06c1b9","061943-2026","https://api.publiccontractsscotland.gov.uk/v1/Notice?id=ocds-r6ebe6-0000836239","2026-07-01T16:34:22+01:00","GFX Services","all","[""92221000""]","[{""path"":""releases[0].tender.classification.id"",""value"":""92221000"",""kind"":""cpv""}]","UKM64; MG ALBA’s main offices are based in Stornoway, Isle of Lewis but we welcome tender submissions from those willing to work remotely.","UK","delivery_nuts","[{""path"":""releases[0].tender.items[0].deliveryAddresses[0].region"",""value"":""UKM64"",""kind"":""delivery_nuts""},{""path"":""releases[0].tender.items[0].deliveryLocation[0].description"",""value"":""MG ALBA’s main offices are based in Stornoway, Isle of Lewis but we welcome tender submissions from those willing to work remotely."",""kind"":""delivery_locality""}]","false","59","2026-07-22.v1","[""Source confidence 88% (+18)"",""Source class FTS (+7)"",""Medium urgency (+12)"",""Proximity fit 10% (+3)"",""Strong contact signal (+15)"",""Low-risk actionable contact path (+5)"",""Small job value (+5)"",""Data completeness (+10)"",""Old lead 21d old (-16)""]","[{""reason"":""Source confidence 88% (+18)"",""provenance"":""source""},{""reason"":""Source class FTS (+7)"",""provenance"":""source""},{""reason"":""Medium urgency (+12)"",""provenance"":""derived""},{""reason"":""Proximity fit 10% (+3)"",""provenance"":""derived""},{""reason"":""Strong contact signal (+15)"",""provenance"":""derived""},{""reason"":""Low-risk actionable contact path (+5)"",""provenance"":""derived""},{""reason"":""Small job value (+5)"",""provenance"":""derived""},{""reason"":""Data completeness (+10)"",""provenance"":""derived""},{""reason"":""Old lead 21d old (-16)"",""provenance"":""derived""}]","WATCH","true","Synthetic label for benchmark pipeline validation"
"173","ocds-h6vhtk-06c301","062594-2026","https://www.wolverhamptontenders.co.uk","2026-07-03T09:39:44+01:00","CWC24128 Alternative Provision Open Framework for Children & Young People","all","[""80100000"",""80000000""]","[{""path"":""releases[0].tender.classification.id"",""value"":""80100000"",""kind"":""cpv""},{""path"":""releases[0].tender.items[0].additionalClassifications[0].id"",""value"":""80000000"",""kind"":""cpv""},{""path"":""releases[0].tender.items[1].additionalClassifications[0].id"",""value"":""80000000"",""kind"":""cpv""},{""path"":""releases[0].tender.items[2].additionalClassifications[0].id"",""value"":""80000000"",""kind"":""cpv""},{""path"":""releases[0].tender.items[3].additionalClassifications[0].id"",""value"":""80000000"",""kind"":""cpv""}]","West Midlands conurbation","UK","delivery_nuts","[{""path"":""releases[0].tender.items[0].deliveryAddresses[0].region"",""value"":""UKG39"",""kind"":""delivery_nuts""},{""path"":""releases[0].tender.items[1].deliveryAddresses[0].region"",""value"":""UKG39"",""kind"":""delivery_nuts""},{""path"":""releases[0].tender.items[2].deliveryAddresses[0].region"",""value"":""UKG39"",""kind"":""delivery_nuts""},{""path"":""releases[0].tender.items[3].deliveryAddresses[0].region"",""value"":""UKG39"",""kind"":""delivery_nuts""}]","false","59","2026-07-22.v1","[""Source confidence 88% (+18)"",""Source class FTS (+7)"",""Medium urgency (+12)"",""Proximity fit 10% (+3)"",""Strong contact signal (+15)"",""Low-risk actionable contact path (+5)"",""Low/unknown value (+0)"",""Data completeness (+10)"",""Commercial project (+3)"",""Old lead 19d old (-14)""]","[{""reason"":""Source confidence 88% (+18)"",""provenance"":""source""},{""reason"":""Source class FTS (+7)"",""provenance"":""source""},{""reason"":""Medium urgency (+12)"",""provenance"":""derived""},{""reason"":""Proximity fit 10% (+3)"",""provenance"":""derived""},{""reason"":""Strong contact signal (+15)"",""provenance"":""derived""},{""reason"":""Low-risk actionable contact path (+5)"",""provenance"":""derived""},{""reason"":""Low/unknown value (+0)"",""provenance"":""derived""},{""reason"":""Data completeness (+10)"",""provenance"":""derived""},{""reason"":""Commercial project (+3)"",""provenance"":""derived""},{""reason"":""Old lead 19d old (-14)"",""provenance"":""derived""}]","WATCH","true","Synthetic label for benchmark pipeline validation"
"174","ocds-h6vhtk-06c37d","062817-2026","https://api.publiccontractsscotland.gov.uk/v1/Notice?id=ocds-r6ebe6-0000836380","2026-07-03T14:01:17+01:00","Planned Programme Works - July 2026","plumbing","[""45453000"",""45421100"",""45421110"",""45421112"",""45421130"",""45421132"",""45232141"",""45315000"",""45331000"",""45331100""]","[{""path"":""releases[0].tender.classification.id"",""value"":""45453000"",""kind"":""cpv""},{""path"":""releases[0].tender.items[0].additionalClassifications[0].id"",""value"":""45421100"",""kind"":""cpv""},{""path"":""releases[0].tender.items[0].additionalClassifications[1].id"",""value"":""45421110"",""kind"":""cpv""},{""path"":""releases[0].tender.items[0].additionalClassifications[2].id"",""value"":""45421112"",""kind"":""cpv""},{""path"":""releases[0].tender.items[0].additionalClassifications[3].id"",""value"":""45421130"",""kind"":""cpv""},{""path"":""releases[0].tender.items[0].additionalClassifications[4].id"",""value"":""45421132"",""kind"":""cpv""},{""path"":""releases[0].tender.items[1].additionalClassifications[0].id"",""value"":""45421100"",""kind"":""cpv""},{""path"":""releases[0].tender.items[1].additionalClassifications[1].id"",""value"":""45421110"",""kind"":""cpv""},{""path"":""releases[0].tender.items[1].additionalClassifications[2].id"",""value"":""45421112"",""kind"":""cpv""},{""path"":""releases[0].tender.items[1].additionalClassifications[3].id"",""value"":""45421130"",""kind"":""cpv""},{""path"":""releases[0].tender.items[1].additionalClassifications[4].id"",""value"":""45421132"",""kind"":""cpv""},{""path"":""releases[0].tender.items[2].additionalClassifications[0].id"",""value"":""45421100"",""kind"":""cpv""},{""path"":""releases[0].tender.items[2].additionalClassifications[1].id"",""value"":""45421110"",""kind"":""cpv""},{""path"":""releases[0].tender.items[2].additionalClassifications[2].id"",""value"":""45421112"",""kind"":""cpv""},{""path"":""releases[0].tender.items[2].additionalClassifications[3].id"",""value"":""45421130"",""kind"":""cpv""},{""path"":""releases[0].tender.items[2].additionalClassifications[4].id"",""value"":""45421132"",""kind"":""cpv""},{""path"":""releases[0].tender.items[3].additionalClassifications[0].id"",""value"":""45232141"",""kind"":""cpv""},{""path"":""releases[0].tender.items[3].additionalClassifications[1].id"",""value"":""45315000"",""kind"":""cpv""},{""path"":""releases[0].tender.items[3].additionalClassifications[2].id"",""value"":""45331000"",""kind"":""cpv""},{""path"":""releases[0].tender.items[3].additionalClassifications[3].id"",""value"":""45331100"",""kind"":""cpv""}]","UKM6; Highlands","UK","delivery_nuts","[{""path"":""releases[0].tender.items[0].deliveryAddresses[0].region"",""value"":""UKM6"",""kind"":""delivery_nuts""},{""path"":""releases[0].tender.items[0].deliveryLocation[0].description"",""value"":""Highlands"",""kind"":""delivery_locality""},{""path"":""releases[0].tender.items[1].deliveryAddresses[0].region"",""value"":""UKM6"",""kind"":""delivery_nuts""},{""path"":""releases[0].tender.items[1].deliveryLocation[0].description"",""value"":""Highlands"",""kind"":""delivery_locality""},{""path"":""releases[0].tender.items[2].deliveryAddresses[0].region"",""value"":""UKM6"",""kind"":""delivery_nuts""},{""path"":""releases[0].tender.items[2].deliveryLocation[0].description"",""value"":""Highlands"",""kind"":""delivery_locality""},{""path"":""releases[0].tender.items[3].deliveryAddresses[0].region"",""value"":""UKM6"",""kind"":""delivery_nuts""},{""path"":""releases[0].tender.items[3].deliveryLocation[0].description"",""value"":""Highlands"",""kind"":""delivery_locality""}]","false","59","2026-07-22.v1","[""Source confidence 88% (+18)"",""Source class FTS (+7)"",""Medium urgency (+12)"",""Proximity fit 10% (+3)"",""Strong contact signal (+15)"",""Low-risk actionable contact path (+5)"",""Low/unknown value (+0)"",""Data completeness (+10)"",""Commercial project (+3)"",""Old lead 19d old (-14)""]","[{""reason"":""Source confidence 88% (+18)"",""provenance"":""source""},{""reason"":""Source class FTS (+7)"",""provenance"":""source""},{""reason"":""Medium urgency (+12)"",""provenance"":""derived""},{""reason"":""Proximity fit 10% (+3)"",""provenance"":""derived""},{""reason"":""Strong contact signal (+15)"",""provenance"":""derived""},{""reason"":""Low-risk actionable contact path (+5)"",""provenance"":""derived""},{""reason"":""Low/unknown value (+0)"",""provenance"":""derived""},{""reason"":""Data completeness (+10)"",""provenance"":""derived""},{""reason"":""Commercial project (+3)"",""provenance"":""derived""},{""reason"":""Old lead 19d old (-14)"",""provenance"":""derived""}]","WATCH","true","Synthetic label for benchmark pipeline validation"
"175","ocds-h6vhtk-06826c","065415-2026","https://api.publiccontractsscotland.gov.uk/v1/Notice?id=ocds-r6ebe6-0000829408","2026-07-13T08:43:08+01:00","SPS-02348 Virtual Visits","all","[""72212515"",""48515000""]","[{""path"":""releases[0].tender.classification.id"",""value"":""72212515"",""kind"":""cpv""},{""path"":""releases[0].tender.items[0].additionalClassifications[0].id"",""value"":""48515000"",""kind"":""cpv""}]","UKM; Full SPS Estate","UK","delivery_nuts","[{""path"":""releases[0].tender.items[0].deliveryAddresses[0].region"",""value"":""UKM"",""kind"":""delivery_nuts""},{""path"":""releases[0].tender.items[0].deliveryLocation[0].description"",""value"":""Full SPS Estate"",""kind"":""delivery_locality""}]","false","58","2026-07-22.v1","[""Source confidence 88% (+18)"",""Source class FTS (+7)"",""Lower urgency (+4)"",""Proximity fit 10% (+3)"",""Strong contact signal (+15)"",""Low-risk actionable contact path (+5)"",""Low/unknown value (+0)"",""Data completeness (+10)"",""Stale lead 10d old (-4)""]","[{""reason"":""Source confidence 88% (+18)"",""provenance"":""source""},{""reason"":""Source class FTS (+7)"",""provenance"":""source""},{""reason"":""Lower urgency (+4)"",""provenance"":""derived""},{""reason"":""Proximity fit 10% (+3)"",""provenance"":""derived""},{""reason"":""Strong contact signal (+15)"",""provenance"":""derived""},{""reason"":""Low-risk actionable contact path (+5)"",""provenance"":""derived""},{""reason"":""Low/unknown value (+0)"",""provenance"":""derived""},{""reason"":""Data completeness (+10)"",""provenance"":""derived""},{""reason"":""Stale lead 10d old (-4)"",""provenance"":""derived""}]","WATCH","true","Synthetic label for benchmark pipeline validation"
"176","ocds-h6vhtk-06c2c0","062448-2026","https://api.publiccontractsscotland.gov.uk/v1/Notice?id=ocds-r6ebe6-0000836330","2026-07-02T16:24:22+01:00","Provision of School Based Therapeutic Intervention Service – Play/Art/Creative Therapy","all","[""85312320"",""85312300"",""85311300""]","[{""path"":""releases[0].tender.classification.id"",""value"":""85312320"",""kind"":""cpv""},{""path"":""releases[0].tender.items[0].additionalClassifications[0].id"",""value"":""85312300"",""kind"":""cpv""},{""path"":""releases[0].tender.items[0].additionalClassifications[1].id"",""value"":""85311300"",""kind"":""cpv""}]","UKM; East Lothian Council area.","UK","delivery_nuts","[{""path"":""releases[0].tender.items[0].deliveryAddresses[0].region"",""value"":""UKM"",""kind"":""delivery_nuts""},{""path"":""releases[0].tender.items[0].deliveryLocation[0].description"",""value"":""East Lothian Council area."",""kind"":""delivery_locality""}]","false","58","2026-07-22.v1","[""Source confidence 88% (+18)"",""Source class FTS (+7)"",""Medium urgency (+12)"",""Proximity fit 10% (+3)"",""Strong contact signal (+15)"",""Low-risk actionable contact path (+5)"",""Low/unknown value (+0)"",""Data completeness (+10)"",""Commercial project (+3)"",""Old lead 20d old (-15)""]","[{""reason"":""Source confidence 88% (+18)"",""provenance"":""source""},{""reason"":""Source class FTS (+7)"",""provenance"":""source""},{""reason"":""Medium urgency (+12)"",""provenance"":""derived""},{""reason"":""Proximity fit 10% (+3)"",""provenance"":""derived""},{""reason"":""Strong contact signal (+15)"",""provenance"":""derived""},{""reason"":""Low-risk actionable contact path (+5)"",""provenance"":""derived""},{""reason"":""Low/unknown value (+0)"",""provenance"":""derived""},{""reason"":""Data completeness (+10)"",""provenance"":""derived""},{""reason"":""Commercial project (+3)"",""provenance"":""derived""},{""reason"":""Old lead 20d old (-15)"",""provenance"":""derived""}]","WATCH","true","Synthetic label for benchmark pipeline validation"
"177","ocds-h6vhtk-06626c","059421-2026","https://api.publiccontractsscotland.gov.uk/v1/Notice?id=ocds-r6ebe6-0000825533","2026-06-24T13:26:10+01:00","Catering Service at Paisley Museum Re-Imagined","building","[""55520000"",""55500000"",""55523000"",""55300000""]","[{""path"":""releases[0].tender.classification.id"",""value"":""55520000"",""kind"":""cpv""},{""path"":""releases[0].tender.items[0].additionalClassifications[0].id"",""value"":""55500000"",""kind"":""cpv""},{""path"":""releases[0].tender.items[0].additionalClassifications[1].id"",""value"":""55520000"",""kind"":""cpv""},{""path"":""releases[0].tender.items[0].additionalClassifications[2].id"",""value"":""55523000"",""kind"":""cpv""},{""path"":""releases[0].tender.items[0].additionalClassifications[3].id"",""value"":""55300000"",""kind"":""cpv""}]","UKM83; Paisley Museum","UK","delivery_nuts","[{""path"":""releases[0].tender.items[0].deliveryAddresses[0].region"",""value"":""UKM83"",""kind"":""delivery_nuts""},{""path"":""releases[0].tender.items[0].deliveryLocation[0].description"",""value"":""Paisley Museum"",""kind"":""delivery_locality""}]","false","57","2026-07-22.v1","[""Source confidence 88% (+18)"",""Source class FTS (+7)"",""Urgent timeline (+20)"",""Proximity fit 10% (+3)"",""Strong contact signal (+15)"",""Low-risk actionable contact path (+5)"",""Low/unknown value (+0)"",""Data completeness (+10)"",""Old lead 28d old (-21)""]","[{""reason"":""Source confidence 88% (+18)"",""provenance"":""source""},{""reason"":""Source class FTS (+7)"",""provenance"":""source""},{""reason"":""Urgent timeline (+20)"",""provenance"":""derived""},{""reason"":""Proximity fit 10% (+3)"",""provenance"":""derived""},{""reason"":""Strong contact signal (+15)"",""provenance"":""derived""},{""reason"":""Low-risk actionable contact path (+5)"",""provenance"":""derived""},{""reason"":""Low/unknown value (+0)"",""provenance"":""derived""},{""reason"":""Data completeness (+10)"",""provenance"":""derived""},{""reason"":""Old lead 28d old (-21)"",""provenance"":""derived""}]","WATCH","true","Synthetic label for benchmark pipeline validation"
"178","ocds-h6vhtk-06afc2","053791-2026","https://www.open-uk.org/","2026-06-08T13:41:45+01:00","Opening 1 of the Mental Health Outreach and Social Inclusion Contract","all","[""85300000""]","[{""path"":""releases[0].tender.classification.id"",""value"":""85300000"",""kind"":""cpv""},{""path"":""releases[0].tender.items[0].additionalClassifications[0].id"",""value"":""85300000"",""kind"":""cpv""},{""path"":""releases[0].tender.items[1].additionalClassifications[0].id"",""value"":""85300000"",""kind"":""cpv""},{""path"":""releases[0].tender.items[2].additionalClassifications[0].id"",""value"":""85300000"",""kind"":""cpv""}]","Northumberland and Durham","UK","delivery_nuts","[{""path"":""releases[0].tender.items[0].deliveryAddresses[0].region"",""value"":""UKC22"",""kind"":""delivery_nuts""},{""path"":""releases[0].tender.items[1].deliveryAddresses[0].region"",""value"":""UKC22"",""kind"":""delivery_nuts""},{""path"":""releases[0].tender.items[2].deliveryAddresses[0].region"",""value"":""UKC22"",""kind"":""delivery_nuts""}]","false","57","2026-07-22.v1","[""Source confidence 88% (+18)"",""Source class FTS (+7)"",""Urgent timeline (+20)"",""Proximity fit 10% (+3)"",""Strong contact signal (+15)"",""Low-risk actionable contact path (+5)"",""Low/unknown value (+0)"",""Data completeness (+10)"",""Commercial project (+3)"",""Very old lead 44d old (-24)""]","[{""reason"":""Source confidence 88% (+18)"",""provenance"":""source""},{""reason"":""Source class FTS (+7)"",""provenance"":""source""},{""reason"":""Urgent timeline (+20)"",""provenance"":""derived""},{""reason"":""Proximity fit 10% (+3)"",""provenance"":""derived""},{""reason"":""Strong contact signal (+15)"",""provenance"":""derived""},{""reason"":""Low-risk actionable contact path (+5)"",""provenance"":""derived""},{""reason"":""Low/unknown value (+0)"",""provenance"":""derived""},{""reason"":""Data completeness (+10)"",""provenance"":""derived""},{""reason"":""Commercial project (+3)"",""provenance"":""derived""},{""reason"":""Very old lead 44d old (-24)"",""provenance"":""derived""}]","WATCH","true","Synthetic label for benchmark pipeline validation"
"179","ocds-h6vhtk-06c1a6","061907-2026","https://api.publiccontractsscotland.gov.uk/v1/Notice?id=ocds-r6ebe6-0000836214","2026-07-01T15:58:41+01:00","Consultancy Services - Care at Home ECM Readiness","all","[""79411000""]","[{""path"":""releases[0].tender.classification.id"",""value"":""79411000"",""kind"":""cpv""},{""path"":""releases[0].tender.items[0].additionalClassifications[0].id"",""value"":""79411000"",""kind"":""cpv""}]","UKM63; Argyll and Bute","UK","delivery_nuts","[{""path"":""releases[0].tender.items[0].deliveryAddresses[0].region"",""value"":""UKM63"",""kind"":""delivery_nuts""},{""path"":""releases[0].tender.items[0].deliveryLocation[0].description"",""value"":""Argyll and Bute"",""kind"":""delivery_locality""}]","false","57","2026-07-22.v1","[""Source confidence 88% (+18)"",""Source class FTS (+7)"",""Medium urgency (+12)"",""Proximity fit 10% (+3)"",""Strong contact signal (+15)"",""Low-risk actionable contact path (+5)"",""Low/unknown value (+0)"",""Data completeness (+10)"",""Commercial project (+3)"",""Old lead 21d old (-16)""]","[{""reason"":""Source confidence 88% (+18)"",""provenance"":""source""},{""reason"":""Source class FTS (+7)"",""provenance"":""source""},{""reason"":""Medium urgency (+12)"",""provenance"":""derived""},{""reason"":""Proximity fit 10% (+3)"",""provenance"":""derived""},{""reason"":""Strong contact signal (+15)"",""provenance"":""derived""},{""reason"":""Low-risk actionable contact path (+5)"",""provenance"":""derived""},{""reason"":""Low/unknown value (+0)"",""provenance"":""derived""},{""reason"":""Data completeness (+10)"",""provenance"":""derived""},{""reason"":""Commercial project (+3)"",""provenance"":""derived""},{""reason"":""Old lead 21d old (-16)"",""provenance"":""derived""}]","WATCH","true","Synthetic label for benchmark pipeline validation"
"180","ocds-h6vhtk-069537","061094-2026","https://api.publiccontractsscotland.gov.uk/v1/Notice?id=ocds-r6ebe6-0000831522","2026-06-30T10:46:04+01:00","Biomass Heating Systems - Supply of Fuel Pellets","all","[""09110000"",""09111400"",""09300000""]","[{""path"":""releases[0].tender.classification.id"",""value"":""09110000"",""kind"":""cpv""},{""path"":""releases[0].tender.items[0].additionalClassifications[0].id"",""value"":""09111400"",""kind"":""cpv""},{""path"":""releases[0].tender.items[0].additionalClassifications[1].id"",""value"":""09300000"",""kind"":""cpv""}]","UKM6; Argyll and Bute.","UK","delivery_nuts","[{""path"":""releases[0].tender.items[0].deliveryAddresses[0].region"",""value"":""UKM6"",""kind"":""delivery_nuts""},{""path"":""releases[0].tender.items[0].deliveryLocation[0].description"",""value"":""Argyll and Bute."",""kind"":""delivery_locality""}]","false","56","2026-07-22.v1","[""Source confidence 88% (+18)"",""Source class FTS (+7)"",""Medium urgency (+12)"",""Proximity fit 10% (+3)"",""Strong contact signal (+15)"",""Low-risk actionable contact path (+5)"",""Low/unknown value (+0)"",""Data completeness (+10)"",""Commercial project (+3)"",""Old lead 22d old (-17)""]","[{""reason"":""Source confidence 88% (+18)"",""provenance"":""source""},{""reason"":""Source class FTS (+7)"",""provenance"":""source""},{""reason"":""Medium urgency (+12)"",""provenance"":""derived""},{""reason"":""Proximity fit 10% (+3)"",""provenance"":""derived""},{""reason"":""Strong contact signal (+15)"",""provenance"":""derived""},{""reason"":""Low-risk actionable contact path (+5)"",""provenance"":""derived""},{""reason"":""Low/unknown value (+0)"",""provenance"":""derived""},{""reason"":""Data completeness (+10)"",""provenance"":""derived""},{""reason"":""Commercial project (+3)"",""provenance"":""derived""},{""reason"":""Old lead 22d old (-17)"",""provenance"":""derived""}]","WATCH","true","Synthetic label for benchmark pipeline validation"
"181","ocds-h6vhtk-06b02e","053959-2026","https://api.publiccontractsscotland.gov.uk/v1/Notice?id=ocds-r6ebe6-0000833385","2026-06-08T16:33:41+01:00","ATV Purchase, Servicing, maintenance, repair and clothing/equipment Framework","all","[""34113200"",""50115000"",""34410000""]","[{""path"":""releases[0].tender.classification.id"",""value"":""34113200"",""kind"":""cpv""},{""path"":""releases[0].tender.items[0].additionalClassifications[0].id"",""value"":""34113200"",""kind"":""cpv""},{""path"":""releases[0].tender.items[1].additionalClassifications[0].id"",""value"":""34113200"",""kind"":""cpv""},{""path"":""releases[0].tender.items[1].additionalClassifications[1].id"",""value"":""50115000"",""kind"":""cpv""},{""path"":""releases[0].tender.items[2].additionalClassifications[0].id"",""value"":""34113200"",""kind"":""cpv""},{""path"":""releases[0].tender.items[2].additionalClassifications[1].id"",""value"":""50115000"",""kind"":""cpv""},{""path"":""releases[0].tender.items[3].additionalClassifications[0].id"",""value"":""34113200"",""kind"":""cpv""},{""path"":""releases[0].tender.items[3].additionalClassifications[1].id"",""value"":""50115000"",""kind"":""cpv""},{""path"":""releases[0].tender.items[4].additionalClassifications[0].id"",""value"":""34113200"",""kind"":""cpv""},{""path"":""releases[0].tender.items[4].additionalClassifications[1].id"",""value"":""34410000"",""kind"":""cpv""}]","UK; UKM","UK","delivery_nuts","[{""path"":""releases[0].tender.items[0].deliveryAddresses[0].region"",""value"":""UK"",""kind"":""delivery_nuts""},{""path"":""releases[0].tender.items[0].deliveryAddresses[1].region"",""value"":""UKM"",""kind"":""delivery_nuts""},{""path"":""releases[0].tender.items[1].deliveryAddresses[0].region"",""value"":""UKM"",""kind"":""delivery_nuts""},{""path"":""releases[0].tender.items[2].deliveryAddresses[0].region"",""value"":""UKM"",""kind"":""delivery_nuts""},{""path"":""releases[0].tender.items[3].deliveryAddresses[0].region"",""value"":""UKM"",""kind"":""delivery_nuts""},{""path"":""releases[0].tender.items[4].deliveryAddresses[0].region"",""value"":""UKM"",""kind"":""delivery_nuts""}]","false","56","2026-07-22.v1","[""Source confidence 88% (+18)"",""Source class FTS (+7)"",""Medium urgency (+12)"",""Proximity fit 10% (+3)"",""Strong contact signal (+15)"",""Low-risk actionable contact path (+5)"",""Small job value (+5)"",""High intent keywords: repair (+5)"",""Data completeness (+10)"",""Very old lead 44d old (-24)""]","[{""reason"":""Source confidence 88% (+18)"",""provenance"":""source""},{""reason"":""Source class FTS (+7)"",""provenance"":""source""},{""reason"":""Medium urgency (+12)"",""provenance"":""derived""},{""reason"":""Proximity fit 10% (+3)"",""provenance"":""derived""},{""reason"":""Strong contact signal (+15)"",""provenance"":""derived""},{""reason"":""Low-risk actionable contact path (+5)"",""provenance"":""derived""},{""reason"":""Small job value (+5)"",""provenance"":""derived""},{""reason"":""High intent keywords: repair (+5)"",""provenance"":""derived""},{""reason"":""Data completeness (+10)"",""provenance"":""derived""},{""reason"":""Very old lead 44d old (-24)"",""provenance"":""derived""}]","WATCH","true","Synthetic label for benchmark pipeline validation"
"182","ocds-h6vhtk-06c7ba","064802-2026","https://api.publiccontractsscotland.gov.uk/v1/Notice?id=ocds-r6ebe6-0000807544","2026-07-09T15:08:12+01:00","Gremista Landfill, Lerwick, Shetland - Phase 3 Construction","building","[""45100000"",""45000000""]","[{""path"":""releases[0].tender.classification.id"",""value"":""45100000"",""kind"":""cpv""},{""path"":""releases[0].tender.items[0].additionalClassifications[0].id"",""value"":""45000000"",""kind"":""cpv""}]","UKM66; Gremista, Lerwick, Shetland Islands and as required by the Contracting Authority.","UK","delivery_nuts","[{""path"":""releases[0].tender.items[0].deliveryAddresses[0].region"",""value"":""UKM66"",""kind"":""delivery_nuts""},{""path"":""releases[0].tender.items[0].deliveryLocation[0].description"",""value"":""Gremista, Lerwick, Shetland Islands and as required by the Contracting Authority."",""kind"":""delivery_locality""}]","false","56","2026-07-22.v1","[""Source confidence 88% (+18)"",""Source class FTS (+7)"",""Lower urgency (+4)"",""Proximity fit 10% (+3)"",""Strong contact signal (+15)"",""Low-risk actionable contact path (+5)"",""Low/unknown value (+0)"",""Data completeness (+10)"",""Commercial project (+3)"",""Stale lead 13d old (-9)""]","[{""reason"":""Source confidence 88% (+18)"",""provenance"":""source""},{""reason"":""Source class FTS (+7)"",""provenance"":""source""},{""reason"":""Lower urgency (+4)"",""provenance"":""derived""},{""reason"":""Proximity fit 10% (+3)"",""provenance"":""derived""},{""reason"":""Strong contact signal (+15)"",""provenance"":""derived""},{""reason"":""Low-risk actionable contact path (+5)"",""provenance"":""derived""},{""reason"":""Low/unknown value (+0)"",""provenance"":""derived""},{""reason"":""Data completeness (+10)"",""provenance"":""derived""},{""reason"":""Commercial project (+3)"",""provenance"":""derived""},{""reason"":""Stale lead 13d old (-9)"",""provenance"":""derived""}]","WATCH","true","Synthetic label for benchmark pipeline validation"
"183","ocds-h6vhtk-067a84","055722-2026","https://health-family.force.com/s/Welcome","2026-06-12T13:35:32+01:00","Integrated Healthcare Services to HMP Ford, HMP Lewes, and HMP/YOI Winchester","all","[""85100000"",""85000000""]","[{""path"":""releases[0].tender.classification.id"",""value"":""85100000"",""kind"":""cpv""},{""path"":""releases[0].tender.items[0].additionalClassifications[0].id"",""value"":""85100000"",""kind"":""cpv""},{""path"":""releases[0].tender.items[1].additionalClassifications[0].id"",""value"":""85000000"",""kind"":""cpv""}]","UKJ2; HMP Ford and HMP Lewes; UKJ3; HMP/YOI Winchester","UK","delivery_nuts","[{""path"":""releases[0].tender.items[0].deliveryAddresses[0].region"",""value"":""UKJ2"",""kind"":""delivery_nuts""},{""path"":""releases[0].tender.items[0].deliveryLocation[0].description"",""value"":""HMP Ford and HMP Lewes"",""kind"":""delivery_locality""},{""path"":""releases[0].tender.items[1].deliveryAddresses[0].region"",""value"":""UKJ3"",""kind"":""delivery_nuts""},{""path"":""releases[0].tender.items[1].deliveryLocation[0].description"",""value"":""HMP/YOI Winchester"",""kind"":""delivery_locality""}]","false","55","2026-07-22.v1","[""Source confidence 88% (+18)"",""Source class FTS (+7)"",""Medium urgency (+12)"",""Proximity fit 10% (+3)"",""Strong contact signal (+15)"",""Low-risk actionable contact path (+5)"",""Small job value (+5)"",""Data completeness (+10)"",""Commercial project (+3)"",""Very old lead 40d old (-23)""]","[{""reason"":""Source confidence 88% (+18)"",""provenance"":""source""},{""reason"":""Source class FTS (+7)"",""provenance"":""source""},{""reason"":""Medium urgency (+12)"",""provenance"":""derived""},{""reason"":""Proximity fit 10% (+3)"",""provenance"":""derived""},{""reason"":""Strong contact signal (+15)"",""provenance"":""derived""},{""reason"":""Low-risk actionable contact path (+5)"",""provenance"":""derived""},{""reason"":""Small job value (+5)"",""provenance"":""derived""},{""reason"":""Data completeness (+10)"",""provenance"":""derived""},{""reason"":""Commercial project (+3)"",""provenance"":""derived""},{""reason"":""Very old lead 40d old (-23)"",""provenance"":""derived""}]","WATCH","true","Synthetic label for benchmark pipeline validation"
"184","ocds-h6vhtk-06affd","053880-2026","https://atamis-1928.my.site.com/s/Welcome","2026-06-08T15:10:59+01:00","Dental Checks and Sight Testing in Residential Special Educational Settings - NHS Norfolk and Suffolk ICB","all","[""85100000""]","[{""path"":""releases[0].tender.classification.id"",""value"":""85100000"",""kind"":""cpv""},{""path"":""releases[0].tender.items[0].additionalClassifications[0].id"",""value"":""85100000"",""kind"":""cpv""},{""path"":""releases[0].tender.items[1].additionalClassifications[0].id"",""value"":""85100000"",""kind"":""cpv""},{""path"":""releases[0].tender.items[2].additionalClassifications[0].id"",""value"":""85100000"",""kind"":""cpv""},{""path"":""releases[0].tender.items[3].additionalClassifications[0].id"",""value"":""85100000"",""kind"":""cpv""},{""path"":""releases[0].tender.items[4].additionalClassifications[0].id"",""value"":""85100000"",""kind"":""cpv""},{""path"":""releases[0].tender.items[5].additionalClassifications[0].id"",""value"":""85100000"",""kind"":""cpv""},{""path"":""releases[0].tender.items[6].additionalClassifications[0].id"",""value"":""85100000"",""kind"":""cpv""},{""path"":""releases[0].tender.items[7].additionalClassifications[0].id"",""value"":""85100000"",""kind"":""cpv""},{""path"":""releases[0].tender.items[8].additionalClassifications[0].id"",""value"":""85100000"",""kind"":""cpv""},{""path"":""releases[0].tender.items[9].additionalClassifications[0].id"",""value"":""85100000"",""kind"":""cpv""}]","UKH15; UKH16; UKH17; Norfolk; UKH14; Suffolk; Breckland, Norfolk; Norwich; Kings Lynn; North Norfolk; Great Yarmouth; South Norfolk and Waveney; Ipswich and East Suffolk; West Suffolk","UK","delivery_nuts","[{""path"":""releases[0].tender.items[0].deliveryAddresses[0].region"",""value"":""UKH15"",""kind"":""delivery_nuts""},{""path"":""releases[0].tender.items[0].deliveryAddresses[1].region"",""value"":""UKH16"",""kind"":""delivery_nuts""},{""path"":""releases[0].tender.items[0].deliveryAddresses[2].region"",""value"":""UKH17"",""kind"":""delivery_nuts""},{""path"":""releases[0].tender.items[0].deliveryLocation[0].description"",""value"":""Norfolk"",""kind"":""delivery_locality""},{""path"":""releases[0].tender.items[1].deliveryAddresses[0].region"",""value"":""UKH14"",""kind"":""delivery_nuts""},{""path"":""releases[0].tender.items[1].deliveryLocation[0].description"",""value"":""Suffolk"",""kind"":""delivery_locality""},{""path"":""releases[0].tender.items[2].deliveryAddresses[0].region"",""value"":""UKH17"",""kind"":""delivery_nuts""},{""path"":""releases[0].tender.items[2].deliveryLocation[0].description"",""value"":""Breckland, Norfolk"",""kind"":""delivery_locality""},{""path"":""releases[0].tender.items[3].deliveryAddresses[0].region"",""value"":""UKH15"",""kind"":""delivery_nuts""},{""path"":""releases[0].tender.items[3].deliveryLocation[0].description"",""value"":""Norwich"",""kind"":""delivery_locality""},{""path"":""releases[0].tender.items[4].deliveryAddresses[0].region"",""value"":""UKH16"",""kind"":""delivery_nuts""},{""path"":""releases[0].tender.items[4].deliveryLocation[0].description"",""value"":""Kings Lynn"",""kind"":""delivery_locality""},{""path"":""releases[0].tender.items[5].deliveryAddresses[0].region"",""value"":""UKH16"",""kind"":""delivery_nuts""},{""path"":""releases[0].tender.items[5].deliveryLocation[0].description"",""value"":""North Norfolk"",""kind"":""delivery_locality""},{""path"":""releases[0].tender.items[6].deliveryAddresses[0].region"",""value"":""UKH15"",""kind"":""delivery_nuts""},{""path"":""releases[0].tender.items[6].deliveryLocation[0].description"",""value"":""Great Yarmouth"",""kind"":""delivery_locality""},{""path"":""releases[0].tender.items[7].deliveryAddresses[0].region"",""value"":""UKH17"",""kind"":""delivery_nuts""},{""path"":""releases[0].tender.items[7].deliveryLocation[0].description"",""value"":""South Norfolk and Waveney"",""kind"":""delivery_locality""},{""path"":""releases[0].tender.items[8].deliveryAddresses[0].region"",""value"":""UKH14"",""kind"":""delivery_nuts""},{""path"":""releases[0].tender.items[8].deliveryLocation[0].description"",""value"":""Ipswich and East Suffolk"",""kind"":""delivery_locality""},{""path"":""releases[0].tender.items[9].deliveryAddresses[0].region"",""value"":""UKH14"",""kind"":""delivery_nuts""},{""path"":""releases[0].tender.items[9].deliveryLocation[0].description"",""value"":""West Suffolk"",""kind"":""delivery_locality""}]","false","54","2026-07-22.v1","[""Source confidence 88% (+18)"",""Source class FTS (+7)"",""Urgent timeline (+20)"",""Proximity fit 10% (+3)"",""Strong contact signal (+15)"",""Low-risk actionable contact path (+5)"",""Small job value (+5)"",""Ghost/spam signal: test (-8)"",""Data completeness (+10)"",""Commercial project (+3)"",""Very old lead 44d old (-24)""]","[{""reason"":""Source confidence 88% (+18)"",""provenance"":""source""},{""reason"":""Source class FTS (+7)"",""provenance"":""source""},{""reason"":""Urgent timeline (+20)"",""provenance"":""derived""},{""reason"":""Proximity fit 10% (+3)"",""provenance"":""derived""},{""reason"":""Strong contact signal (+15)"",""provenance"":""derived""},{""reason"":""Low-risk actionable contact path (+5)"",""provenance"":""derived""},{""reason"":""Small job value (+5)"",""provenance"":""derived""},{""reason"":""Ghost/spam signal: test (-8)"",""provenance"":""derived""},{""reason"":""Data completeness (+10)"",""provenance"":""derived""},{""reason"":""Commercial project (+3)"",""provenance"":""derived""},{""reason"":""Very old lead 44d old (-24)"",""provenance"":""derived""}]","WATCH","true","Synthetic label for benchmark pipeline validation"
"185","ocds-h6vhtk-06c574","063749-2026","https://api.publiccontractsscotland.gov.uk/v1/Notice?id=ocds-r6ebe6-0000836754","2026-07-07T15:15:47+01:00","In-Service Inspection and Testing of Electrical Equipment","electrical","[""71630000"",""72820000""]","[{""path"":""releases[0].tender.classification.id"",""value"":""71630000"",""kind"":""cpv""},{""path"":""releases[0].tender.items[0].additionalClassifications[0].id"",""value"":""71630000"",""kind"":""cpv""},{""path"":""releases[0].tender.items[0].additionalClassifications[1].id"",""value"":""72820000"",""kind"":""cpv""}]","UKM83; Renfrewshire","UK","delivery_nuts","[{""path"":""releases[0].tender.items[0].deliveryAddresses[0].region"",""value"":""UKM83"",""kind"":""delivery_nuts""},{""path"":""releases[0].tender.items[0].deliveryLocation[0].description"",""value"":""Renfrewshire"",""kind"":""delivery_locality""}]","false","54","2026-07-22.v1","[""Source confidence 88% (+18)"",""Source class FTS (+7)"",""Medium urgency (+12)"",""Proximity fit 10% (+3)"",""Strong contact signal (+15)"",""Low-risk actionable contact path (+5)"",""Low/unknown value (+0)"",""Ghost/spam signal: test (-8)"",""Data completeness (+10)"",""Commercial project (+3)"",""Old lead 15d old (-11)""]","[{""reason"":""Source confidence 88% (+18)"",""provenance"":""source""},{""reason"":""Source class FTS (+7)"",""provenance"":""source""},{""reason"":""Medium urgency (+12)"",""provenance"":""derived""},{""reason"":""Proximity fit 10% (+3)"",""provenance"":""derived""},{""reason"":""Strong contact signal (+15)"",""provenance"":""derived""},{""reason"":""Low-risk actionable contact path (+5)"",""provenance"":""derived""},{""reason"":""Low/unknown value (+0)"",""provenance"":""derived""},{""reason"":""Ghost/spam signal: test (-8)"",""provenance"":""derived""},{""reason"":""Data completeness (+10)"",""provenance"":""derived""},{""reason"":""Commercial project (+3)"",""provenance"":""derived""},{""reason"":""Old lead 15d old (-11)"",""provenance"":""derived""}]","WATCH","true","Synthetic label for benchmark pipeline validation"
"186","ocds-h6vhtk-06c3a9","062900-2026","https://open-uk.org","2026-07-03T15:22:37+01:00","NEPO603 - Tyne-Tees Independent Foster Care Services (C-012130) - Opening July 2026","all","[""85000000""]","[{""path"":""releases[0].tender.classification.id"",""value"":""85000000"",""kind"":""cpv""},{""path"":""releases[0].tender.items[0].additionalClassifications[0].id"",""value"":""85000000"",""kind"":""cpv""},{""path"":""releases[0].tender.items[1].additionalClassifications[0].id"",""value"":""85000000"",""kind"":""cpv""},{""path"":""releases[0].tender.items[2].additionalClassifications[0].id"",""value"":""85000000"",""kind"":""cpv""},{""path"":""releases[0].tender.items[3].additionalClassifications[0].id"",""value"":""85000000"",""kind"":""cpv""},{""path"":""releases[0].tender.items[4].additionalClassifications[0].id"",""value"":""85000000"",""kind"":""cpv""},{""path"":""releases[0].tender.items[5].additionalClassifications[0].id"",""value"":""85000000"",""kind"":""cpv""}]","UKC; Primarily the North East of England, however the Participating Authorities recognise that services may need to be delivered outside of this area.","UK","delivery_nuts","[{""path"":""releases[0].tender.items[0].deliveryAddresses[0].region"",""value"":""UKC"",""kind"":""delivery_nuts""},{""path"":""releases[0].tender.items[0].deliveryLocation[0].description"",""value"":""Primarily the North East of England, however the Participating Authorities recognise that services may need to be delivered outside of this area."",""kind"":""delivery_locality""},{""path"":""releases[0].tender.items[1].deliveryAddresses[0].region"",""value"":""UKC"",""kind"":""delivery_nuts""},{""path"":""releases[0].tender.items[1].deliveryLocation[0].description"",""value"":""Primarily the North East of England, however the Participating Authorities recognise that services may need to be delivered outside of this area."",""kind"":""delivery_locality""},{""path"":""releases[0].tender.items[2].deliveryAddresses[0].region"",""value"":""UKC"",""kind"":""delivery_nuts""},{""path"":""releases[0].tender.items[2].deliveryLocation[0].description"",""value"":""Primarily the North East of England, however the Participating Authorities recognise that services may need to be delivered outside of this area."",""kind"":""delivery_locality""},{""path"":""releases[0].tender.items[3].deliveryAddresses[0].region"",""value"":""UKC"",""kind"":""delivery_nuts""},{""path"":""releases[0].tender.items[3].deliveryLocation[0].description"",""value"":""Primarily the North East of England, however the Participating Authorities recognise that services may need to be delivered outside of this area."",""kind"":""delivery_locality""},{""path"":""releases[0].tender.items[4].deliveryAddresses[0].region"",""value"":""UKC"",""kind"":""delivery_nuts""},{""path"":""releases[0].tender.items[4].deliveryLocation[0].description"",""value"":""Primarily the North East of England, however the Participating Authorities recognise that services may need to be delivered outside of this area."",""kind"":""delivery_locality""},{""path"":""releases[0].tender.items[5].deliveryAddresses[0].region"",""value"":""UKC"",""kind"":""delivery_nuts""},{""path"":""releases[0].tender.items[5].deliveryLocation[0].description"",""value"":""Primarily the North East of England, however the Participating Authorities recognise that services may need to be delivered outside of this area."",""kind"":""delivery_locality""}]","false","51","2026-07-22.v1","[""Source confidence 88% (+18)"",""Source class FTS (+7)"",""Lower urgency (+4)"",""Proximity fit 10% (+3)"",""Strong contact signal (+15)"",""Low-risk actionable contact path (+5)"",""Low/unknown value (+0)"",""Data completeness (+10)"",""Commercial project (+3)"",""Old lead 19d old (-14)""]","[{""reason"":""Source confidence 88% (+18)"",""provenance"":""source""},{""reason"":""Source class FTS (+7)"",""provenance"":""source""},{""reason"":""Lower urgency (+4)"",""provenance"":""derived""},{""reason"":""Proximity fit 10% (+3)"",""provenance"":""derived""},{""reason"":""Strong contact signal (+15)"",""provenance"":""derived""},{""reason"":""Low-risk actionable contact path (+5)"",""provenance"":""derived""},{""reason"":""Low/unknown value (+0)"",""provenance"":""derived""},{""reason"":""Data completeness (+10)"",""provenance"":""derived""},{""reason"":""Commercial project (+3)"",""provenance"":""derived""},{""reason"":""Old lead 19d old (-14)"",""provenance"":""derived""}]","WATCH","true","Synthetic label for benchmark pipeline validation"
"187","ocds-h6vhtk-06b462","055861-2026","https://atamis-1928.my.site.com/","2026-06-12T16:11:36+01:00","WorkWell Services","landscaping","[""85100000""]","[{""path"":""releases[0].tender.classification.id"",""value"":""85100000"",""kind"":""cpv""},{""path"":""releases[0].tender.items[0].additionalClassifications[0].id"",""value"":""85100000"",""kind"":""cpv""},{""path"":""releases[0].tender.items[1].additionalClassifications[0].id"",""value"":""85100000"",""kind"":""cpv""}]","UKH15; UKH16; UKH17; Across the County of Norfolk; UKH14; Across the County of Suffolk","UK","delivery_nuts","[{""path"":""releases[0].tender.items[0].deliveryAddresses[0].region"",""value"":""UKH15"",""kind"":""delivery_nuts""},{""path"":""releases[0].tender.items[0].deliveryAddresses[1].region"",""value"":""UKH16"",""kind"":""delivery_nuts""},{""path"":""releases[0].tender.items[0].deliveryAddresses[2].region"",""value"":""UKH17"",""kind"":""delivery_nuts""},{""path"":""releases[0].tender.items[0].deliveryLocation[0].description"",""value"":""Across the County of Norfolk"",""kind"":""delivery_locality""},{""path"":""releases[0].tender.items[1].deliveryAddresses[0].region"",""value"":""UKH14"",""kind"":""delivery_nuts""},{""path"":""releases[0].tender.items[1].deliveryLocation[0].description"",""value"":""Across the County of Suffolk"",""kind"":""delivery_locality""}]","false","50","2026-07-22.v1","[""Source confidence 88% (+18)"",""Source class FTS (+7)"",""Medium urgency (+12)"",""Proximity fit 10% (+3)"",""Strong contact signal (+15)"",""Low-risk actionable contact path (+5)"",""Low/unknown value (+0)"",""Data completeness (+10)"",""Commercial project (+3)"",""Very old lead 40d old (-23)""]","[{""reason"":""Source confidence 88% (+18)"",""provenance"":""source""},{""reason"":""Source class FTS (+7)"",""provenance"":""source""},{""reason"":""Medium urgency (+12)"",""provenance"":""derived""},{""reason"":""Proximity fit 10% (+3)"",""provenance"":""derived""},{""reason"":""Strong contact signal (+15)"",""provenance"":""derived""},{""reason"":""Low-risk actionable contact path (+5)"",""provenance"":""derived""},{""reason"":""Low/unknown value (+0)"",""provenance"":""derived""},{""reason"":""Data completeness (+10)"",""provenance"":""derived""},{""reason"":""Commercial project (+3)"",""provenance"":""derived""},{""reason"":""Very old lead 40d old (-23)"",""provenance"":""derived""}]","WATCH","true","Synthetic label for benchmark pipeline validation"
"188","ocds-h6vhtk-06bd82","060039-2026","https://atamis-1928.my.site.com/","2026-06-25T17:30:15+01:00","Community Endoscopy Services","building","[""85100000""]","[{""path"":""releases[0].tender.classification.id"",""value"":""85100000"",""kind"":""cpv""}]","UKH14; UKH15; UKH16; UKH17; The service is to be located within the Ipswich and East Suffolk locality.","UK","delivery_nuts","[{""path"":""releases[0].tender.items[0].deliveryAddresses[0].region"",""value"":""UKH14"",""kind"":""delivery_nuts""},{""path"":""releases[0].tender.items[0].deliveryAddresses[1].region"",""value"":""UKH15"",""kind"":""delivery_nuts""},{""path"":""releases[0].tender.items[0].deliveryAddresses[2].region"",""value"":""UKH16"",""kind"":""delivery_nuts""},{""path"":""releases[0].tender.items[0].deliveryAddresses[3].region"",""value"":""UKH17"",""kind"":""delivery_nuts""},{""path"":""releases[0].tender.items[0].deliveryLocation[0].description"",""value"":""The service is to be located within the Ipswich and East Suffolk locality."",""kind"":""delivery_locality""}]","false","44","2026-07-22.v1","[""Source confidence 88% (+18)"",""Source class FTS (+7)"",""Lower urgency (+4)"",""Proximity fit 10% (+3)"",""Strong contact signal (+15)"",""Low-risk actionable contact path (+5)"",""Low/unknown value (+0)"",""Data completeness (+10)"",""Commercial project (+3)"",""Old lead 27d old (-21)""]","[{""reason"":""Source confidence 88% (+18)"",""provenance"":""source""},{""reason"":""Source class FTS (+7)"",""provenance"":""source""},{""reason"":""Lower urgency (+4)"",""provenance"":""derived""},{""reason"":""Proximity fit 10% (+3)"",""provenance"":""derived""},{""reason"":""Strong contact signal (+15)"",""provenance"":""derived""},{""reason"":""Low-risk actionable contact path (+5)"",""provenance"":""derived""},{""reason"":""Low/unknown value (+0)"",""provenance"":""derived""},{""reason"":""Data completeness (+10)"",""provenance"":""derived""},{""reason"":""Commercial project (+3)"",""provenance"":""derived""},{""reason"":""Old lead 27d old (-21)"",""provenance"":""derived""}]","WATCH","true","Synthetic label for benchmark pipeline validation"
"189","ocds-h6vhtk-06ad3d","052690-2026","https://www.newham.gov.uk/council/procurement---buy/2","2026-06-04T11:24:28+01:00","Commissioning Homes for Children Looked After & Care Leavers PDPS - Lot 4 Rd 6","all","[""85300000""]","[{""path"":""releases[0].tender.classification.id"",""value"":""85300000"",""kind"":""cpv""}]","Inner London East","UK","delivery_nuts","[{""path"":""releases[0].tender.items[0].deliveryAddresses[0].region"",""value"":""UKI41"",""kind"":""delivery_nuts""}]","false","40","2026-07-22.v1","[""Source confidence 88% (+18)"",""Source class FTS (+7)"",""Lower urgency (+4)"",""Proximity fit 10% (+3)"",""Strong contact signal (+15)"",""Low-risk actionable contact path (+5)"",""Low/unknown value (+0)"",""Data completeness (+10)"",""Commercial project (+3)"",""Very old lead 48d old (-25)""]","[{""reason"":""Source confidence 88% (+18)"",""provenance"":""source""},{""reason"":""Source class FTS (+7)"",""provenance"":""source""},{""reason"":""Lower urgency (+4)"",""provenance"":""derived""},{""reason"":""Proximity fit 10% (+3)"",""provenance"":""derived""},{""reason"":""Strong contact signal (+15)"",""provenance"":""derived""},{""reason"":""Low-risk actionable contact path (+5)"",""provenance"":""derived""},{""reason"":""Low/unknown value (+0)"",""provenance"":""derived""},{""reason"":""Data completeness (+10)"",""provenance"":""derived""},{""reason"":""Commercial project (+3)"",""provenance"":""derived""},{""reason"":""Very old lead 48d old (-25)"",""provenance"":""derived""}]","WATCH","true","Synthetic label for benchmark pipeline validation"
"190","ocds-h6vhtk-06b5c3","056561-2026","http://www.plumptonparishcouncil.gov.uk","2026-06-16T11:46:39+01:00","Plumpton Sports Pavilion","building","[""45000000""]","[{""path"":""releases[0].tender.classification.id"",""value"":""45000000"",""kind"":""cpv""},{""path"":""releases[0].tender.items[0].additionalClassifications[0].id"",""value"":""45000000"",""kind"":""cpv""}]","UKC; UKD; UKE; UKF; UKG; UKH; UKI; UKJ; UKK; Plumpton Green, East Sussex","UK","delivery_nuts","[{""path"":""releases[0].tender.items[0].deliveryAddresses[0].region"",""value"":""UKC"",""kind"":""delivery_nuts""},{""path"":""releases[0].tender.items[0].deliveryAddresses[1].region"",""value"":""UKD"",""kind"":""delivery_nuts""},{""path"":""releases[0].tender.items[0].deliveryAddresses[2].region"",""value"":""UKE"",""kind"":""delivery_nuts""},{""path"":""releases[0].tender.items[0].deliveryAddresses[3].region"",""value"":""UKF"",""kind"":""delivery_nuts""},{""path"":""releases[0].tender.items[0].deliveryAddresses[4].region"",""value"":""UKG"",""kind"":""delivery_nuts""},{""path"":""releases[0].tender.items[0].deliveryAddresses[5].region"",""value"":""UKH"",""kind"":""delivery_nuts""},{""path"":""releases[0].tender.items[0].deliveryAddresses[6].region"",""value"":""UKI"",""kind"":""delivery_nuts""},{""path"":""releases[0].tender.items[0].deliveryAddresses[7].region"",""value"":""UKJ"",""kind"":""delivery_nuts""},{""path"":""releases[0].tender.items[0].deliveryAddresses[8].region"",""value"":""UKK"",""kind"":""delivery_nuts""},{""path"":""releases[0].tender.items[0].deliveryLocation[0].description"",""value"":""Plumpton Green, East Sussex"",""kind"":""delivery_locality""}]","false","35","2026-07-22.v1","[""Source confidence 88% (+18)"",""Source class FTS (+7)"",""Lower urgency (+4)"",""Proximity fit 10% (+3)"",""Strong contact signal (+15)"",""Low-risk actionable contact path (+5)"",""Low/unknown value (+0)"",""Ghost/spam signal: seeking quotes (-8)"",""Data completeness (+10)"",""Commercial project (+3)"",""Very old lead 36d old (-22)""]","[{""reason"":""Source confidence 88% (+18)"",""provenance"":""source""},{""reason"":""Source class FTS (+7)"",""provenance"":""source""},{""reason"":""Lower urgency (+4)"",""provenance"":""derived""},{""reason"":""Proximity fit 10% (+3)"",""provenance"":""derived""},{""reason"":""Strong contact signal (+15)"",""provenance"":""derived""},{""reason"":""Low-risk actionable contact path (+5)"",""provenance"":""derived""},{""reason"":""Low/unknown value (+0)"",""provenance"":""derived""},{""reason"":""Ghost/spam signal: seeking quotes (-8)"",""provenance"":""derived""},{""reason"":""Data completeness (+10)"",""provenance"":""derived""},{""reason"":""Commercial project (+3)"",""provenance"":""derived""},{""reason"":""Very old lead 36d old (-22)"",""provenance"":""derived""}]","WATCH","true","Synthetic label for benchmark pipeline validation"
